{"type": "FeatureCollection", "name": "glof_provincial_boundary", "crs": {"type": "name", "properties": {"name": "urn:ogc:def:crs:OGC:1.3:CRS84"}}, "features": [{"type": "Feature", "properties": {"adm1_name": "Gilgit Baltistan", "adm1_name1": null, "adm1_name2": null, "adm1_name3": null, "adm1_pcode": "PK3", "adm0_name": "Pakistan", "adm0_name1": null, "adm0_name2": null, "adm0_name3": null, "adm0_pcode": "PK", "valid_on": "2022-09-09", "valid_to": null, "area_sqkm": 69794.13762174, "cod_version": "V_01", "lang": "en", "lang1": null, "lang2": null, "lang3": null, "center_lat": 35.80109192, "center_lon": 74.84753413}, "geometry": {"type": "Polygon", "coordinates": [[[74.70589500000011, 37.07125900000017], [74.70699200000013, 37.07452000000018], [74.70624300000014, 37.076889], [74.704013, 37.079845], [74.70197, 37.082359], [74.697526, 37.083977000000175], [74.690685, 37.084107], [74.67478900000015, 37.08317600000015], [74.66795100000013, 37.08241600000014], [74.66333700000013, 37.08077400000019], [74.6590920000001, 37.078984], [74.655777, 37.076308000000154], [74.651537, 37.06941000000012], [74.646006, 37.069533], [74.64035200000012, 37.067812], [74.63567400000011, 37.066324], [74.630027, 37.062404], [74.625602, 37.061298], [74.62240600000013, 37.059823], [74.62344500000012, 37.05728000000016], [74.623881, 37.054168], [74.624127, 37.050972000000115], [74.62437300000016, 37.047285], [74.61515400000013, 37.041754], [74.61085200000014, 37.042122], [74.607267, 37.039642], [74.602248, 37.03732900000017], [74.59720800000014, 37.03609900000015], [74.594135, 37.036222], [74.588235, 37.03401000000014], [74.580122, 37.03056800000013], [74.57299300000011, 37.029708], [74.571764, 37.02958500000017], [74.567462, 37.029708], [74.56537200000014, 37.030077000000176], [74.564626, 37.03085200000015], [74.56132300000019, 37.0298140000001], [74.56076900000016, 37.029751], [74.560236, 37.029691], [74.55811, 37.030015], [74.552421, 37.02770000000015], [74.551697, 37.026926], [74.55053900000019, 37.02614], [74.549548, 37.025481], [74.548124, 37.025035], [74.546255, 37.02464700000013], [74.54547900000017, 37.024519], [74.5443200000002, 37.02451600000012], [74.543337, 37.02456100000012], [74.542124, 37.02474400000017], [74.541293, 37.024968], [74.54059000000012, 37.02523500000012], [74.540241, 37.02536700000019], [74.539389, 37.025458], [74.53910600000012, 37.025471], [74.53826, 37.025509], [74.536078, 37.025567], [74.535561, 37.02552100000014], [74.534198, 37.02379100000019], [74.53417500000012, 37.023686], [74.53406500000011, 37.023178], [74.53345000000019, 37.022423000000174], [74.5311430000001, 37.020996], [74.530207, 37.02049000000011], [74.52977400000015, 37.020256], [74.528794, 37.019919], [74.52581100000015, 37.019043], [74.52474600000016, 37.018757], [74.5233830000002, 37.018428], [74.52154700000017, 37.01805400000012], [74.51893000000013, 37.01736700000015], [74.51710500000013, 37.011151], [74.517267, 37.01066300000019], [74.51953800000018, 37.008225], [74.520535, 37.007372], [74.52148900000014, 37.00656], [74.52273000000014, 37.005917000000125], [74.523919, 37.00522400000011], [74.525449, 37.004312], [74.52615700000018, 37.00281100000012], [74.5262190000002, 37.002595], [74.526299, 37.002315000000124], [74.526327, 37.00010600000013], [74.526301, 36.999368], [74.52629600000017, 36.998784], [74.52653900000018, 36.997912000000156], [74.52674500000018, 36.99746100000016], [74.527244, 36.99689400000011], [74.530583, 36.99416500000012], [74.530988, 36.993861], [74.5320500000002, 36.993267], [74.53286100000014, 36.993019000000174], [74.53318, 36.992966], [74.53339100000011, 36.99293], [74.5340220000001, 36.992746000000125], [74.53440500000016, 36.992569], [74.53717000000012, 36.99088100000017], [74.53908300000018, 36.986815], [74.538801, 36.9857530000001], [74.537206, 36.982395], [74.536052, 36.980637], [74.53572700000012, 36.980238], [74.53552500000012, 36.979766000000154], [74.53810800000014, 36.976789], [74.539788, 36.975153], [74.54148800000019, 36.974066000000164], [74.54252900000017, 36.97360900000018], [74.543927, 36.97276300000016], [74.543524, 36.967085], [74.542785, 36.96549], [74.53893900000014, 36.96028100000018], [74.535915, 36.958307000000104], [74.534968, 36.9577230000001], [74.53405500000014, 36.95722100000012], [74.5338420000001, 36.95722200000017], [74.5332340000001, 36.95722500000011], [74.532388, 36.95748100000014], [74.53193, 36.957634000000155], [74.531432, 36.957814000000155], [74.530877, 36.958049], [74.53068600000012, 36.95820700000013], [74.530335, 36.958498], [74.529457, 36.959116], [74.52868100000012, 36.9593660000001], [74.52623, 36.95963400000011], [74.52544200000017, 36.959543], [74.524689, 36.959445], [74.5220920000001, 36.95944100000014], [74.508881, 36.96468800000014], [74.508407, 36.964914000000135], [74.506271, 36.966017000000136], [74.50250400000016, 36.972423000000106], [74.499437, 36.97834500000016], [74.498052, 36.98175700000019], [74.494194, 36.986433], [74.49316100000016, 36.98711500000013], [74.49148400000013, 36.988002000000165], [74.49071100000015, 36.988181], [74.48946400000017, 36.987893], [74.48893800000019, 36.98775400000011], [74.4877, 36.98702500000019], [74.486708, 36.98679900000013], [74.48641, 36.986736], [74.48607600000014, 36.98666600000013], [74.485714, 36.98665], [74.48529500000018, 36.98666800000012], [74.48525500000011, 36.98667000000012], [74.48511600000012, 36.9867], [74.484514, 36.98683], [74.477536, 36.988561], [74.47358900000012, 36.989683000000184], [74.47138700000016, 36.990636000000165], [74.468155, 36.993786], [74.467657, 36.99428600000016], [74.4615730000001, 36.998857], [74.45642, 37.00259000000017], [74.448957, 37.001871000000165], [74.447731, 37.00182100000012], [74.44650200000012, 37.001886000000184], [74.44597, 37.001983], [74.445499, 37.002127], [74.433632, 37.005772], [74.431378, 37.00652], [74.43031000000013, 37.00687900000014], [74.42954600000019, 37.00727400000011], [74.42941100000019, 37.007344], [74.42879000000016, 37.00785200000013], [74.428194, 37.009088], [74.42716700000017, 37.01066500000019], [74.426558, 37.01115], [74.42352400000016, 37.009802], [74.41932900000018, 37.00732200000016], [74.41790300000014, 37.005987], [74.416919, 37.003723], [74.416807, 37.002999], [74.416897, 37.001668], [74.417007, 37.001357], [74.41714700000011, 37.00096300000018], [74.4174980000002, 37.00009500000016], [74.41419800000017, 36.993564000000106], [74.4148110000001, 36.99282], [74.416887, 36.991785], [74.41722700000014, 36.991637], [74.41815800000012, 36.99105200000014], [74.41869700000012, 36.990686], [74.4191400000002, 36.990356], [74.419512, 36.990026000000114], [74.420848, 36.988805000000184], [74.42092800000012, 36.988535], [74.420826, 36.988254], [74.42073700000014, 36.98806800000011], [74.420629, 36.98784300000017], [74.4199890000001, 36.987079], [74.41936800000019, 36.986254000000145], [74.41835600000013, 36.984659000000136], [74.41778700000015, 36.98355], [74.41765900000019, 36.98326100000014], [74.417677, 36.9816550000001], [74.41782200000017, 36.981278], [74.418112, 36.981055], [74.418282, 36.98092500000013], [74.41872300000011, 36.980289], [74.417627, 36.978907000000106], [74.41511000000014, 36.975791], [74.413732, 36.975273000000186], [74.407605, 36.9743830000001], [74.40239800000012, 36.97411], [74.40172600000011, 36.97421400000013], [74.400637, 36.974228], [74.39904200000012, 36.974175000000116], [74.399009, 36.97416900000013], [74.39805100000018, 36.973986], [74.39564200000018, 36.973521000000176], [74.3953110000001, 36.973441], [74.39465600000011, 36.97176700000017], [74.39442500000018, 36.970935], [74.39431900000011, 36.97050800000011], [74.394213, 36.96991400000013], [74.394155, 36.969446000000175], [74.394237, 36.96922700000016], [74.39443, 36.968726], [74.39426, 36.968412], [74.388036, 36.96404900000016], [74.387375, 36.96385100000015], [74.3847740000001, 36.9635090000001], [74.38293900000019, 36.963338000000135], [74.381707, 36.963285], [74.380075, 36.96322700000019], [74.37778800000012, 36.963377], [74.376451, 36.96356400000019], [74.37279600000011, 36.964265000000125], [74.36771300000015, 36.963369], [74.366655, 36.96298200000018], [74.362188, 36.961993], [74.35484000000014, 36.961799000000156], [74.350169, 36.962302], [74.349341, 36.962186], [74.348703, 36.961900000000185], [74.34602900000016, 36.960481000000186], [74.34593500000017, 36.960314], [74.34586400000018, 36.960186000000135], [74.345831, 36.959998], [74.345745, 36.95949900000011], [74.34553, 36.958983], [74.34501300000011, 36.95789], [74.343366, 36.956577], [74.3427490000002, 36.956154], [74.34169700000018, 36.955657], [74.339214, 36.954286], [74.334617, 36.951246], [74.33319900000015, 36.949884], [74.333638, 36.948789], [74.33364600000016, 36.948583], [74.33365400000014, 36.94837600000011], [74.33305500000012, 36.945450000000164], [74.332929, 36.945165], [74.33269500000017, 36.945003], [74.327129, 36.942351], [74.320228, 36.94018100000011], [74.31786800000015, 36.939229], [74.3159130000002, 36.93830500000013], [74.316345, 36.93444100000016], [74.31456800000012, 36.928458], [74.3138860000002, 36.92668], [74.309859, 36.91941700000018], [74.30969900000014, 36.919273000000146], [74.30929100000014, 36.91890600000016], [74.307893, 36.91890600000016], [74.30743400000011, 36.91904100000016], [74.30661200000014, 36.91885200000013], [74.30206, 36.917552], [74.30155800000017, 36.91740700000014], [74.30089, 36.917132], [74.30054400000012, 36.91695200000015], [74.29945000000015, 36.916294], [74.296913, 36.91453500000017], [74.2961130000001, 36.913528000000156], [74.2919480000001, 36.913022], [74.289438, 36.913494000000185], [74.28911900000014, 36.913539000000185], [74.287791, 36.91366100000016], [74.28745300000014, 36.913678000000175], [74.286777, 36.91354500000017], [74.281314, 36.9119060000001], [74.2809840000001, 36.91178600000012], [74.28086600000012, 36.91167700000017], [74.28066600000011, 36.91149200000012], [74.27492100000012, 36.911781], [74.271082, 36.912451], [74.27078000000017, 36.912301], [74.27014900000017, 36.911693], [74.269124, 36.910004], [74.268855, 36.909547000000146], [74.267977, 36.90770300000014], [74.26789200000013, 36.907509], [74.267816, 36.907335], [74.26764100000014, 36.9068180000001], [74.266736, 36.905362], [74.265944, 36.904469], [74.26563400000015, 36.90425], [74.2632650000001, 36.903006000000175], [74.25709300000011, 36.899965], [74.25540800000016, 36.89960700000012], [74.25032000000016, 36.899065], [74.24948200000011, 36.89903200000015], [74.244085, 36.896733], [74.24346500000013, 36.8960340000001], [74.243376, 36.895954], [74.243103, 36.89570900000018], [74.24113, 36.894956], [74.24058200000019, 36.894819], [74.239721, 36.894784], [74.23721100000017, 36.894872], [74.236757, 36.89507], [74.236396, 36.895392], [74.23602600000015, 36.895594], [74.23448800000011, 36.89594000000011], [74.22941800000018, 36.89670000000012], [74.228927, 36.896764], [74.228466, 36.89642600000019], [74.228356, 36.896305000000154], [74.228262, 36.896201], [74.228139, 36.896182], [74.22784200000018, 36.896137], [74.22692100000017, 36.896235], [74.223867, 36.89674800000017], [74.223558, 36.896831000000134], [74.22273200000012, 36.898077], [74.22266600000017, 36.8983080000001], [74.222598, 36.898546000000124], [74.22253400000011, 36.898773], [74.22242100000017, 36.89956200000012], [74.22242100000017, 36.90020200000015], [74.221726, 36.90170700000016], [74.221469, 36.901978], [74.21778800000016, 36.905565], [74.21734800000019, 36.905898], [74.21676000000019, 36.906342000000166], [74.21422000000018, 36.90734500000019], [74.21379100000019, 36.907378], [74.21131300000013, 36.906128], [74.209506, 36.905203], [74.20892300000014, 36.904893000000186], [74.20737500000013, 36.90435000000019], [74.206177, 36.90417200000019], [74.20541900000012, 36.90415400000012], [74.203894, 36.904308], [74.2035650000002, 36.90589100000011], [74.20357800000016, 36.906191], [74.20348700000011, 36.906843], [74.20298500000013, 36.90793100000019], [74.202773, 36.908338], [74.202372, 36.909057], [74.202185, 36.909388], [74.20186900000016, 36.909908000000144], [74.201687, 36.910102], [74.2005250000002, 36.910892], [74.200217, 36.911089000000175], [74.20007400000014, 36.91118], [74.199682, 36.911341], [74.19917900000019, 36.911485], [74.198641, 36.911416], [74.196238, 36.91109], [74.19485, 36.91072], [74.19292500000017, 36.91020600000013], [74.19138700000013, 36.90975800000018], [74.191158, 36.90969700000011], [74.190933, 36.90969300000012], [74.185087, 36.91218600000013], [74.184276, 36.91254000000015], [74.183439, 36.913264], [74.18200900000011, 36.91492], [74.181032, 36.9161830000001], [74.17986300000018, 36.9165], [74.17776700000013, 36.91660000000013], [74.176549, 36.91655900000012], [74.17592700000012, 36.91651800000011], [74.17230600000016, 36.912083000000166], [74.1722, 36.911841], [74.17214200000012, 36.911708], [74.17203500000011, 36.91114900000014], [74.17205400000012, 36.910536], [74.172118, 36.91025400000018], [74.172159, 36.910134], [74.172255, 36.909856000000104], [74.17232100000018, 36.909793], [74.1724050000002, 36.90971300000018], [74.172584, 36.909636], [74.17293300000017, 36.908766000000185], [74.173127, 36.908059], [74.173524, 36.90621300000015], [74.173529, 36.905974], [74.17322000000013, 36.905240000000106], [74.172279, 36.903716000000145], [74.172109, 36.903449], [74.17202900000018, 36.903324], [74.171942, 36.903281], [74.17183800000015, 36.90323100000012], [74.169492, 36.90234200000015], [74.164767, 36.901000000000124], [74.157177, 36.898979], [74.155378, 36.898655], [74.153365, 36.898165000000176], [74.153255, 36.897412], [74.1527190000001, 36.893657], [74.15336600000018, 36.89262600000018], [74.153798, 36.892438], [74.154861, 36.89184600000016], [74.15772600000014, 36.889702], [74.15796900000015, 36.889446000000135], [74.159662, 36.887329000000136], [74.15995900000013, 36.885924], [74.159166, 36.884655], [74.15893700000015, 36.884333], [74.15885400000019, 36.884217], [74.15865200000019, 36.88393500000018], [74.156215, 36.882903], [74.15534100000013, 36.88273], [74.155243, 36.882733], [74.1549260000001, 36.88274300000012], [74.15462600000012, 36.882835000000114], [74.154537, 36.882914], [74.1544300000001, 36.88300900000013], [74.15423300000015, 36.88326300000017], [74.15380400000015, 36.88356100000016], [74.15120600000017, 36.88467800000018], [74.142939, 36.87947800000018], [74.14226800000012, 36.878737000000115], [74.13011200000011, 36.864323000000184], [74.13004400000017, 36.86413], [74.129893, 36.86370000000011], [74.12915100000015, 36.861358000000166], [74.12896000000018, 36.860667], [74.129135, 36.85928400000017], [74.13106400000015, 36.856255], [74.1316310000002, 36.855951], [74.132366, 36.85558], [74.1330190000001, 36.85531900000018], [74.13345500000014, 36.85514400000011], [74.1349340000001, 36.853598], [74.133543, 36.850424], [74.1329, 36.849865], [74.131606, 36.849225000000104], [74.13032900000013, 36.84923200000014], [74.128068, 36.84977700000013], [74.12689000000012, 36.850084], [74.12611100000015, 36.849875], [74.12417000000016, 36.848915], [74.124216, 36.848619], [74.1242620000001, 36.848323], [74.124761, 36.847606], [74.125339, 36.8465], [74.125238, 36.845738], [74.12521100000015, 36.845535000000154], [74.124733, 36.844396], [74.12339300000014, 36.841575], [74.12268000000012, 36.840341], [74.12079, 36.83822], [74.120223, 36.838060000000155], [74.119982, 36.837992], [74.116895, 36.837889], [74.1094480000001, 36.837941000000114], [74.10872, 36.83807300000018], [74.108614, 36.83809600000012], [74.108348, 36.838154000000145], [74.10725300000018, 36.838466], [74.1065960000002, 36.838687000000164], [74.10636600000015, 36.838859000000184], [74.106021, 36.839118000000155], [74.10559, 36.83948600000019], [74.10527700000011, 36.83978100000013], [74.10506, 36.840336], [74.104907, 36.84070300000019], [74.10466, 36.84115], [74.097407, 36.84223400000019], [74.0966120000001, 36.8422910000001], [74.09639, 36.842271], [74.095875, 36.8422240000001], [74.093148, 36.84015900000014], [74.09203100000013, 36.83930700000013], [74.09188200000011, 36.838518], [74.087952, 36.838192000000106], [74.08029400000015, 36.837842], [74.07972300000017, 36.83787100000018], [74.07888300000013, 36.837936], [74.074968, 36.839278], [74.06918800000017, 36.84090900000018], [74.067302, 36.841127], [74.065299, 36.84109100000012], [74.06438300000013, 36.84063], [74.06294900000017, 36.839886], [74.062666, 36.83928400000019], [74.061971, 36.838281000000165], [74.05914200000012, 36.83501500000011], [74.054794, 36.83069600000016], [74.049295, 36.82707600000015], [74.04811400000017, 36.82641100000018], [74.0477663910001, 36.82635574600005], [74.04712000000018, 36.826253], [74.04598000000016, 36.82623500000017], [74.03950700000019, 36.826373], [74.035946, 36.827236], [74.034566, 36.82777600000014], [74.02832400000017, 36.827658000000156], [74.02782700000012, 36.827564], [74.02700300000015, 36.82740900000016], [74.016605, 36.83194300000014], [74.00956800000012, 36.83506000000011], [74.00866700000017, 36.83573900000016], [74.007189, 36.836762], [74.006516, 36.837174], [74.00577, 36.837159], [74.00518000000017, 36.837141000000145], [74.004765, 36.83712800000018], [74.00338500000015, 36.83682700000014], [74.002961, 36.836553], [74.00242800000018, 36.836159], [74.00232000000011, 36.836079], [74.0010850000001, 36.83441400000015], [74.00060900000011, 36.83370800000017], [74.00053800000012, 36.833602], [74.000486, 36.833499], [74.00019, 36.832915], [73.996653, 36.830935], [73.995058, 36.83018700000014], [73.99436, 36.830229], [73.98734600000017, 36.831453], [73.98473500000017, 36.832906], [73.98293600000017, 36.83413500000012], [73.982368, 36.83462900000018], [73.98211800000013, 36.834846], [73.981357, 36.83536500000014], [73.980882, 36.835631], [73.97795900000011, 36.836432000000116], [73.976896, 36.836540000000184], [73.976743, 36.836511], [73.97545800000012, 36.83626900000013], [73.974051, 36.836216], [73.971846, 36.83664700000014], [73.9679530000002, 36.83891400000016], [73.96728, 36.840570000000184], [73.966919, 36.842372], [73.965622, 36.842319000000145], [73.96385200000014, 36.842184000000145], [73.961474, 36.842024], [73.96059300000013, 36.842099], [73.9574300000001, 36.842518], [73.9567, 36.843254], [73.956304, 36.844113], [73.956579, 36.845236], [73.95680800000014, 36.84608500000019], [73.9548, 36.85028200000016], [73.954079, 36.85247200000015], [73.954761, 36.853685000000155], [73.9555010000002, 36.8537960000001], [73.957412, 36.855721], [73.957771, 36.856244000000174], [73.957698, 36.856681], [73.955727, 36.85919400000017], [73.954164, 36.859774000000186], [73.953314, 36.86006600000019], [73.951313, 36.86044100000015], [73.949984, 36.860576], [73.948445, 36.864285], [73.94827800000013, 36.86467900000014], [73.94717300000019, 36.86594600000018], [73.94627100000014, 36.86685400000016], [73.94526000000013, 36.86675], [73.94456200000013, 36.866793], [73.94082500000019, 36.86792100000014], [73.935941, 36.871172], [73.935065, 36.87207500000011], [73.93319800000012, 36.873861], [73.9326260000002, 36.87438300000014], [73.93223400000011, 36.87474], [73.931087, 36.875044000000116], [73.923731, 36.87297300000017], [73.91906300000011, 36.871355], [73.91736500000013, 36.870625], [73.91694600000011, 36.870323], [73.91675600000019, 36.870187], [73.9146510000001, 36.869367], [73.91292100000015, 36.869128], [73.9119360000002, 36.87033400000013], [73.911675, 36.870886000000155], [73.911288, 36.87208600000014], [73.910694, 36.87302000000017], [73.909313, 36.87407400000012], [73.90295, 36.876194], [73.9007390000001, 36.876527], [73.90038, 36.876486], [73.89935900000012, 36.876546], [73.89751900000016, 36.876812], [73.896612, 36.876993], [73.89266700000013, 36.8781570000001], [73.89217700000012, 36.87877], [73.89204600000011, 36.879803], [73.89813700000013, 36.883902], [73.90284400000019, 36.88583300000016], [73.90350400000011, 36.88621700000016], [73.90404300000012, 36.886531], [73.904886, 36.88712900000013], [73.90527, 36.890376000000174], [73.905066, 36.891746], [73.904461, 36.892642], [73.904393, 36.893806000000154], [73.90504800000014, 36.89553000000012], [73.9056780000002, 36.89644900000013], [73.905895, 36.896741000000134], [73.906662, 36.89777], [73.90691600000014, 36.897925], [73.907381, 36.89820900000012], [73.90761, 36.898855], [73.90754800000019, 36.899306], [73.90749, 36.899726], [73.90742900000015, 36.90000600000013], [73.90738000000016, 36.90023000000019], [73.907108, 36.900486], [73.90677000000011, 36.900804], [73.90525300000019, 36.90165900000011], [73.90314200000017, 36.90274], [73.90162000000015, 36.903374], [73.89846100000011, 36.905127000000164], [73.89744000000019, 36.90579300000019], [73.892696, 36.909375000000125], [73.89179500000012, 36.91016800000017], [73.89139000000017, 36.91074], [73.891108, 36.911214], [73.89076500000016, 36.911833], [73.89046500000018, 36.912521], [73.88121, 36.913589], [73.87386700000019, 36.914334], [73.87164100000018, 36.91444900000016], [73.8664560000002, 36.91499000000016], [73.865276, 36.915173], [73.85288700000012, 36.917626000000155], [73.85256800000019, 36.917719], [73.8502610000001, 36.918668], [73.84858500000018, 36.919965], [73.848015, 36.92049200000014], [73.84785300000016, 36.9206420000001], [73.847996, 36.92137900000017], [73.848057, 36.921529000000135], [73.848133, 36.921717], [73.84796000000017, 36.9239740000001], [73.84361900000016, 36.9259770000001], [73.84125300000017, 36.92594500000013], [73.8400630000001, 36.925807], [73.835923, 36.92528200000015], [73.833804, 36.924313], [73.832424, 36.923351], [73.83220800000015, 36.92284500000011], [73.83210700000012, 36.922606], [73.831675, 36.921043], [73.8314840000001, 36.920124], [73.831082, 36.919147], [73.82944500000013, 36.91720100000015], [73.828313, 36.915873], [73.82752600000015, 36.915208], [73.82695500000017, 36.914716], [73.82641300000012, 36.914143], [73.82578400000011, 36.912957000000176], [73.82530200000019, 36.90649200000013], [73.82510200000013, 36.903652000000136], [73.825552, 36.903308], [73.826483, 36.902824], [73.826797, 36.902648], [73.827018, 36.902523], [73.827843, 36.901639], [73.828265, 36.90109], [73.827306, 36.89929400000017], [73.82702800000015, 36.899108], [73.826354, 36.898658000000125], [73.825318, 36.898075], [73.82429100000019, 36.897528], [73.82384200000018, 36.897427], [73.82337800000016, 36.89732300000014], [73.82289300000019, 36.8971590000001], [73.82260300000013, 36.897044000000164], [73.82229100000012, 36.89692000000019], [73.820502, 36.89618100000018], [73.81974600000018, 36.89564200000018], [73.81965500000013, 36.895574], [73.81933800000019, 36.895336], [73.817904, 36.89409200000017], [73.81722300000018, 36.89347800000019], [73.81655500000016, 36.892811], [73.81393600000018, 36.891153], [73.813643, 36.891276], [73.8103510000002, 36.891732000000104], [73.80926200000016, 36.89167900000018], [73.80592100000013, 36.891441], [73.80342100000018, 36.89124900000013], [73.799374, 36.89650900000015], [73.79924000000011, 36.896729], [73.79533700000013, 36.899634], [73.79408, 36.900018], [73.79004500000013, 36.9009], [73.78950200000014, 36.900802], [73.7871530000001, 36.90005400000018], [73.78498900000011, 36.898927000000185], [73.78426800000017, 36.898486000000105], [73.78395400000011, 36.89841], [73.783043, 36.89821000000018], [73.781824, 36.897976], [73.7800830000001, 36.89766900000018], [73.777321, 36.89766700000018], [73.77597800000012, 36.897781], [73.7752060000002, 36.898049000000185], [73.773871, 36.898752000000115], [73.773042, 36.899774], [73.7730130000001, 36.901143], [73.772119, 36.903398], [73.771285, 36.905418], [73.770612, 36.90559700000017], [73.7688270000001, 36.905738], [73.768193, 36.905605], [73.767499, 36.905401], [73.766881, 36.905173], [73.766338, 36.904973], [73.76565200000016, 36.90485000000018], [73.76051000000012, 36.904999], [73.759886, 36.90505800000011], [73.758403, 36.90520700000019], [73.758203, 36.905232000000126], [73.757982, 36.90526000000017], [73.7575900000001, 36.90559], [73.75756400000012, 36.905866], [73.757924, 36.90626500000019], [73.75801, 36.906504], [73.758053, 36.906909000000155], [73.75748300000015, 36.907776000000126], [73.755852, 36.910118000000125], [73.754186, 36.91156500000011], [73.753143, 36.91211700000014], [73.75286000000011, 36.91215600000015], [73.7521, 36.91205100000019], [73.75180900000015, 36.91185100000013], [73.75168400000013, 36.911765000000116], [73.751266, 36.911423], [73.74977800000016, 36.910547], [73.747671, 36.90937], [73.7451870000001, 36.90807500000017], [73.73660200000012, 36.903633000000184], [73.735714, 36.903268], [73.73486800000018, 36.903018], [73.73437600000017, 36.903195], [73.72505200000018, 36.90417200000019], [73.71757200000013, 36.904815], [73.717172, 36.904827], [73.716798, 36.904844], [73.7164570000001, 36.904861], [73.71617000000015, 36.90487600000017], [73.715815, 36.90496400000018], [73.71429300000011, 36.90559900000011], [73.70302, 36.910763], [73.702938, 36.91081800000012], [73.7025000000001, 36.91111400000011], [73.70113500000014, 36.912436], [73.69984700000015, 36.913752], [73.69158, 36.91579700000017], [73.69013000000012, 36.91566800000015], [73.6887740000002, 36.915336], [73.68839400000019, 36.9150130000001], [73.687329, 36.91466200000019], [73.686623, 36.914482], [73.68148000000014, 36.913775], [73.672299, 36.911795000000154], [73.66068700000011, 36.911053], [73.65882200000016, 36.910972], [73.65854900000011, 36.910907], [73.65785800000015, 36.910742], [73.65734, 36.91057500000011], [73.65705900000012, 36.910484], [73.64708100000018, 36.90570700000018], [73.64686600000016, 36.905255], [73.6461440000001, 36.903970000000186], [73.64512900000017, 36.90382400000016], [73.64403000000016, 36.90372900000011], [73.64236000000017, 36.903601], [73.63925451800009, 36.90346065900002], [73.63943297500003, 36.90337127800018], [73.63956809400008, 36.90328467600011], [73.64729635100014, 36.898331377000034], [73.6551586920001, 36.89329095100004], [73.66302, 36.88825000000014], [73.66367715000007, 36.88742856300013], [73.66857961700003, 36.8813012010001], [73.66859232600012, 36.881263021000166], [73.66997, 36.87713], [73.67049162400008, 36.87625777500011], [73.67241510000008, 36.87305418700004], [73.67663459700003, 36.866026527000145], [73.67759920800017, 36.865016377000074], [73.68274, 36.85964000000013], [73.6849697040002, 36.85574051700013], [73.68794168600004, 36.85342071300005], [73.69173846000018, 36.85045711100014], [73.69635000000017, 36.84686000000016], [73.70251916900014, 36.844196314000044], [73.7066144210001, 36.84243012400009], [73.71052564500002, 36.840743302000135], [73.71895768500013, 36.838561029000175], [73.73413249000009, 36.834633680000024], [73.7377543240001, 36.83390931300005], [73.74107000000015, 36.83325], [73.74515475900017, 36.83325], [73.74691816700005, 36.8332519760001], [73.77468977000007, 36.83020043900012], [73.78080609000006, 36.82881205900014], [73.78080795100016, 36.828810465], [73.78081, 36.82881], [73.78197000000011, 36.82782], [73.7847, 36.82548], [73.78502524400011, 36.82487849500012], [73.78636222600005, 36.82241771100007], [73.78830054100013, 36.81825295200019], [73.79054335500007, 36.80908197100018], [73.7974846190001, 36.80325392900005], [73.8083800930001, 36.802950781], [73.81749, 36.80270000000013], [73.82388000100019, 36.80131000400007], [73.82388434000012, 36.80130906600016], [73.82644799800016, 36.80006660700013], [73.83305000000018, 36.79687], [73.83749410700005, 36.79344934300008], [73.8395207980002, 36.79189049100006], [73.84027161600011, 36.79131299100004], [73.84671519300008, 36.78224554700017], [73.84957000000014, 36.77823000000018], [73.85355612900014, 36.77384724100017], [73.85359103400015, 36.773812335000116], [73.85497923700012, 36.76936288100006], [73.85608044600002, 36.76726357200016], [73.85804023200018, 36.763530042000184], [73.8611, 36.7577], [73.8627, 36.74992], [73.86303702000009, 36.74826463699998], [73.86304000000018, 36.74825], [73.86303702000009, 36.74816872700006], [73.86249000000015, 36.73325000000017], [73.86081, 36.72768], [73.86005499900017, 36.725964835000184], [73.85804944300014, 36.72140528800014], [73.854704206, 36.71380002900014], [73.84792116100004, 36.70782647100009], [73.84791035500001, 36.70782156000013], [73.84776000000011, 36.70769], [73.84616, 36.70702], [73.84305000000012, 36.70574], [73.83083000000016, 36.70547], [73.83077055900014, 36.70548251400004], [73.83076475500019, 36.70548239100009], [73.830729636, 36.70549112900011], [73.83064, 36.705510000000174], [73.825845308, 36.70670644100011], [73.82527259300014, 36.70684894300018], [73.82527048700013, 36.706849878000185], [73.82527, 36.70685], [73.8248372320001, 36.70704234100003], [73.81599934399998, 36.710968365000156], [73.81526342100011, 36.71129528100005], [73.8125922050001, 36.712208464000184], [73.80783236100007, 36.71383566700007], [73.7941400000002, 36.71851], [73.78775510300011, 36.71976017100019], [73.78137099899999, 36.72100980400012], [73.77933739800005, 36.721051875000114], [73.7745650120001, 36.721150195000064], [73.76776000000012, 36.72129000000018], [73.75665000000015, 36.7196100000001], [73.74969476200005, 36.71697520400005], [73.74274000000014, 36.71434000000016], [73.73663000000016, 36.713230000000124], [73.72672730800002, 36.71573082500004], [73.72424037000013, 36.716358628000194], [73.70692404600004, 36.72072492200016], [73.70266466100014, 36.72031449400009], [73.70144646900002, 36.72019711100006], [73.70108, 36.720160000000135], [73.6910702180001, 36.71711006600003], [73.68820469100007, 36.7152281060001], [73.68302907300011, 36.71182897300014], [73.67941437700017, 36.70794579400007], [73.67599125200019, 36.70647750600011], [73.675521376, 36.70627596200012], [73.67247531200007, 36.705019460000074], [73.67081000000013, 36.70433], [73.66749, 36.7038], [73.66025000000019, 36.70265000000012], [73.63386000000014, 36.70377], [73.60748682200011, 36.70576303300004], [73.60314494800019, 36.706090362000054], [73.58609039500016, 36.70737608600018], [73.58209066200004, 36.7108949470001], [73.57914585700001, 36.71348570800018], [73.56858711900003, 36.727370858000086], [73.56302000000011, 36.72903], [73.55880522900014, 36.72893986300011], [73.55180975800016, 36.72878253500011], [73.550798956, 36.728759785000136], [73.55006814700005, 36.72860901900009], [73.52386458500018, 36.72319692900015], [73.504425772, 36.72402857100019], [73.50185137000017, 36.72432998200003], [73.49592, 36.72502], [73.48303, 36.72653000000014], [73.45776000000012, 36.73096], [73.44910549300005, 36.735355316000096], [73.43858000000017, 36.740700000000174], [73.43387000000018, 36.74236000000019], [73.43163000000015, 36.74366000000015], [73.426821706, 36.74646043500013], [73.42526262400014, 36.74736693300014], [73.42027845700017, 36.74880982100018], [73.4127700000002, 36.75098], [73.40721, 36.75153], [73.39963317900009, 36.75074381600007], [73.39205651200018, 36.74995714900007], [73.38448000000017, 36.74917], [73.38445147300018, 36.74916907900007], [73.3777608060002, 36.74847360600012], [73.3748793380002, 36.74885593200014], [73.3723308500002, 36.74919407700014], [73.37137, 36.74932000000018], [73.35553, 36.74626000000012], [73.35389485000013, 36.74571603900017], [73.34551994500004, 36.74292714400008], [73.33415102700013, 36.73524906799997], [73.33359000000019, 36.73487], [73.33358940800014, 36.73486977500016], [73.33358883000011, 36.734869384000035], [73.33358767700008, 36.734869115000095], [73.32414291000015, 36.731271108000044], [73.32414281700005, 36.73127105900011], [73.32414276500003, 36.731271053000114], [73.32414, 36.73127000000011], [73.31443026800014, 36.728775208000116], [73.31440867700019, 36.728766311000186], [73.30384944300016, 36.726546416000076], [73.28513637300006, 36.72060706800016], [73.27413952500007, 36.717116775000136], [73.26938011300007, 36.71661516300003], [73.26886000000013, 36.71656000000013], [73.26857117300011, 36.716488490000074], [73.2657531320001, 36.71578592600008], [73.24774307700005, 36.71129528100005], [73.23593329000016, 36.71017201300015], [73.23026, 36.709630000000175], [73.22070054400012, 36.710332269000105], [73.21653750000007, 36.71063736800005], [73.20358419799999, 36.71158668300018], [73.20004687900018, 36.712346522000075], [73.19919, 36.71253000000013], [73.19191, 36.71409], [73.17282, 36.72062000000017], [73.17238948600016, 36.72076803600015], [73.16996818200005, 36.7215958540001], [73.16527758800004, 36.72210567500008], [73.16076878900014, 36.72259573700012], [73.15720000000016, 36.72298], [73.1495597940002, 36.72090524600014], [73.1494138110001, 36.72086559200005], [73.14192154700015, 36.71882589700016], [73.11968985800019, 36.70272674900019], [73.1152500680002, 36.70022527500015], [73.10872480300003, 36.69773730600008], [73.1058000000001, 36.69662], [73.09498657100005, 36.69494161800003], [73.08441055700018, 36.69329710800008], [73.07927773000011, 36.69283978000004], [73.07192, 36.69218000000018], [73.06730587600009, 36.692400847000044], [73.06607187000009, 36.69245891800017], [73.06127452200019, 36.691152187000114], [73.05996552200008, 36.69079563400004], [73.05274967000003, 36.685799540000176], [73.05264503100017, 36.68565349700009], [73.04997263500007, 36.6819156790001], [73.04747124700003, 36.67108179000013], [73.04772066400017, 36.669059570000115], [73.04778653099999, 36.668525531000114], [73.04802, 36.66665], [73.05127604700004, 36.653109135000136], [73.05135953100006, 36.652762197000015], [73.0514645720001, 36.65256097600019], [73.05198000000013, 36.65158], [73.054720186, 36.64634003400005], [73.05532621900016, 36.645180966000055], [73.05746404800004, 36.641096840000046], [73.05885230000013, 36.636932082000044], [73.06615016600017, 36.625014890000045], [73.07025000100003, 36.61831998800017], [73.0702529990001, 36.618315088000145], [73.07196124000012, 36.61029360800006], [73.07303000000013, 36.60528], [73.07302930300011, 36.60527824600007], [73.07302950400009, 36.605277300000125], [73.07282090500013, 36.60475395200018], [73.0708200000002, 36.59972], [73.06455949600019, 36.59347516800011], [73.05897105500009, 36.58789951900019], [73.05830223800012, 36.58722674], [73.05635082600014, 36.582786950000184], [73.05632656100016, 36.58275383300003], [73.0529800000001, 36.5775900000001], [73.05025000000018, 36.568900000000156], [73.04747058200007, 36.564740871000026], [73.04274005600018, 36.55002549500011], [73.04249169900015, 36.549502081000185], [73.03830000000016, 36.54059], [73.0382224830002, 36.540504676000126], [73.03822135500013, 36.54050229800009], [73.03552376100004, 36.53752794600018], [73.02445172600011, 36.52875509000012], [73.02081286499998, 36.525871862000145], [73.02081059000011, 36.52587046700012], [73.02081, 36.52587000000017], [73.00859, 36.51838], [73.00277704100006, 36.515480264000075], [72.99134999900014, 36.50978000200007], [72.991349974, 36.50977999200006], [72.99134851000008, 36.509779262], [72.97966206000018, 36.50633019700018], [72.9716346670001, 36.503961042000185], [72.96928396200019, 36.50221753500006], [72.96566542800008, 36.49953368400014], [72.96414364200012, 36.498402706000036], [72.96553159300015, 36.48896856700003], [72.96544506900005, 36.48573318400014], [72.96526000000011, 36.47868000000011], [72.96303000000017, 36.473680000000115], [72.95970000000017, 36.47119000000015], [72.95497000000012, 36.46925], [72.94636008300017, 36.469623955000145], [72.939291916, 36.469930434], [72.92913907100012, 36.47036794500008], [72.91695952300012, 36.46882784500019], [72.91543097599998, 36.46863456100016], [72.91164, 36.46815000000015], [72.91122895500007, 36.46805865700014], [72.91119235500003, 36.46805001500013], [72.90991004400007, 36.46774724700009], [72.90692000000013, 36.46704000000011], [72.89887464100013, 36.46356527200004], [72.89083, 36.46009], [72.89082944500007, 36.46008982500018], [72.88830643300003, 36.45899990700002], [72.88386697000016, 36.45788676700016], [72.8752427770001, 36.45289691500011], [72.87220922500006, 36.44986498700007], [72.87108932300015, 36.44874568400007], [72.86913, 36.44678000000016], [72.86730060100018, 36.4431212020001], [72.8669132610001, 36.44234423000012], [72.86386172400012, 36.432066576000125], [72.86297295100007, 36.42343594900018], [72.86163200700014, 36.41041441600004], [72.85580396500018, 36.383765857000014], [72.85330249000009, 36.37876290900016], [72.85269881900012, 36.378025703000105], [72.85080101600005, 36.375708098000075], [72.84663298400017, 36.3726565610001], [72.83802843600017, 36.36821677200004], [72.8288574550001, 36.36461517200013], [72.80838767600011, 36.354527525000094], [72.80765838500008, 36.354168126000104], [72.80746267700005, 36.354071324000074], [72.80655487000018, 36.35337152200009], [72.80254497100015, 36.35028040600014], [72.80025, 36.34851], [72.794274724, 36.344900150000115], [72.7883, 36.341290000000186], [72.78079946800005, 36.33574523800007], [72.77704585999999, 36.33296975500019], [72.77330115100006, 36.330200256000126], [72.77266676000005, 36.329842757999984], [72.76231, 36.324000000000126], [72.75998, 36.32269], [72.75470000000013, 36.32214], [72.74635, 36.31853000000012], [72.74121197900013, 36.31679564700005], [72.73924472000016, 36.31613052900008], [72.7378356320001, 36.315654125000094], [72.73293982799999, 36.3139951660001], [72.72664000000015, 36.31186], [72.72247002700016, 36.3101189730001], [72.72172635400017, 36.309806845000026], [72.71803297600013, 36.30825669500018], [72.70913702600018, 36.30326029400004], [72.70294847100018, 36.295907962000115], [72.70274, 36.29566], [72.70026, 36.29271], [72.69992469400017, 36.2920509490001], [72.69968053400004, 36.291566720000105], [72.69830276100004, 36.28883425300006], [72.69709256000016, 36.28762295500019], [72.6970907490001, 36.28762114200015], [72.69709000000012, 36.28762], [72.69320000000016, 36.28224], [72.69318401400005, 36.28222329700003], [72.69273337900017, 36.281326556000124], [72.6894071530001, 36.27827533300018], [72.68636000000015, 36.27328000000017], [72.68197676300014, 36.269161149000126], [72.67690968400018, 36.26439616300007], [72.66331486300004, 36.25939936500015], [72.6614351230001, 36.259359742000186], [72.65027, 36.25912], [72.64485014400003, 36.261205123000025], [72.63943, 36.26329], [72.63100361099998, 36.26458392700016], [72.62257694500016, 36.26587726100007], [72.61415, 36.267170000000135], [72.61106465200004, 36.26669208700014], [72.60537070200019, 36.265805849000174], [72.59637423200013, 36.264405588000045], [72.58466972500003, 36.259421260000124], [72.5842077100001, 36.25922451200017], [72.5834543580001, 36.258903700000076], [72.58333000000016, 36.25885000000011], [72.57936269800012, 36.25625384300014], [72.56721437600004, 36.24829989200009], [72.56109493100007, 36.24190541600018], [72.55679979700017, 36.23646390000005], [72.55643799300003, 36.23600552900007], [72.55277, 36.23135], [72.5499848520002, 36.22718503400006], [72.54720000000015, 36.22302], [72.54358000000013, 36.21304000000015], [72.54274, 36.20803], [72.5423560540001, 36.20717421600011], [72.54025149500018, 36.20247772800019], [72.54005726500009, 36.20125392800003], [72.53942000000018, 36.19720000000012], [72.53932, 36.196010000000115], [72.53894997900011, 36.19147000200013], [72.53858000000014, 36.18693000000019], [72.53893000000016, 36.1806600000001], [72.53914, 36.17693], [72.53944966300008, 36.17473725000019], [72.53951000000018, 36.17431000000016], [72.53969000000012, 36.17304], [72.54078, 36.17061], [72.5415746700001, 36.1688096850001], [72.54191477900008, 36.16804644100017], [72.54278083300017, 36.163979354], [72.54469455900005, 36.15499228100009], [72.54412092100006, 36.1479858620001], [72.54385309400016, 36.14471462700004], [72.54225258900016, 36.140601545000095], [72.5399633670001, 36.13471855200015], [72.528670696, 36.118376059000184], [72.52750610900006, 36.11669069600009], [72.52692000000013, 36.11584], [72.52469987500018, 36.11139502200018], [72.52248, 36.10695], [72.52115, 36.10135], [72.51986991200016, 36.09595000900009], [72.51859000000013, 36.09055000000012], [72.5204994840002, 36.08001332800012], [72.52191280700015, 36.07222753300016], [72.52418358300014, 36.068621655000015], [72.52664072500005, 36.06471983600005], [72.52797727200004, 36.063154957000165], [72.5380300000001, 36.05139], [72.54187, 36.04865], [72.54581, 36.04584], [72.55502904200011, 36.03736038100004], [72.55940218000006, 36.03334008500008], [72.56342382900004, 36.026564450000194], [72.56386000000015, 36.025830000000155], [72.56554, 36.02167], [72.5669400000001, 36.01222], [72.5669400000001, 36.00751000000014], [72.56693934400005, 36.007507930000145], [72.56693934400005, 36.00750679700013], [72.56613215000004, 36.00496086100014], [72.56456, 36.000000000000114], [72.55721, 35.98472], [72.55136944700007, 35.97721514700004], [72.54752754200007, 35.97227734000012], [72.54553274900013, 35.96971292600006], [72.54095039000015, 35.96123490600007], [72.53637928200015, 35.952777702], [72.53596609000004, 35.95145489100008], [72.53498988600012, 35.94832597499999], [72.52829459400016, 35.93660427900005], [72.52499381100017, 35.93082547800003], [72.5242893680001, 35.92885502900015], [72.52361000000019, 35.92694], [72.519714707, 35.920965066], [72.51582221100017, 35.9149933920001], [72.51452699600003, 35.912020086000155], [72.51388451500009, 35.91054520100005], [72.51277142700019, 35.900268778], [72.51277129400006, 35.90026754600012], [72.51378536300007, 35.89940029500019], [72.51440802600013, 35.898867783000185], [72.51447129100012, 35.89881362500017], [72.51666000000012, 35.89694], [72.52725, 35.89416000000011], [72.52832000000012, 35.89388], [72.52923422600014, 35.89343950900013], [72.52941812600005, 35.89335028400012], [72.53052478400014, 35.892813352000076], [72.53749, 35.88943000000012], [72.54332030500007, 35.88526514300003], [72.54915, 35.88110000000012], [72.549719869, 35.880320831], [72.55970667900016, 35.86666135200005], [72.56109493100007, 35.86305320500003], [72.56317198200009, 35.860514587000125], [72.56498025400015, 35.855576613000096], [72.56498793300011, 35.855552056000136], [72.56569524000014, 35.85462053500004], [72.57026591200014, 35.84860097000018], [72.57188186500014, 35.84765264600003], [72.57500000000016, 35.84582000000012], [72.57971, 35.84415000000013], [72.58177036400008, 35.84399151000014], [72.58192323700018, 35.843979396000066], [72.58665318800013, 35.84360457000014], [72.59909968, 35.841350082000076], [72.61425883800018, 35.83860423700003], [72.61886, 35.83777], [72.62801078600006, 35.83434736500004], [72.63185964100012, 35.832907375000104], [72.64630817300014, 35.82750089800015], [72.67082256000009, 35.818327892000184], [72.67689837800015, 35.81749996400009], [72.67692563300017, 35.81749625000015], [72.67696476200013, 35.81749996400009], [72.68364634200015, 35.818134161000046], [72.68858000000017, 35.818600000000174], [72.69561419700011, 35.82090213900011], [72.7170315090001, 35.82790762500014], [72.71832437800009, 35.82833051500012], [72.73244885300016, 35.83179175000009], [72.73304837000012, 35.831938663000074], [72.75471362600018, 35.83582184100004], [72.75677099200004, 35.836797591000106], [72.75678420300017, 35.83680385700006], [72.76443000000012, 35.83888000000019], [72.7686987990001, 35.840791256000045], [72.77549828000002, 35.843833795000194], [72.78594027999998, 35.84850623900007], [72.796096, 35.853050582000094], [72.80697974000014, 35.856072655000105], [72.81109502300006, 35.857215340000096], [72.82216447400015, 35.85634614500003], [72.82418975900009, 35.85618711600006], [72.82527, 35.85610000000014], [72.83276706700013, 35.8539738020001], [72.83597985600011, 35.85306239300007], [72.84164173800019, 35.85145507400006], [72.84527286100013, 35.85042425600005], [72.84776257599998, 35.849717466000186], [72.89166279500012, 35.84137812700004], [72.8951362160002, 35.84137812700004], [72.89804090000018, 35.84137812700004], [72.91484586700017, 35.839167015000044], [72.91915, 35.8386], [72.928865, 35.838600393000036], [72.93858000000012, 35.8386], [72.94616, 35.83706], [72.95637000000016, 35.83499], [72.95870301100018, 35.83486058300008], [72.9623472610001, 35.83465779300013], [72.97637895500003, 35.83387697800015], [72.98166020900004, 35.835265231000164], [72.99331629300008, 35.83665348300008], [72.99511750800019, 35.837397735000025], [72.99662031200018, 35.838018685000065], [72.99803, 35.8386], [73.00189270600015, 35.8394362950001], [73.0083316570001, 35.840828058000056], [73.01008866600006, 35.841415582000025], [73.01749000000012, 35.84388000000018], [73.01764000000014, 35.84396], [73.01869547200005, 35.84451891500004], [73.02221748900007, 35.84638107500007], [73.02804553100015, 35.84748774800005], [73.03161275500008, 35.84879830000017], [73.03637832200013, 35.85054910800005], [73.05466953400008, 35.85876189200013], [73.0636, 35.862770000000125], [73.06915494200013, 35.86360512800013], [73.07471, 35.864440000000116], [73.08166, 35.863610000000165], [73.08483196800012, 35.862633876000075], [73.09248468800007, 35.86027669900017], [73.10637049000019, 35.85332561300004], [73.1152318180001, 35.84720843800005], [73.11804028000012, 35.84526969300015], [73.12414601800015, 35.83860162100018], [73.12435951200001, 35.837695530000076], [73.12436051500003, 35.83769127300013], [73.12497256100005, 35.835092981000116], [73.12502517700011, 35.8348696110001], [73.12523930400016, 35.83370010400006], [73.12469608100008, 35.82888057800005], [73.1243258180001, 35.82752372200008], [73.12373817000014, 35.82537024700014], [73.12262000000015, 35.82129000000015], [73.12089510800007, 35.814951642000096], [73.1205280480001, 35.81360652300009], [73.120340456, 35.812273944000026], [73.12012, 35.81072], [73.11841, 35.80519], [73.11803795600014, 35.804441912000016], [73.11747651200005, 35.80332232100005], [73.116478062, 35.798861527999975], [73.11566926300014, 35.795248038000125], [73.11499, 35.7922200000001], [73.11396648400006, 35.78509001700013], [73.1129431510002, 35.77796001700017], [73.11192000000017, 35.77083], [73.11172703400001, 35.763089906000175], [73.11164996400004, 35.76005194900006], [73.111648517, 35.75999491100015], [73.11164996400004, 35.75998970300009], [73.1116536670001, 35.75997637400013], [73.11303, 35.75111000000015], [73.11303218300009, 35.75110331000013], [73.1172, 35.73833000000019], [73.11720075900007, 35.73832876400013], [73.11720148000018, 35.738326553000036], [73.1172044220001, 35.738322803000074], [73.12103969400016, 35.73208049700014], [73.12104086000005, 35.73207700600011], [73.1216445440001, 35.73026879400004], [73.12469608100008, 35.72637906700004], [73.1252736890001, 35.724875106000184], [73.12608000000012, 35.722760000000164], [73.1328235110002, 35.71343472600006], [73.13610987600009, 35.70888511800018], [73.14637770700011, 35.69860091500004], [73.14893314300014, 35.6966354920001], [73.14988651000004, 35.69585239300005], [73.15721197200008, 35.69026812400011], [73.16137673100013, 35.68887987199997], [73.17052505400011, 35.6836055170001], [73.17133845300015, 35.683267029000035], [73.17157, 35.68317], [73.17376801900008, 35.68225813400011], [73.18525533300004, 35.67748899600002], [73.19335658500012, 35.673027267000066], [73.19643744900014, 35.671330495], [73.19887, 35.66999], [73.20039592400019, 35.668868850000024], [73.20853463400016, 35.662885515000085], [73.21360646600004, 35.65915685600004], [73.2154836740001, 35.65750143500014], [73.21723040200004, 35.655961079000065], [73.2193246000001, 35.65411430600011], [73.22053, 35.65305000000018], [73.22276000000016, 35.649990000000116], [73.23027000000019, 35.64388], [73.23648723200017, 35.64023365600019], [73.23866956900014, 35.63895350800016], [73.2489217420001, 35.632937890000164], [73.25109911300007, 35.631660284000134], [73.2555552730002, 35.628327168000055], [73.27720743200013, 35.61666126100016], [73.277884358, 35.61617806800007], [73.28110000000015, 35.613880000000165], [73.28581000000014, 35.61166], [73.28968848100016, 35.61078544100019], [73.29193142399998, 35.610276608000106], [73.29359666500005, 35.60908654900015], [73.29582115200014, 35.60749682800014], [73.32165444000009, 35.60360710100008], [73.32368382000016, 35.602962130000094], [73.32413000000014, 35.60282], [73.32413268900007, 35.60281947200019], [73.32678253200004, 35.601977307000084], [73.32777388400018, 35.60166223800019], [73.33307844200016, 35.601062270000114], [73.3330900000002, 35.60106000000013], [73.34029007300006, 35.600245215000086], [73.3474900000001, 35.59943], [73.35310512900008, 35.597590131000175], [73.35872, 35.59575], [73.3636, 35.594150000000184], [73.37276000000014, 35.58971], [73.37606000000017, 35.58751], [73.37797811200005, 35.58623253000019], [73.37849743000004, 35.58588611400012], [73.38108737400012, 35.58415846600019], [73.38557070700006, 35.58213941300005], [73.39526000000018, 35.5777700000001], [73.39534, 35.57775], [73.40138165899998, 35.57624331500017], [73.40748709500014, 35.574715728000115], [73.41442835900017, 35.5733274750001], [73.44300512100011, 35.57157479700004], [73.47331123000004, 35.569716054000025], [73.47583216400011, 35.56997007800004], [73.47886751500016, 35.57027593800012], [73.48725732300011, 35.5692855960001], [73.49303732400011, 35.56860031700012], [73.49304000000012, 35.5686], [73.4992151580002, 35.56654515800017], [73.50539, 35.56449000000015], [73.51213691000015, 35.562243676000094], [73.51388488100008, 35.561661568000034], [73.51481962000008, 35.56105463700004], [73.51857767200016, 35.55861451300012], [73.5186, 35.5586], [73.52642000000014, 35.55555], [73.52829473000014, 35.55482762700012], [73.52859577700013, 35.55471048200013], [73.53039736300013, 35.55430177500011], [73.5347200000001, 35.553320000000156], [73.54033570300015, 35.553201172000115], [73.54190315099999, 35.553167412000164], [73.54748452700017, 35.55304719800017], [73.55185870200012, 35.55346308500003], [73.55225000000019, 35.553500000000156], [73.55353127600011, 35.553622110000106], [73.56145381800019, 35.55437536800008], [73.57083267700017, 35.55526709000014], [73.57980723900005, 35.55361159600011], [73.58785699900011, 35.552123935000054], [73.59637, 35.5505500000001], [73.60210512600014, 35.548775137000064], [73.60225093200012, 35.548730005000095], [73.60785639900001, 35.54699798100012], [73.61811540800005, 35.545734808000134], [73.61986000000013, 35.545520000000124], [73.62617006400018, 35.54470016500005], [73.62809396300008, 35.54445009700015], [73.6324757180002, 35.54388276500015], [73.64414817300008, 35.54138129100011], [73.64615774900011, 35.540296555000054], [73.64927148100014, 35.53861581399997], [73.6524709970002, 35.5368887680001], [73.65444000000014, 35.53583], [73.65881963900006, 35.53478400400019], [73.66026369200006, 35.53444002700007], [73.66636362800011, 35.5336409840001], [73.6730362720001, 35.53276692100019], [73.68225434400006, 35.53264337799999], [73.68673037600001, 35.53258338900008], [73.68778000500009, 35.5325701270001], [73.69331000000017, 35.5325], [73.69720296600019, 35.53217907400011], [73.70168, 35.53181000000018], [73.70694, 35.53138000000013], [73.71337385700014, 35.53214946700007], [73.71388168000016, 35.53221031000004], [73.71970972300016, 35.53110363700006], [73.72637922900009, 35.52971538400004], [73.7310230720002, 35.52670334000004], [73.73109, 35.52666], [73.73139776700003, 35.526530598000136], [73.74165000000016, 35.522220000000175], [73.74334576100006, 35.521894228000065], [73.74748132600001, 35.52110428800006], [73.75813552100004, 35.52051774000017], [73.76112782000007, 35.52035300400007], [73.76776000000012, 35.51999], [73.76891776600019, 35.52050929200004], [73.77047595700003, 35.52121213200007], [73.77331461400018, 35.52249254100008], [73.78027224900006, 35.52249254100008], [73.78364355500008, 35.520154491000085], [73.78840026000012, 35.51685564700017], [73.79204745500016, 35.51432626400003], [73.80156875100016, 35.507723107000174], [73.80320707800007, 35.5065872080001], [73.80677646700008, 35.50411245000015], [73.80678000000012, 35.50411], [73.80677646700008, 35.504108999000096], [73.80304070400018, 35.50305020000019], [73.80138586100014, 35.50094407600017], [73.79896614300009, 35.49786347500009], [73.79489281000014, 35.4926768090001], [73.79082000000011, 35.48749], [73.79062205600007, 35.48711006000002], [73.78879281700017, 35.4835251880001], [73.78871931300012, 35.48345787500011], [73.78871000000015, 35.483440000000144], [73.78482670300014, 35.47939697900017], [73.78482232700009, 35.47938991500013], [73.7826271620001, 35.475846538000155], [73.78055, 35.47249], [73.77864634100018, 35.4705915990001], [73.77693225000019, 35.46888047600004], [73.77672210500009, 35.468488415000024], [73.77276455200013, 35.46110492100013], [73.76917173600003, 35.45589152399998], [73.76721154100011, 35.45304716100014], [73.76524311700018, 35.450908403000085], [73.76312018100003, 35.44860176200012], [73.7608200000002, 35.4461], [73.74887000000018, 35.43832], [73.73987000000017, 35.43505], [73.73139776700003, 35.43197166500016], [73.73054000000019, 35.43166], [73.72956844400011, 35.431191089000095], [73.72766248900007, 35.4302681530001], [73.72192306900018, 35.427488904000086], [73.72010009900015, 35.425662488000114], [73.71499490200006, 35.420547641000155], [73.71310788500017, 35.416792657000144], [73.71240373600011, 35.41612313100018], [73.7123870330002, 35.41610899800014], [73.70943, 35.4136], [73.70734488600004, 35.40915502000013], [73.70565379400006, 35.405549576000055], [73.70526076200008, 35.40471042700017], [73.70255745700013, 35.39658720800014], [73.70193419400016, 35.39471435200011], [73.70073435300009, 35.389551448000134], [73.70067491600008, 35.389295009000136], [73.69942000000015, 35.38388], [73.69942000000015, 35.37860000000012], [73.69830989200011, 35.37068501000016], [73.69815234500015, 35.36956148600012], [73.69720300200004, 35.36277144200017], [73.69765640500015, 35.35575366], [73.69786253600006, 35.35256315800018], [73.69914131799999, 35.33277012200011], [73.69775306500014, 35.311936508000144], [73.69825311100016, 35.30744344900006], [73.69887000000011, 35.30193000000014], [73.70004223600012, 35.297601494000105], [73.70220246900004, 35.289642845000174], [73.70248425600005, 35.288604694000185], [73.7030553510001, 35.28717854600012], [73.70349441200011, 35.28608211300008], [73.70385164200019, 35.28519003000008], [73.70649721800004, 35.278590084000086], [73.70949389000003, 35.271100086000104], [73.71128201000016, 35.26663476700003], [73.71249342800007, 35.263609596000094], [73.71515673300007, 35.252950094000084], [73.71666000000016, 35.24694], [73.71774067800004, 35.24413755600017], [73.71998475400011, 35.23832636999998], [73.72137300700012, 35.229430420000085], [73.72327573100017, 35.22564173500001], [73.72360272400016, 35.22499063099997], [73.72665130100006, 35.22137944200006], [73.727972132, 35.22081240100016], [73.73054398800019, 35.219712651000066], [73.73313070000017, 35.220530184000154], [73.74109, 35.223050000000114], [73.74629354600017, 35.22588877100003], [73.74639836900002, 35.22594604100016], [73.75108411600007, 35.22850619999997], [73.7527756770001, 35.229430420000085], [73.75438808900014, 35.230721110000104], [73.75694000000016, 35.23277000000019], [73.76471, 35.23666000000014], [73.76999, 35.23833000000013], [73.77554492400014, 35.239440128000126], [73.7811, 35.240550000000155], [73.78748505400006, 35.23985516800019], [73.79387, 35.23916], [73.80470000000014, 35.23611000000011], [73.80928514100003, 35.23360508700006], [73.81233880500008, 35.231936618000134], [73.81387189500009, 35.231103527000016], [73.8166329230001, 35.228810843000076], [73.83193882500018, 35.21610123000016], [73.83970518300004, 35.21110482900019], [73.84481519700012, 35.209403719000136], [73.84971762800006, 35.20777171300011], [73.85392587000013, 35.20768107400016], [73.86249000000015, 35.2075], [73.86534128200014, 35.20806704700004], [73.86781687800016, 35.20856172800018], [73.87052708800007, 35.20910329100013], [73.87360000000012, 35.20972000000012], [73.88234989600005, 35.21069031600007], [73.8853220200001, 35.21101968600016], [73.89109672800004, 35.21166144000017], [73.89288396600017, 35.21161931800003], [73.90260997900009, 35.21139009500018], [73.90304, 35.21138000000013], [73.90304030099998, 35.21137995300006], [73.90304421500014, 35.21137986100001], [73.9042718550001, 35.21118881600012], [73.91554000000014, 35.20944], [73.93027000000012, 35.20305000000013], [73.93549050900015, 35.19846334600004], [73.93707049800008, 35.19707519400015], [73.94387, 35.19110000000012], [73.95526000000012, 35.18333], [73.95675748600007, 35.18285038500011], [73.95973787900016, 35.18190189700016], [73.96748000000014, 35.17944000000011], [73.97655355900008, 35.17842401300015], [73.98562689300013, 35.17740734600011], [73.99306388000008, 35.17657345400005], [73.9947, 35.17639000000014], [74.00151529000016, 35.172915193000165], [74.00273929800017, 35.1722910040001], [74.00821278600006, 35.16950165600008], [74.00821772300003, 35.16949725600006], [74.00833000000017, 35.16944000000012], [74.00993152100011, 35.16796995400017], [74.01004425700017, 35.16786948600003], [74.01832485400007, 35.16026989500017], [74.01971310700014, 35.15582355700013], [74.02276464300019, 35.15277202000016], [74.02653708000014, 35.14732678300004], [74.02777, 35.145550000000185], [74.03167, 35.14333000000016], [74.04460990000013, 35.141435645], [74.04498323600012, 35.14138114500014], [74.04754183800009, 35.14166580600016], [74.04999000000015, 35.14194], [74.0557948500001, 35.14405013900017], [74.06160000000011, 35.14616], [74.0633004020001, 35.14677766800014], [74.07443122, 35.15082388299999], [74.07918548200013, 35.15104761300006], [74.08028, 35.1511], [74.08763526200005, 35.14818522400009], [74.09499, 35.14527], [74.1035955260001, 35.14027030800014], [74.1122, 35.135270000000105], [74.11341000000016, 35.13450000000017], [74.11891523600002, 35.13099512600007], [74.12442, 35.12749000000014], [74.12442110800015, 35.12748899100018], [74.12442141600019, 35.12748879500015], [74.12471124800015, 35.12722477400007], [74.12733000000014, 35.12484000000012], [74.12737331400018, 35.12479978000016], [74.12742587800005, 35.12475189700018], [74.12742501700006, 35.1247517700001], [74.12747000000019, 35.124710000000164], [74.12163994100013, 35.1238801400001], [74.11695201300006, 35.123212614000124], [74.11591192200007, 35.12305975800007], [74.13842773400017, 35.101333618000126], [74.14139556900011, 35.10023880000011], [74.1422424320001, 35.09749984700005], [74.14289856000005, 35.094486237000126], [74.14279174800009, 35.09051132200011], [74.14620208700012, 35.08992385900012], [74.1491165160001, 35.089500427000075], [74.15248870800008, 35.088344574000075], [74.15513610800008, 35.08665466300016], [74.15756225600006, 35.08426666300011], [74.15966796900017, 35.08231735200019], [74.16074371300016, 35.08042144799998], [74.16470336900005, 35.080230713000105], [74.16818237300015, 35.08049011200018], [74.17179107700008, 35.080177307000156], [74.17544555700016, 35.08057022100013], [74.17726135300012, 35.081760406000114], [74.17954254200009, 35.08222198500005], [74.18253326400014, 35.08307266200018], [74.18672180200014, 35.083580017000145], [74.1898956300002, 35.08442306500007], [74.19512176500012, 35.085025787], [74.19855499300013, 35.084716797000056], [74.20182037400008, 35.08441925], [74.20396423300008, 35.08545303300019], [74.20503234900019, 35.08824157700019], [74.20503997800017, 35.090797424000186], [74.20619201700003, 35.092449188000046], [74.20729193500006, 35.090916424000056], [74.21112060500013, 35.08880233800011], [74.21383667000009, 35.08810424800009], [74.21618652300009, 35.087135315000126], [74.21625518800016, 35.08571243299997], [74.21623992900004, 35.08301544200003], [74.21579742400013, 35.07920074500015], [74.21565246600005, 35.07480239900002], [74.21585845900012, 35.070388794000166], [74.21578979500009, 35.06698226900011], [74.21884918200004, 35.066265106], [74.22225189200003, 35.065532684000175], [74.22708129900019, 35.065441132000046], [74.2311477660001, 35.066665649000015], [74.23426818800004, 35.06921386700003], [74.23604583700012, 35.06998062100007], [74.23795318600008, 35.06601333600014], [74.23808288599997, 35.06293106100014], [74.23738861100003, 35.058197021000126], [74.23709869400011, 35.05445480300011], [74.23762512200011, 35.05109405500019], [74.23927307100013, 35.04876327500011], [74.24324035600006, 35.04508972200017], [74.24501800500013, 35.04222488400012], [74.24857330300011, 35.03936004600018], [74.25391387900004, 35.03902435300006], [74.2600860600001, 35.0393943790001], [74.26624298100018, 35.039875031000065], [74.27034759500015, 35.040725708000025], [74.27426147500017, 35.041725159000066], [74.27958679200015, 35.045135498000036], [74.28163147000004, 35.04691696200018], [74.28382110600006, 35.0497894290001], [74.28574371300004, 35.054004669000165], [74.28883361800018, 35.05954361000005], [74.29125213600008, 35.061786652000194], [74.29579162600015, 35.06607437100013], [74.2994918820001, 35.0673942570001], [74.30565643300008, 35.06661987300015], [74.31579589800009, 35.06572723400012], [74.32097625700004, 35.0637817380001], [74.33126831099997, 35.06032180800014], [74.33785247800006, 35.060974121000015], [74.3415134980001, 35.06040569400017], [74.35067749000018, 35.05898284900013], [74.35766601600005, 35.05927658100006], [74.366607666, 35.05913162200011], [74.37507629400011, 35.06125640900012], [74.37577056900011, 35.06268692000009], [74.37965393100006, 35.06875991800001], [74.38674926800013, 35.076370239000084], [74.39081573500005, 35.08361053500016], [74.39677429200003, 35.08774566699998], [74.39870452900016, 35.09017181400009], [74.40204620400016, 35.093963623000036], [74.40495300300006, 35.09777450600012], [74.4094696040001, 35.09970855700004], [74.41358184800004, 35.102024078000056], [74.41992950400015, 35.104946136000024], [74.42491912800017, 35.106834412000126], [74.42939758300008, 35.11035919200009], [74.43019104000007, 35.11393737800006], [74.43094635000006, 35.11732864400017], [74.43171691900011, 35.11954879799998], [74.4346313480001, 35.12577819800009], [74.43598175000011, 35.12859344500009], [74.43762921000018, 35.131199819000074], [74.43946838400012, 35.13410949700011], [74.44249725300017, 35.1346588130001], [74.4464111330002, 35.1344680790001], [74.4496154790001, 35.13438797000015], [74.45194244400017, 35.133769989000086], [74.45370483400012, 35.131511688000046], [74.4552154540001, 35.128150940000126], [74.45713806200018, 35.12368011500013], [74.45931243900003, 35.11931228600014], [74.46226501500007, 35.11506271400009], [74.46634674100011, 35.11059570300006], [74.46939849900002, 35.11028671300005], [74.47451019300001, 35.111923218000186], [74.47782897899998, 35.11270141600011], [74.4818801880001, 35.112972260000106], [74.48471832299998, 35.11235809300001], [74.48713684100011, 35.111289978], [74.48941040000017, 35.110858917000144], [74.49079132100013, 35.10973358200005], [74.4916076660001, 35.10951614400017], [74.49434661900011, 35.108451843000125], [74.4976577760001, 35.106548309000175], [74.50114440900018, 35.10432052600015], [74.50402832000015, 35.10181045500002], [74.50681304900007, 35.100563049000016], [74.50978088400007, 35.09915161100014], [74.50797271700009, 35.09545517000009], [74.50771331800007, 35.0919990540001], [74.50859832800006, 35.08848190300017], [74.51102447500017, 35.08488845800014], [74.51534271200018, 35.08104324300018], [74.51913452100013, 35.07785415600006], [74.52508544900007, 35.07579422000015], [74.52928924600019, 35.07290267900004], [74.53239440900018, 35.070850372000166], [74.53466033900008, 35.067737579000095], [74.5369873050002, 35.06556701700009], [74.537483215, 35.06191253700007], [74.53776550300012, 35.05795669600002], [74.53761291500012, 35.05591201800013], [74.53520965600012, 35.05461502100002], [74.5329818730001, 35.05299377400007], [74.53118896500007, 35.0510101320001], [74.52995300300012, 35.04728698700018], [74.52903747600016, 35.042758942000034], [74.52836608900009, 35.03884887700008], [74.52853393600003, 35.03599929800015], [74.53122711200012, 35.0334968570001], [74.5341339110002, 35.03129959100005], [74.53650665300006, 35.029758453000056], [74.53786468500016, 35.02732086200007], [74.53807830800014, 35.02510070800008], [74.53986358600008, 35.023277283000084], [74.5431442260001, 35.02105712900004], [74.54664611800013, 35.01914596600011], [74.54847717299998, 35.01794815100004], [74.55103301999998, 35.016239166000105], [74.55426025400004, 35.013233185], [74.55803680400004, 35.01241302500017], [74.56227111800013, 35.012668610000105], [74.56362915, 35.01544189500015], [74.56548309300001, 35.017082214000084], [74.56787872299998, 35.018379211000024], [74.57062530500008, 35.019184113000165], [74.57254791300016, 35.01924514800015], [74.57461547900016, 35.018665314000145], [74.57543945300012, 35.01688766500007], [74.57547760000017, 35.01483535800014], [74.57633972200011, 35.01100540200014], [74.57785034200003, 35.00808715800014], [74.57987976099997, 35.00451278700007], [74.58186049200003, 35.00294157400015], [74.58349609400017, 35.001644135], [74.58216095000017, 35.000099182000156], [74.58058929400016, 34.99859237700008], [74.57904052700019, 34.99710464500009], [74.5766830440001, 34.996299744000055], [74.57411956800007, 34.99505233800005], [74.57218933100017, 34.99389648400012], [74.57131958000002, 34.991825104000156], [74.57185363800016, 34.98859405500008], [74.57302093500005, 34.984542847000114], [74.57277679400016, 34.98124313400018], [74.57061767600004, 34.978038788000106], [74.56757354700017, 34.9758262630001], [74.5646896360002, 34.97313690200002], [74.56487274200009, 34.970443726000155], [74.56642150900007, 34.96815490700004], [74.56726074200014, 34.96653366100003], [74.56768035900012, 34.964462280000134], [74.56598663300014, 34.963397980000025], [74.56465911900005, 34.962562561000084], [74.56275177000009, 34.96013641400015], [74.56271362300004, 34.95698165900018], [74.56569671600005, 34.95336151100014], [74.56913757300009, 34.94979095500008], [74.57269287100007, 34.94866561900005], [74.57469940200008, 34.94729995700004], [74.57354736300005, 34.94578933700012], [74.57196807900016, 34.94369888299997], [74.57041931200018, 34.94136428800016], [74.57035064700005, 34.937896729000045], [74.57032775900012, 34.9350547790001], [74.56784820600006, 34.93265914900013], [74.5648117070001, 34.93044662500006], [74.56337738000013, 34.92925643900014], [74.56643676800013, 34.92910003700018], [74.56851196300016, 34.92868041999998], [74.57054901100014, 34.92778778100012], [74.57194519000012, 34.92597961400003], [74.57176971400014, 34.92362213100006], [74.5711441040001, 34.92033767700008], [74.56955719000007, 34.917106628], [74.56698608400012, 34.91345214800015], [74.56575775100004, 34.909885406000114], [74.56596374500003, 34.90750503500004], [74.5679473880001, 34.90582656900011], [74.57099340400003, 34.90493814700011], [74.57188415500013, 34.90467834500009], [74.57400512700013, 34.903640747000054], [74.57921600300011, 34.906688690000124], [74.582893372, 34.90911102300004], [74.58566284200003, 34.910934448000035], [74.59049224900019, 34.91400146500007], [74.59442138700007, 34.91661453200015], [74.5999908450001, 34.91932678200004], [74.60324859600007, 34.91931533800016], [74.60644531200006, 34.91852188100012], [74.60979461700015, 34.91724395800003], [74.61316680900012, 34.91628265400004], [74.61700439500004, 34.91461563100006], [74.619987488, 34.913516998000034], [74.624458313, 34.91186523400012], [74.62658691400003, 34.910987853999984], [74.62962341300016, 34.90923309300001], [74.63320159900007, 34.90841674800009], [74.63493347200011, 34.90734481800001], [74.63701629600018, 34.905696869], [74.63917541500018, 34.90384674100005], [74.64136505099998, 34.902935028], [74.64514923100012, 34.90180206300016], [74.64951324500004, 34.90126037600004], [74.65353393600009, 34.9012107850001], [74.65690612800006, 34.90277481100003], [74.6591644290001, 34.904708862000064], [74.66198730500008, 34.906612396000185], [74.66416168200016, 34.907447815000126], [74.66526794400005, 34.90439224200014], [74.6662445070001, 34.902130127000135], [74.66651916500007, 34.89817047100007], [74.66916656500013, 34.89772033700012], [74.67133331300016, 34.89602661100014], [74.6733627320001, 34.89245224000007], [74.67436981200012, 34.88813781700003], [74.67506408700012, 34.88462829600019], [74.676361084, 34.88156509400005], [74.6773986820001, 34.88008880600012], [74.68016052200016, 34.87868499800015], [74.68174743700013, 34.87686538700012], [74.68502807600004, 34.87464523300014], [74.68743133499999, 34.87357330300006], [74.69194030800014, 34.87491607700014], [74.69561004600018, 34.87535476700003], [74.69884491000016, 34.87503051800013], [74.70006561300016, 34.87194442700013], [74.70091247600016, 34.87015151999998], [74.70183563200015, 34.86819839500015], [74.7022094730001, 34.86579132100013], [74.70251464800003, 34.86379623400012], [74.70388793900008, 34.859397888000046], [74.70566558800016, 34.85757064799998], [74.70771789600013, 34.85683441200018], [74.7109451290001, 34.85650634800004], [74.71369934100005, 34.85746765100009], [74.71740722700008, 34.86090469400017], [74.72011566200007, 34.86123657200011], [74.72277069100011, 34.86093902600015], [74.72449493400006, 34.85857391400003], [74.72623443600008, 34.856178284000066], [74.72810363800005, 34.852764130000025], [74.72821807900016, 34.850124359], [74.7282257080002, 34.8475875850001], [74.72588348400018, 34.843296051000095], [74.72892761200018, 34.841926575000116], [74.73266601600005, 34.84024429300018], [74.73565673800005, 34.83853912400008], [74.73730468700006, 34.83707809400016], [74.73950195300017, 34.835124969000105], [74.74257659900019, 34.832599640000126], [74.74489593500005, 34.829956055000025], [74.74730264600015, 34.82752917500011], [74.7476272580002, 34.82720184300018], [74.74995422400013, 34.82400512700019], [74.75254821800019, 34.82147216800013], [74.75556182900004, 34.81992721600005], [74.75911712600015, 34.81794357300015], [74.76184845000017, 34.815959930000076], [74.76445007300009, 34.81287384000012], [74.76539611800007, 34.809570312000176], [74.76621246300004, 34.806156158000135], [74.76633453400012, 34.802410126000154], [74.7663879390002, 34.79858016999998], [74.76658630400016, 34.795364380000024], [74.76835632300015, 34.7911796570001], [74.76957702600015, 34.78633499100016], [74.77120971700015, 34.7821464540001], [74.77271270800009, 34.77928543100006], [74.77530670200014, 34.77696991000005], [74.77639770500008, 34.773994446000074], [74.77830505400004, 34.770580292000034], [74.78007507300003, 34.767608643000074], [74.78239440900012, 34.76396942100007], [74.78553772000004, 34.76066589400017], [74.78868103000008, 34.75791168200004], [74.79141998300008, 34.75592422500017], [74.79538726800018, 34.754161835], [74.79949188200015, 34.752616882000154], [74.8265627130001, 34.72650190600018], [74.85676814600009, 34.688628941000104], [74.86487877200005, 34.679933009000024], [74.88981688900009, 34.68387000900003], [74.8937459070001, 34.68448555500015], [74.91050643900007, 34.6832249950001], [74.92781048600017, 34.678310449000094], [74.94671560700004, 34.66634659200008], [74.99890277800017, 34.65026708900007], [75.00365361500002, 34.64676371500008], [75.01874431500005, 34.64149883200008], [75.02991582100015, 34.64146936400016], [75.04180109800006, 34.64143334800019], [75.05079527300006, 34.64392172600003], [75.05449837200013, 34.646622925000145], [75.08472561100007, 34.65538136000015], [75.10554612800019, 34.65565966500003], [75.11121373600014, 34.65799088200009], [75.14230208400005, 34.66240775200015], [75.1646647410002, 34.660446518000015], [75.17789570600007, 34.65731967500005], [75.20508150900014, 34.646918204000144], [75.20673469300016, 34.64628568500012], [75.20735408000013, 34.64632851900012], [75.20751795000018, 34.6463398520001], [75.2357570330002, 34.648292758000025], [75.24261805400005, 34.64781142400017], [75.24971159300014, 34.647313777000136], [75.25964218400014, 34.644085435000136], [75.26605957800018, 34.639550694000036], [75.26694360700003, 34.63453792300015], [75.25808039900016, 34.617600585000105], [75.26185553000016, 34.61088196500003], [75.27915302800011, 34.60175027400004], [75.33519718500014, 34.572125485000186], [75.3505465450001, 34.56224073200002], [75.37781392500005, 34.55242146300003], [75.39497390800011, 34.54881004200007], [75.41395433500014, 34.54733666000004], [75.46494315600006, 34.543365079000125], [75.47850808800013, 34.539357481000025], [75.50609633700009, 34.53733076300017], [75.51688476300012, 34.53779242200011], [75.52120340800013, 34.53958667400002], [75.55180390400017, 34.53813621100005], [75.5646288710002, 34.538755032000154], [75.59188970200006, 34.540064704000145], [75.6155620310002, 34.53853566200013], [75.64414890500012, 34.53353598700005], [75.69230556000014, 34.5215262910001], [75.71383657400014, 34.51839944800008], [75.72922522500016, 34.51615990900018], [75.74920755199997, 34.51583249000015], [75.76878388000006, 34.52214183700005], [75.79302919000008, 34.53391579200013], [75.81047730100005, 34.548171576000186], [75.8206469070002, 34.55891416400016], [75.84218447000006, 34.57386080100002], [75.8814615460002, 34.590735930000164], [75.91192780000017, 34.6011281800001], [75.91864641900014, 34.604834553000046], [75.93221135100003, 34.624427252000146], [75.94625103900012, 34.63117861300003], [75.967713296, 34.633473814000126], [75.98327547800011, 34.6294072820001], [75.99184401000014, 34.62997044100007], [76.00038962300016, 34.63581158000011], [76.01436710100006, 34.653570737000166], [76.01924699900007, 34.65821660800009], [76.02542728499998, 34.66410050400003], [76.03646127500008, 34.67026578600013], [76.0550160590002, 34.67602507099997], [76.07443850000004, 34.67630665000013], [76.08582282800018, 34.67145758800018], [76.09295726800019, 34.66655613900008], [76.12192394800007, 34.64664911900019], [76.13075113999997, 34.64351900200012], [76.13909047900017, 34.64247453799999], [76.15791374500009, 34.643410954000046], [76.19279359600012, 34.655266762999986], [76.19785220600016, 34.659127023], [76.22737877000014, 34.67214189200013], [76.23429711400007, 34.67309467900003], [76.26006164500012, 34.68437095800016], [76.27511632900018, 34.69364016500015], [76.27569085900006, 34.69441999600008], [76.2833017820002, 34.70151457000003], [76.28994836900006, 34.71231936700008], [76.3015127770002, 34.72444038600014], [76.31613854300008, 34.73162721300014], [76.33988945200014, 34.73431859000016], [76.35074008800018, 34.73470166900012], [76.38593426000017, 34.735955680000075], [76.39414784000013, 34.741596606000144], [76.40953783100014, 34.752166150000164], [76.42762113300012, 34.762443805000146], [76.43697219400013, 34.76437884600011], [76.44829260800009, 34.77396491200011], [76.46919995700011, 34.79166914399997], [76.47434369600018, 34.79437361800012], [76.47732647500015, 34.793987265000055], [76.48391731100014, 34.793131899000116], [76.48973889500007, 34.792376367000145], [76.51409225300011, 34.78380128700013], [76.54531811800013, 34.76558701800002], [76.5618068930001, 34.75834125600005], [76.57097787400016, 34.75842311000008], [76.5800178880001, 34.75551563800019], [76.61804095200006, 34.75606897400013], [76.65250498200004, 34.75655682700011], [76.67163929500003, 34.757421211000064], [76.6818154500001, 34.759588719000135], [76.6871949290001, 34.76320996300012], [76.69669987700019, 34.77913230500019], [76.70619172800014, 34.80124612400016], [76.72728727600014, 34.820901032000165], [76.73785305800004, 34.830736672], [76.74323908600013, 34.84009428200011], [76.74468954800005, 34.84473052200002], [76.74343881100009, 34.864889654000024], [76.73886150600015, 34.90192719000015], [76.74337005300004, 34.91814420900016], [76.74936835300002, 34.926598144000025], [76.76083905400014, 34.93190930200018], [76.76331309000017, 34.933054829000184], [76.77056937000015, 34.93360219900018], [76.77491130700014, 34.93392972900011], [76.79933890300015, 34.93577239900014], [76.80442043200003, 34.93432521100016], [76.81105064900004, 34.935454804000074], [76.82552252900018, 34.94165282800009], [76.84815366800012, 34.95797462100006], [76.85316316500007, 34.963868147000085], [76.8631526910001, 34.97083560400006], [76.87004156800015, 34.972426856000084], [76.88351482300016, 34.970324832000074], [76.89846800800007, 34.964264322000076], [76.90140494800005, 34.963072521000186], [76.90843134100015, 34.96168426800011], [76.950340858, 34.94093578300016], [76.97035920000008, 34.93557594800018], [76.98072446500015, 34.93537299700017], [76.98875354900014, 34.935215788], [76.99748906400004, 34.939151354000046], [77.00658142500015, 34.95146745600016], [77.01014049999998, 34.9562884180001], [77.0114501720002, 34.966719958000056], [77.01130610800016, 34.97271825800004], [77.01067419100019, 34.99999873400003], [77.01030093500003, 35.01617973700007], [77.01096231900004, 35.027580435000175], [77.01378793700007, 35.035120874000086], [77.01809676000016, 35.03846381300019], [77.0269174030002, 35.04079503000008], [77.03690677800006, 35.03377524100006], [77.05226473800019, 35.02456037000013], [77.07683780700006, 35.02456037000013], [77.1236648540002, 35.04212047100009], [77.12598358800005, 35.04298999400015], [77.83396708800012, 35.50214254700012], [77.83137304000007, 35.50452023500003], [77.829664, 35.50353100000018], [77.827946, 35.503983], [77.825684, 35.505793], [77.82450800000015, 35.509502], [77.823047, 35.513845000000174], [77.822684, 35.514499000000114], [77.82234200000016, 35.51504900000015], [77.82104500000014, 35.51676000000015], [77.820277, 35.51757], [77.81461300000012, 35.52225600000014], [77.804526, 35.520445], [77.803807, 35.520014], [77.803347, 35.51972700000016], [77.80285900000018, 35.51938200000018], [77.8026, 35.519008000000156], [77.80142200000012, 35.516681000000176], [77.80090500000011, 35.515387], [77.80056000000019, 35.51420900000011], [77.798893, 35.510416000000134], [77.798433, 35.50961100000018], [77.797858, 35.50929500000012], [77.79673800000012, 35.50895], [77.795674, 35.508691], [77.79236900000012, 35.50817400000011], [77.78676600000017, 35.50593300000014], [77.78354700000011, 35.504007000000115], [77.78305800000015, 35.50357600000012], [77.78205300000013, 35.502283], [77.78188, 35.501651], [77.781708, 35.501018], [77.78081700000018, 35.499208], [77.7800700000002, 35.4978], [77.76949400000018, 35.499438], [77.768546, 35.49972500000018], [77.76754000000011, 35.500242000000185], [77.76656300000013, 35.500788], [77.765815, 35.50127700000019], [77.76524100000017, 35.501478000000134], [77.76449400000018, 35.501679], [77.76389000000012, 35.501823], [77.762884, 35.502024000000176], [77.75980900000013, 35.50257], [77.759005, 35.502513000000135], [77.757079, 35.50234], [77.755355, 35.499783], [77.75503900000018, 35.499064], [77.75251, 35.497455000000116], [77.75001, 35.496823], [77.748975, 35.496621], [77.747768, 35.496535], [77.74578500000013, 35.49621900000017], [77.74483700000019, 35.495874], [77.74170400000014, 35.494524], [77.74052600000016, 35.492799], [77.7354680000002, 35.48509700000011], [77.73150200000015, 35.478804], [77.7311, 35.4781430000001], [77.72828400000014, 35.473688], [77.72710500000011, 35.47251000000011], [77.72561100000013, 35.471131], [77.72078300000015, 35.465556000000106], [77.71905900000019, 35.46317], [77.71874300000013, 35.462481], [77.718398, 35.461618], [77.71196, 35.4618200000001], [77.70954600000016, 35.46207800000013], [77.7070460000001, 35.46317], [77.70661500000011, 35.463285000000155], [77.7029360000002, 35.464032000000145], [77.699201, 35.463774000000114], [77.69819500000011, 35.46357300000017], [77.69762, 35.463371000000166], [77.695407, 35.46136], [77.69463100000013, 35.46041100000019], [77.6937400000001, 35.45894600000014], [77.693338, 35.457854], [77.69322300000016, 35.457279], [77.68805, 35.453227], [77.687619, 35.453054], [77.68710200000015, 35.45314100000013], [77.686584, 35.453428], [77.681929, 35.458917], [77.6808940000002, 35.460182], [77.67986, 35.46164700000014], [77.678883, 35.463199000000145], [77.67813600000011, 35.464147], [77.6774170000001, 35.464751], [77.67468700000018, 35.465843], [77.67221500000011, 35.46682], [77.67138200000011, 35.467309], [77.667474, 35.470901], [77.66557700000016, 35.47274000000016], [77.659255, 35.47966600000018], [77.6573, 35.482166], [77.656381, 35.48343100000011], [77.6558350000002, 35.484379], [77.65526, 35.485069], [77.65120800000017, 35.487425000000144], [77.64379300000019, 35.484695], [77.6390520000001, 35.48389], [77.63841900000017, 35.48360300000013], [77.637845, 35.479551], [77.63775800000019, 35.47866], [77.63773, 35.477453], [77.637931, 35.47590100000019], [77.63839100000013, 35.474551], [77.63890800000013, 35.47331500000013], [77.639397, 35.472194000000115], [77.64023, 35.471217], [77.64086200000014, 35.470441000000164], [77.64158100000014, 35.469493], [77.64181100000013, 35.468947000000185], [77.64183900000018, 35.46794100000011], [77.641696, 35.46679100000017], [77.64040300000016, 35.46661900000015], [77.639167, 35.466475000000116], [77.636264, 35.465383], [77.633563, 35.464061], [77.63273, 35.463228], [77.62974, 35.46207800000013], [77.625143, 35.464435], [77.6216940000001, 35.466418], [77.61701000000016, 35.46914800000013], [77.61609, 35.469751], [77.615199, 35.47021100000018], [77.61027, 35.47167300000012], [77.606946, 35.47242000000011], [77.605452, 35.472681], [77.604518, 35.472681], [77.603659, 35.471747], [77.60276300000015, 35.47081400000013], [77.60194100000018, 35.470216], [77.600858, 35.46973000000014], [77.600372, 35.46961800000014], [77.599102, 35.4697680000001], [77.59772000000015, 35.4697680000001], [77.596637, 35.46969300000012], [77.595666, 35.469432], [77.59473200000019, 35.46902100000011], [77.594097, 35.46823600000016], [77.593649, 35.46748900000017], [77.59077300000018, 35.4664810000001], [77.58834500000017, 35.46674200000018], [77.583191, 35.468162], [77.580091, 35.46973000000014], [77.5794560000001, 35.470328], [77.581323, 35.47372700000011], [77.58184600000016, 35.475109], [77.582332, 35.47794800000014], [77.58259300000014, 35.47974], [77.571724, 35.48370000000017], [77.55880100000013, 35.488032], [77.55768000000012, 35.48818200000011], [77.55693700000012, 35.48713300000014], [77.55602500000015, 35.48624400000017], [77.554996, 35.48551900000018], [77.550553, 35.48371900000012], [77.549828, 35.483508], [77.54482300000018, 35.483461], [77.54379600000016, 35.483675], [77.54285, 35.48391900000013], [77.54230000000018, 35.484499], [77.5418430000002, 35.485354], [77.54129300000017, 35.48639200000014], [77.540805, 35.48712400000011], [77.540255, 35.487491], [77.536043, 35.488528000000144], [77.5343030000002, 35.48855900000018], [77.5336620000001, 35.48837600000013], [77.531373, 35.487033], [77.53064000000018, 35.486453], [77.529816, 35.485751], [77.529267, 35.485262], [77.52462700000018, 35.483675], [77.523406, 35.48471300000011], [77.5213, 35.486361], [77.520568, 35.48651400000011], [77.51949900000011, 35.486544], [77.518736, 35.485659], [77.51788100000016, 35.484865], [77.51714900000019, 35.484255], [77.516508, 35.484347], [77.51219, 35.485584], [77.511733, 35.48691600000012], [77.510903, 35.48893900000019], [77.509711, 35.490235000000155], [77.50857000000019, 35.490805], [77.50654800000018, 35.491064000000165], [77.50421400000016, 35.490753], [77.50338500000015, 35.489716], [77.50229600000011, 35.48893900000019], [77.500792, 35.488783], [77.498199, 35.48914600000012], [77.4961770000001, 35.48997600000018], [77.494414, 35.491583000000105], [77.492029, 35.492516], [77.4893330000001, 35.492879], [77.485859, 35.492879], [77.483422, 35.492464], [77.48114, 35.489768], [77.479326, 35.486501], [77.478392, 35.48422], [77.477874, 35.481627], [77.4772510000002, 35.47862], [77.4734140000001, 35.477116], [77.46999200000016, 35.47582], [77.46434, 35.472242000000165], [77.461173, 35.46940300000011], [77.45482400000014, 35.46720500000015], [77.45369500000015, 35.467144], [77.45262600000018, 35.467144], [77.451466, 35.466931], [77.450398, 35.466168], [77.449391, 35.46537400000017], [77.44762, 35.46387800000019], [77.44682700000016, 35.463085], [77.445636, 35.462474], [77.444263, 35.46201600000012], [77.44261500000016, 35.461955], [77.43687600000015, 35.46326800000014], [77.43632700000018, 35.46342], [77.430191, 35.465649000000155], [77.42875700000019, 35.4665030000001], [77.42762700000014, 35.467266], [77.4221030000001, 35.47056300000014], [77.42112600000013, 35.47041], [77.41999700000014, 35.47041], [77.41862300000014, 35.470532], [77.417555, 35.47077700000011], [77.41523500000011, 35.471418], [77.41386100000011, 35.471845], [77.41276200000016, 35.472272000000146], [77.41047300000014, 35.472944000000155], [77.408031, 35.47352400000017], [77.4022010000001, 35.472913], [77.3995760000002, 35.472455], [77.3985080000001, 35.472089], [77.397836, 35.47169200000013], [77.3967990000001, 35.471082], [77.395517, 35.470471], [77.394295, 35.47028800000015], [77.39341000000019, 35.470197], [77.392617, 35.470197], [77.39167, 35.47059300000012], [77.390633, 35.471326], [77.3894120000001, 35.471998], [77.387092, 35.47285200000016], [77.386451, 35.47306600000013], [77.38510800000017, 35.472944000000155], [77.384039, 35.473035], [77.38291, 35.473218], [77.381781, 35.474012], [77.380682, 35.47514200000012], [77.379308, 35.477034000000174], [77.37836200000015, 35.47853000000015], [77.377843, 35.479476], [77.37763000000012, 35.481002], [77.377294, 35.482284], [77.37485200000015, 35.486161], [77.37402800000018, 35.48655700000012], [77.37302100000016, 35.486832000000106], [77.37234900000016, 35.487015000000156], [77.37198300000011, 35.487443], [77.37146400000012, 35.488297], [77.37079200000011, 35.489488000000165], [77.37036500000016, 35.49043400000011], [77.37024300000019, 35.491319000000146], [77.37079200000011, 35.494280000000174], [77.37121900000011, 35.495837], [77.371677, 35.49696600000016], [77.37183, 35.497424], [77.369907, 35.498981], [77.36923500000012, 35.49916400000012], [77.363558, 35.499988], [77.362856, 35.500018000000125], [77.360475, 35.499103], [77.35952900000012, 35.497454], [77.358644, 35.49608100000012], [77.357545, 35.495043], [77.35635400000012, 35.49443200000013], [77.355256, 35.4942190000001], [77.35376, 35.494646], [77.342924, 35.501422000000105], [77.341642, 35.502247000000125], [77.34063500000019, 35.50304], [77.340238, 35.50359], [77.340177, 35.505391], [77.340146, 35.507191], [77.340146, 35.508534], [77.33978000000013, 35.509694], [77.339139, 35.510763], [77.337705, 35.51180000000011], [77.336758, 35.512411], [77.336331, 35.513143000000184], [77.33608700000013, 35.51393700000017], [77.33596500000016, 35.514548000000104], [77.336514, 35.515433000000144], [77.33743, 35.51631800000018], [77.33810100000011, 35.516867000000104], [77.338742, 35.51714200000015], [77.33920000000012, 35.517600000000186], [77.33950500000014, 35.51876], [77.339414, 35.519859], [77.338925, 35.523552], [77.33736900000014, 35.524651], [77.33288200000015, 35.528283], [77.331172, 35.530145], [77.328486, 35.53386900000015], [77.323359, 35.536891], [77.3195730000001, 35.538692], [77.31878, 35.538753000000156], [77.317528, 35.538692], [77.316674, 35.538142], [77.3158800000001, 35.537654000000146], [77.31481200000019, 35.53704400000015], [77.31453700000014, 35.537013], [77.31392700000015, 35.53707400000013], [77.31328500000012, 35.53734900000018], [77.31255300000015, 35.538142], [77.311943, 35.539272], [77.31145400000014, 35.54046200000016], [77.31117900000015, 35.541439], [77.310721, 35.54211100000015], [77.30986700000011, 35.5427820000001], [77.30904300000014, 35.54327000000012], [77.30400600000013, 35.545682], [77.303365, 35.54577300000011], [77.30205300000017, 35.54269000000011], [77.30177800000018, 35.541714000000184], [77.30092300000013, 35.540859000000125], [77.30019100000015, 35.5405540000001], [77.299031, 35.540493], [77.29750500000011, 35.540676], [77.29530700000015, 35.54147], [77.29472700000014, 35.541775], [77.293079, 35.544308], [77.28923300000014, 35.542141000000186], [77.284898, 35.539699], [77.2809610000001, 35.537685], [77.273513, 35.53597500000018], [77.27302500000019, 35.536006], [77.2722920000001, 35.536586], [77.27006400000016, 35.53786800000012], [77.267256, 35.53936300000015], [77.26548500000018, 35.54024900000013], [77.2647830000002, 35.54024900000013], [77.263929, 35.539943], [77.260541, 35.537654000000146], [77.25953300000015, 35.536769000000106], [77.25406900000013, 35.53313700000018], [77.251292, 35.531397], [77.25028500000019, 35.530969], [77.24325300000015, 35.52943100000016], [77.242234, 35.529325], [77.24100300000015, 35.529396], [77.23914000000019, 35.529818], [77.234359, 35.52974700000016], [77.23246100000017, 35.52971200000013], [77.230809, 35.529677], [77.22926200000018, 35.52953600000012], [77.227856, 35.52922], [77.225993, 35.52851700000019], [77.222899, 35.527181000000155], [77.22173900000013, 35.526337000000126], [77.220825, 35.52549400000015], [77.219735, 35.52447400000017], [77.21899700000012, 35.523947], [77.21397000000019, 35.523068000000194], [77.205604, 35.52081800000019], [77.20096300000012, 35.520396], [77.19794, 35.520572], [77.19495200000011, 35.52109900000016], [77.19094400000017, 35.522013], [77.1893270000001, 35.5225410000001], [77.180956, 35.527214000000185], [77.17985700000014, 35.528069], [77.17857600000019, 35.52913700000016], [77.17735400000015, 35.53048], [77.176256, 35.531732], [77.1748520000001, 35.532922000000156], [77.169815, 35.53530300000017], [77.165176, 35.53740900000014], [77.163924, 35.537867], [77.161055, 35.538477], [77.16050500000017, 35.5383250000001], [77.159681, 35.537867], [77.158918, 35.53762300000011], [77.15824700000019, 35.53762300000011], [77.152539, 35.538142], [77.151592, 35.538264], [77.150463, 35.53866000000011], [77.14786900000018, 35.539576], [77.146923, 35.53991200000013], [77.14591500000017, 35.540828], [77.14054300000015, 35.54616900000019], [77.13953600000013, 35.54723800000016], [77.13883400000014, 35.54809200000017], [77.137826, 35.549527], [77.137491, 35.550656000000174], [77.136819, 35.551358], [77.13565900000015, 35.552121], [77.12876100000017, 35.555754], [77.12729600000011, 35.55648600000012], [77.126166, 35.55666900000017], [77.12467100000015, 35.5567], [77.12341900000013, 35.556608], [77.1221670000001, 35.556364000000144], [77.121435, 35.55624200000017], [77.116368, 35.5596], [77.1135290000002, 35.562072000000114], [77.112858, 35.56262200000015], [77.11166700000012, 35.563201], [77.110629, 35.563629000000105], [77.109073, 35.563751], [77.107242, 35.563598], [77.10513600000013, 35.563385], [77.1019, 35.56341500000019], [77.098909, 35.56378100000012], [77.09649700000011, 35.56436100000013], [77.09426900000017, 35.565094], [77.092651, 35.565796], [77.091125, 35.566925], [77.08557000000019, 35.57211400000017], [77.08251700000017, 35.57538], [77.08123500000016, 35.576998000000174], [77.08077800000018, 35.57757800000019], [77.08019800000017, 35.578952000000186], [77.079709, 35.580203], [77.07906800000012, 35.581271000000186], [77.07815200000016, 35.58258400000011], [77.076962, 35.5835], [77.071437, 35.589818], [77.06945300000018, 35.592748], [77.06866000000014, 35.59384700000015], [77.063013, 35.59867], [77.06170000000014, 35.599677], [77.060357, 35.600593000000174], [77.05877, 35.601173], [77.057182, 35.601539000000116], [77.0559, 35.601661], [77.054771, 35.60157], [77.05330600000019, 35.60120400000011], [77.05202400000013, 35.600837000000126], [77.049949, 35.599952], [77.04750700000017, 35.599036000000126], [77.0422870000001, 35.5991580000001], [77.039815, 35.59931100000017], [77.03841100000017, 35.599403000000166], [77.031756, 35.60001300000016], [77.030444, 35.600166], [77.02757500000013, 35.600593000000174], [77.026537, 35.600837000000126], [77.02522400000015, 35.60157], [77.02397300000018, 35.602485], [77.02296600000017, 35.603554], [77.020646, 35.60532400000011], [77.0159450000001, 35.60801000000015], [77.01421500000015, 35.608800000000144], [77.012108, 35.609655], [77.010216, 35.610021], [77.00807900000012, 35.609746], [77.0045080000001, 35.609136], [76.99806800000016, 35.609441], [76.99666400000012, 35.609533], [76.9948020000001, 35.609288], [76.99306200000018, 35.608709], [76.99147500000015, 35.6074880000001], [76.990437, 35.6062060000001], [76.98939900000016, 35.60480100000018], [76.98448400000012, 35.59946], [76.983721, 35.598758], [76.983294, 35.59842200000014], [76.982287, 35.59903200000019], [76.98131, 35.599399000000176], [76.979417, 35.599887], [76.97255000000013, 35.601413], [76.972214, 35.601474], [76.970932, 35.599612], [76.96998600000012, 35.597995], [76.9686730000002, 35.596255], [76.96794100000017, 35.59533900000014], [76.965438, 35.594271], [76.9576540000001, 35.596163000000104], [76.953839, 35.598391], [76.951397, 35.599857], [76.94785600000012, 35.602024], [76.94184300000018, 35.604496], [76.94046900000018, 35.604893000000175], [76.93650100000013, 35.60626700000017], [76.93555500000019, 35.60696900000016], [76.93467000000015, 35.60779300000013], [76.933052, 35.60935000000018], [76.932228, 35.610265], [76.931251, 35.610693], [76.92963300000014, 35.61087600000013], [76.92850400000015, 35.610754000000156], [76.926734, 35.610784], [76.92551300000014, 35.610815], [76.918797, 35.61108900000016], [76.913822, 35.612890000000164], [76.91293700000017, 35.613226], [76.909701, 35.61463], [76.90887700000013, 35.615119], [76.907504, 35.61627800000019], [76.90634400000016, 35.61695], [76.90536700000018, 35.617408], [76.904024, 35.617713], [76.90307800000011, 35.617713], [76.90237600000012, 35.61774400000013], [76.90133300000014, 35.617915], [76.90038600000014, 35.618403000000114], [76.90000409800018, 35.61880646700001], [76.899837, 35.618983000000185], [76.89999, 35.620174000000134], [76.90008100000011, 35.62166900000017], [76.899898, 35.622890000000154], [76.899074, 35.624996000000124], [76.89840200000015, 35.62575900000019], [76.89687600000013, 35.626584], [76.8922370000002, 35.630002], [76.884453, 35.63574100000011], [76.882072, 35.63803000000013], [76.8816450000001, 35.638671], [76.881584, 35.639465], [76.881462, 35.639892], [76.878257, 35.64190700000012], [76.87752400000016, 35.642273], [76.876883, 35.642578000000185], [76.8761510000001, 35.64260900000011], [76.87514300000015, 35.64242500000017], [76.87410600000015, 35.64251700000011], [76.87355600000012, 35.642761], [76.869985, 35.645936], [76.86824500000017, 35.647584000000165], [76.86739000000011, 35.648255], [76.864429, 35.650178], [76.86378800000017, 35.65036200000014], [76.8626290000002, 35.650575000000174], [76.86180400000012, 35.65069700000015], [76.860858, 35.65143], [76.859851, 35.652681], [76.85887400000018, 35.653994000000125], [76.85640200000012, 35.660129], [76.8549970000002, 35.664128000000176], [76.854875, 35.66525700000011], [76.854753, 35.666203], [76.85454, 35.66702800000013], [76.8537150000002, 35.668279], [76.852586, 35.669378], [76.844345, 35.67578800000018], [76.843032, 35.674628], [76.842086, 35.673712000000194], [76.84046800000016, 35.67124], [76.838179, 35.668248000000176], [76.827191, 35.66650900000013], [76.822551, 35.66599000000019], [76.82129900000018, 35.666875], [76.82017, 35.66748500000011], [76.81534700000014, 35.66959200000014], [76.81421800000015, 35.669775000000186], [76.81373, 35.669836], [76.812448, 35.66919500000017], [76.80802200000016, 35.666753], [76.806984, 35.66614200000015], [76.80652600000019, 35.665318000000184], [76.806037, 35.66452500000014], [76.805305, 35.66397500000011], [76.804603, 35.66367], [76.803748, 35.66345600000017], [76.80255800000015, 35.663548000000105], [76.8014280000001, 35.66367], [76.80045200000018, 35.66403600000018], [76.799506, 35.664464], [76.79849800000011, 35.664586], [76.7972160000001, 35.664586], [76.795721, 35.66452500000014], [76.79428600000017, 35.66425], [76.792943, 35.663914], [76.792088, 35.663243000000136], [76.7912950000001, 35.662296], [76.79068400000017, 35.661381], [76.79019600000015, 35.660923], [76.78870000000018, 35.660801], [76.78757100000018, 35.6608920000001], [76.78628900000018, 35.661167], [76.78448800000018, 35.66165500000017], [76.78345, 35.661716], [76.7826260000001, 35.661594], [76.7809170000001, 35.66086200000012], [76.779085, 35.659488000000124], [76.77707000000015, 35.658176], [76.766631, 35.65983000000017], [76.7659680000001, 35.660065], [76.76357200000012, 35.661284000000194], [76.76271600000018, 35.661755], [76.758768, 35.66410700000017], [76.755318, 35.668042000000185], [76.754554, 35.67473800000016], [76.75687800000014, 35.68157200000019], [76.750271, 35.686192000000176], [76.747178, 35.686475000000144], [76.744756, 35.688037], [76.743929, 35.69033900000011], [76.742952, 35.693836], [76.741724, 35.69652500000018], [76.73990700000013, 35.698228], [76.734723, 35.70012700000012], [76.73128300000013, 35.70026700000017], [76.728487, 35.704580000000135], [76.72697600000015, 35.70990400000011], [76.720751, 35.71225100000015], [76.716561, 35.714193], [76.7082260000002, 35.720273], [76.703095, 35.724975], [76.696223, 35.724631], [76.695523, 35.72962400000017], [76.69344400000017, 35.733661], [76.695632, 35.73749400000014], [76.69697700000012, 35.740232], [76.69410300000015, 35.74542500000018], [76.691246, 35.748709], [76.68695600000018, 35.751637], [76.678556, 35.754892], [76.671643, 35.755616000000146], [76.66428400000012, 35.755048], [76.65757600000018, 35.756143], [76.65187800000018, 35.757938], [76.6482400000001, 35.760326000000134], [76.64728, 35.762009], [76.6485990000001, 35.763565], [76.64874700000013, 35.765345], [76.64229400000016, 35.769826], [76.6334480000001, 35.770261], [76.625705, 35.768169000000114], [76.62059978600018, 35.76481660900015], [76.615495, 35.7614640000001], [76.60889241900009, 35.766537183000025], [76.602289, 35.77161000000012], [76.59796200000011, 35.771977000000106], [76.593129, 35.77323400000017], [76.58649600000018, 35.77555000000012], [76.58474600000017, 35.778647], [76.5912100000001, 35.782565], [76.588714, 35.786745], [76.583543, 35.79227300000019], [76.577886, 35.798766], [76.5783780000001, 35.80434900000017], [76.57016000000016, 35.80708200000015], [76.565176, 35.81353], [76.5659040000001, 35.819724], [76.56105900000011, 35.82252000000011], [76.565560753, 35.82689908600008], [76.57006300000012, 35.831278], [76.57479082600014, 35.83421809400011], [76.579519, 35.83715800000016], [76.587701, 35.843383], [76.586099, 35.846678], [76.58523600000018, 35.852694], [76.58424100000013, 35.85922], [76.582976, 35.863387], [76.57807615000019, 35.865817600000014], [76.5731760000001, 35.868248], [76.5723190000001, 35.870876], [76.57765900000015, 35.87526], [76.586511, 35.88354], [76.58786300000014, 35.887794], [76.5912860000002, 35.892091000000164], [76.59385800000018, 35.89463300000017], [76.59897400000017, 35.900167000000124], [76.59461920000012, 35.903816580000125], [76.590264, 35.90746600000011], [76.58403500000014, 35.910696], [76.584423, 35.91250400000018], [76.58539600000012, 35.91620900000015], [76.58312500000017, 35.919569], [76.577336, 35.92180400000018], [76.566612, 35.9251890000001], [76.563821, 35.92346], [76.56156600000014, 35.922106], [76.55983, 35.92453700000016], [76.555835, 35.927243], [76.54786600000011, 35.928435], [76.54386000000011, 35.924884], [76.54319700000013, 35.91608600000012], [76.542807, 35.90746400000012], [76.544265, 35.905479000000184], [76.545779, 35.902777], [76.53699200000011, 35.900555], [76.53152000000017, 35.897422], [76.52534300000013, 35.89180500000015], [76.52048100000019, 35.88867300000015], [76.51567600000016, 35.883815], [76.51259500000015, 35.88138800000013], [76.51169300000015, 35.882961], [76.51089400000012, 35.884624], [76.50930800000015, 35.886222], [76.50406, 35.88828400000011], [76.49322300000011, 35.889597], [76.48770600000017, 35.888699], [76.48124000000018, 35.88798400000019], [76.47737700000016, 35.89057700000012], [76.47269700000015, 35.89127100000019], [76.46858300000014, 35.890844], [76.464048, 35.888831], [76.45850200000018, 35.884921], [76.453142, 35.88053000000019], [76.44915800000012, 35.87644200000017], [76.446536, 35.872018], [76.445673, 35.867573000000164], [76.444256, 35.86488500000013], [76.440123, 35.863344], [76.43637800000016, 35.861638], [76.43221700000015, 35.858506], [76.42884000000015, 35.855523], [76.42702800000018, 35.85252100000014], [76.420406, 35.853872], [76.414944, 35.854414], [76.41004400000014, 35.85367600000012], [76.40378800000019, 35.85359000000011], [76.39756600000015, 35.85541300000017], [76.39330000000012, 35.857372], [76.390218, 35.85995400000019], [76.386326, 35.860953], [76.38003400000014, 35.85914800000012], [76.375544, 35.85916800000018], [76.373232, 35.861104000000125], [76.36916400000013, 35.86321900000013], [76.366433, 35.863568], [76.3542000000001, 35.856865], [76.35142000000013, 35.854350000000125], [76.35311200000012, 35.850353], [76.354631, 35.848065], [76.355827, 35.844908000000146], [76.354906, 35.84094500000015], [76.355406, 35.83584800000011], [76.35669700000011, 35.83137800000014], [76.355099, 35.829327], [76.34065600000014, 35.83028500000012], [76.33617900000013, 35.831289], [76.33075200000013, 35.833895], [76.326485, 35.8358520000001], [76.3214210000001, 35.83686300000011], [76.316537, 35.836916], [76.313588, 35.835835000000145], [76.310824, 35.834114], [76.30864600000018, 35.832388], [76.30691900000011, 35.834316], [76.30501, 35.83704200000017], [76.302517, 35.839933], [76.299044, 35.842676], [76.29573000000016, 35.843189], [76.292208, 35.842908], [76.28535400000015, 35.842027000000144], [76.277924, 35.84178800000012], [76.272838, 35.841524000000106], [76.267933, 35.840303000000176], [76.26496700000018, 35.838502000000176], [76.26173, 35.83972], [76.25774200000012, 35.841182], [76.25512300000014, 35.84102000000013], [76.251908, 35.839917000000185], [76.24835600000011, 35.83957500000014], [76.245272, 35.839931], [76.240982, 35.84138], [76.23545300000012, 35.84143200000011], [76.23148, 35.84137600000014], [76.229172, 35.841641], [76.22458100000011, 35.842344], [76.22163300000011, 35.84126], [76.220993, 35.837766], [76.221922, 35.834574], [76.222083, 35.832345], [76.219692, 35.829346], [76.216933, 35.82778200000013], [76.21106000000015, 35.827046000000166], [76.20556800000014, 35.82566900000012], [76.201634, 35.82395800000012], [76.195376, 35.823543], [76.1914670000001, 35.823423], [76.184246, 35.823972], [76.177801, 35.824194], [76.17367800000011, 35.822803], [76.17091700000014, 35.82107900000011], [76.16896400000019, 35.821098], [76.1648850000002, 35.822729], [76.158303, 35.826930000000175], [76.15327200000019, 35.83032000000014], [76.144778, 35.83756100000011], [76.145022, 35.840901], [76.14429, 35.84440800000016], [76.14218, 35.847133], [76.141044, 35.84969], [76.141669, 35.852389], [76.14444600000013, 35.855227], [76.14721600000018, 35.857587], [76.151148, 35.859141], [76.15496800000017, 35.86642400000011], [76.152066, 35.86852000000016], [76.14995900000014, 35.87156400000015], [76.14863200000013, 35.87444100000016], [76.15063500000014, 35.877763], [76.15282300000013, 35.880288], [76.15305500000017, 35.882832], [76.150778, 35.88762700000012], [76.14924800000011, 35.890029], [76.147719, 35.89243000000016], [76.152513, 35.89938600000016], [76.158118, 35.908242], [76.158984, 35.913962], [76.15942100000018, 35.91714], [76.15809800000017, 35.92033600000019], [76.15349700000013, 35.926745], [76.150411, 35.929798], [76.14730800000018, 35.93173700000011], [76.145196, 35.93446200000017], [76.14408100000014, 35.93861000000015], [76.141989, 35.942767], [76.13911100000018, 35.946772000000124], [76.136233, 35.950777], [76.135701, 35.954601], [76.13358000000011, 35.956849], [76.128747, 35.96103200000016], [76.1248560000002, 35.962659000000144], [76.1217630000001, 35.965393], [76.120033, 35.967637], [76.117295, 35.967822], [76.11397300000016, 35.968171], [76.112823, 35.969932], [76.11305, 35.97215700000015], [76.111702, 35.97376100000014], [76.10898, 35.9750590000001], [76.10704900000013, 35.97698600000018], [76.106911, 35.981125000000134], [76.10656000000017, 35.983992], [76.10403500000018, 35.985448], [76.10347600000011, 35.987521000000186], [76.103714, 35.990542], [76.10277700000017, 35.993574], [76.09987400000017, 35.99598800000018], [76.098136, 35.9977540000001], [76.097694, 35.999931], [76.097586, 36.000464000000136], [76.09745000000015, 36.004761], [76.098097, 36.00905200000017], [76.10065800000018, 36.010142], [76.103615, 36.01154700000018], [76.10286300000018, 36.01378100000011], [76.100938, 36.016186000000175], [76.09198200000014, 36.02008700000016], [76.08614000000011, 36.022526], [76.079681, 36.022903], [76.072826, 36.022965], [76.054423, 36.023605], [76.047576, 36.024302], [76.04345, 36.023383], [76.038931, 36.022308], [76.034229, 36.02219], [76.02973700000018, 36.02318300000019], [76.026964, 36.02082], [76.02517200000011, 36.018608], [76.018491, 36.016915], [76.011045, 36.016659], [76.00458800000013, 36.017191], [75.99893100000014, 36.018989], [75.9936790000001, 36.021896], [75.9894080000002, 36.024955], [75.985542, 36.029124], [75.9824420000001, 36.03185400000012], [75.9799000000001, 36.03219300000012], [75.976771, 36.03269600000016], [75.976211, 36.034928], [75.97369200000014, 36.037177], [75.96999000000011, 36.038798], [75.964925, 36.041226], [75.956949, 36.04590400000018], [75.956196, 36.04845600000016], [75.95544300000012, 36.051008], [75.95409500000017, 36.05292800000012], [75.950979, 36.054544], [75.94963400000017, 36.05678200000017], [75.9488830000002, 36.059493000000145], [75.9493, 36.061558000000105], [75.95188400000018, 36.064561], [75.95346100000012, 36.065344], [75.95230000000015, 36.066626], [75.949764, 36.067601], [75.94683600000013, 36.06857900000017], [75.94371200000012, 36.06955800000014], [75.94268930400006, 36.0703109800001], [75.941964, 36.070845], [75.941998, 36.073709], [75.943984, 36.07592100000011], [75.94771800000012, 36.076687], [75.952041, 36.077608], [75.954598, 36.078383], [75.95442500000013, 36.080294], [75.953271, 36.082053000000144], [75.950352, 36.083827], [75.946064, 36.085929], [75.94393100000013, 36.087855], [75.94494500000019, 36.090712], [75.945368, 36.093254], [75.94404700000013, 36.097561], [75.94251500000018, 36.100596000000166], [75.9388180000002, 36.103012], [75.93727200000018, 36.10493300000019], [75.9398530000002, 36.107618000000116], [75.94459100000017, 36.110286], [75.9489200000001, 36.111525], [75.949336, 36.113431], [75.94809700000019, 36.116411], [75.94629700000013, 36.11897100000016], [75.939293, 36.123693], [75.93591700000013, 36.125629000000174], [75.93201200000016, 36.127145], [75.932331, 36.13202200000012], [75.93263500000018, 36.135626], [75.9350060000001, 36.13709300000011], [75.939991, 36.13832700000012], [75.94839300000018, 36.141019], [75.960475, 36.14516600000019], [75.96415500000012, 36.14662100000015], [75.96785000000011, 36.149349], [75.9671, 36.152113000000156], [75.96581500000013, 36.154033], [75.96401, 36.156169], [75.96404100000012, 36.158715], [75.966168, 36.1614560000001], [75.96933300000012, 36.163552], [75.979805, 36.164103000000125], [75.98398900000018, 36.16385600000012], [75.986853, 36.16277200000013], [75.989992, 36.162746], [75.992371, 36.164636000000144], [75.996055, 36.166302000000144], [75.999984, 36.166694], [76.000134, 36.166683], [76.003383, 36.166453], [76.0060150000001, 36.167704000000185], [76.008923, 36.17001400000015], [76.01287700000012, 36.172314], [76.018113, 36.172482], [76.02571100000011, 36.173265], [76.029388, 36.174295], [76.02836100000019, 36.175788], [76.01793600000019, 36.17906], [76.01245000000017, 36.179743], [76.00828500000017, 36.181475], [76.005428, 36.18319600000018], [76.004158, 36.1861770000001], [76.00444900000019, 36.188509000000124], [76.00786200000016, 36.189328], [76.00998500000014, 36.19164400000017], [76.01133800000014, 36.195027], [76.009525, 36.196528000000114], [76.00719600000014, 36.198669000000166], [76.00722900000017, 36.20121400000011], [76.00832800000018, 36.20523600000013], [76.0089, 36.20905], [76.008453, 36.21499400000016], [76.007026, 36.226250000000164], [76.004705, 36.22902800000014], [76.002913, 36.232225], [76.006339, 36.23389300000014], [76.011017, 36.235004], [76.01416100000017, 36.234289], [76.01814400000018, 36.23288000000019], [76.018671, 36.236118], [76.02231500000016, 36.23657800000012], [76.02784300000013, 36.236256], [76.033055, 36.234302], [76.033286, 36.231966], [76.03455600000012, 36.22898500000014], [76.03789300000017, 36.227259000000174], [76.04275100000012, 36.224954], [76.04797500000018, 36.22406000000012], [76.05600000000015, 36.22370600000016], [76.06020800000016, 36.22508400000015], [76.061984, 36.227331], [76.05956, 36.228767], [76.05750300000017, 36.23161300000015], [76.05997400000018, 36.233572], [76.060349, 36.235548000000165], [76.057948, 36.238681], [76.05765900000011, 36.24321], [76.05769400000014, 36.245755], [76.05320400000011, 36.249472], [76.04835300000019, 36.25234300000011], [76.0435240000001, 36.256855], [76.039746, 36.26169700000014], [76.03629500000011, 36.26483800000011], [76.03143100000017, 36.26686], [76.02692400000012, 36.269445], [76.024527, 36.273143000000175], [76.02388400000012, 36.27739100000014], [76.02288, 36.28079400000013], [76.020854, 36.286186], [76.020571, 36.29128], [76.018898, 36.296951], [76.01719500000019, 36.30036], [76.01406900000018, 36.301801000000125], [76.00988600000011, 36.302685], [76.0001390000001, 36.305596], [76.000115, 36.30560400000019], [75.994919, 36.30733700000019], [75.995686, 36.31270500000011], [75.995484, 36.324304], [75.993455, 36.329695], [75.99105800000012, 36.333675], [75.987605, 36.337098], [75.985215, 36.341644000000144], [75.98457000000013, 36.345892000000106], [75.984623, 36.35013500000014], [75.986757, 36.352946], [75.99097400000011, 36.354608], [75.994488, 36.355993], [75.99452100000013, 36.35853800000018], [75.9966480000001, 36.360784], [75.998782, 36.363595], [75.99881500000015, 36.366140000000144], [75.998505, 36.369254], [75.9999, 36.37051700000012], [76.000982, 36.371496], [76.00173900000016, 36.37601600000016], [76.0032, 36.38081200000016], [76.008144, 36.384448], [76.013829, 36.386755000000164], [76.01884700000011, 36.389562], [76.022217, 36.39055100000019], [76.02713300000016, 36.391923], [76.027204, 36.397297], [76.03005900000016, 36.40151500000019], [76.034298, 36.40459], [76.035408, 36.40910600000012], [76.03231500000015, 36.41337600000014], [76.02852200000018, 36.417652], [76.02615400000019, 36.423895], [76.02447900000016, 36.429567], [76.02316100000019, 36.435801], [76.02050621800004, 36.44218553300004], [76.01624509900017, 36.45354201200007], [76.01467400000013, 36.45842900000014], [76.01205700000014, 36.46436300000016], [76.00903200000016, 36.470678], [76.00508200000019, 36.47686000000016], [75.99978300000015, 36.48269100000016], [75.999559, 36.482913], [75.99314900000013, 36.489256000000125], [75.990102, 36.496153], [75.987493, 36.502322000000106], [75.98219100000011, 36.50815300000011], [75.97685600000011, 36.511451000000136], [75.97064300000011, 36.51620400000013], [75.96445200000016, 36.522764], [75.96203963000005, 36.526942526000084], [75.95962700000013, 36.531121000000155], [75.953868, 36.536592], [75.9481090000001, 36.54206200000016], [75.944607, 36.548961], [75.93976000000015, 36.555871], [75.93308, 36.55954], [75.925969, 36.564659], [75.92422300000015, 36.56865], [75.92562, 36.572979000000146], [75.93061200000017, 36.578004], [75.936809, 36.58529], [75.94042100000013, 36.590664], [75.94205900000014, 36.5957360000001], [75.94091900000012, 36.599241], [75.93541700000014, 36.600556000000154], [75.93152500000019, 36.604717000000164], [75.928441, 36.610462000000155], [75.92454500000014, 36.614306], [75.91907900000018, 36.618798], [75.914814, 36.624869], [75.91131400000017, 36.629027], [75.90544100000011, 36.632568000000106], [75.89876, 36.63452500000017], [75.89286800000019, 36.63647600000013], [75.88816600000018, 36.6390540000001], [75.8850550000002, 36.642891000000134], [75.879223, 36.650243], [75.872984, 36.656645], [75.871468, 36.66205900000017], [75.86875300000014, 36.666211], [75.864847, 36.669735], [75.859744, 36.671996], [75.85463700000014, 36.67394000000019], [75.84871600000014, 36.673665], [75.844404, 36.676238], [75.83892900000018, 36.68072600000016], [75.834606, 36.68234500000017], [75.83147400000013, 36.68459200000012], [75.82877463800003, 36.68854953199997], [75.82607500000017, 36.692507], [75.82180000000011, 36.69397900000018], [75.817036, 36.69692200000014], [75.810799, 36.69762200000014], [75.80914700000017, 36.700318], [75.80605, 36.706059], [75.8037920000001, 36.710235000000125], [75.79412300000018, 36.712057], [75.79237100000017, 36.71478900000017], [75.78410300000013, 36.71871300000015], [75.775974, 36.721306], [75.7702990000002, 36.724179000000106], [75.76840700000014, 36.72487900000016], [75.765814, 36.72487900000016], [75.763292, 36.727332], [75.75656700000019, 36.73149100000012], [75.75065400000011, 36.73664600000012], [75.746819, 36.73978], [75.742235, 36.741587], [75.738201, 36.7430930000001], [75.733442, 36.745937], [75.73070100000018, 36.748028], [75.72410400000018, 36.75117900000015], [75.721719, 36.752082], [75.71951, 36.75209500000011], [75.717282, 36.750035], [75.71468700000014, 36.748125], [75.711363, 36.746960000000115], [75.7058400000002, 36.746845], [75.70013300000011, 36.74673000000013], [75.69811, 36.74689], [75.69628800000015, 36.748975], [75.6950230000001, 36.751648], [75.693391, 36.75432400000017], [75.69120200000015, 36.75655900000015], [75.68937700000015, 36.75834700000013], [75.68571000000014, 36.75999800000011], [75.675804, 36.76405400000016], [75.6734180000002, 36.764956], [75.669919, 36.764828], [75.66586900000016, 36.76485100000019], [75.66218900000018, 36.765167], [75.657967, 36.766672], [75.65447700000016, 36.76758], [75.651532, 36.767745], [75.64821300000017, 36.76717], [75.645273, 36.76777900000019], [75.642527, 36.76971900000012], [75.6403230000002, 36.770324], [75.63737500000013, 36.770191], [75.635706, 36.76871900000015], [75.632936, 36.76769700000017], [75.62943500000011, 36.767419], [75.62612500000012, 36.7678810000001], [75.62134600000013, 36.768943], [75.616742, 36.768819], [75.61305700000014, 36.768393000000174], [75.60919000000013, 36.768413], [75.605509, 36.76858], [75.602747, 36.76859400000012], [75.59206700000016, 36.76850000000013], [75.587282, 36.76867200000015], [75.582304, 36.767807000000175], [75.577694, 36.766941000000145], [75.573641, 36.766664000000105], [75.57014900000013, 36.767422000000124], [75.56850300000019, 36.768911], [75.56852, 36.771281], [75.56817200000017, 36.77394900000019], [75.567071, 36.774547], [75.56301300000018, 36.773529], [75.558952, 36.772215], [75.55434200000019, 36.7712], [75.54955100000012, 36.770777], [75.543844, 36.77080400000017], [75.53961, 36.770971000000145], [75.53593200000017, 36.77158], [75.53390500000017, 36.77144100000015], [75.533159, 36.770111], [75.53313800000012, 36.76700100000011], [75.533305, 36.764482], [75.53384300000016, 36.762554], [75.53309500000012, 36.760779], [75.530875, 36.759308], [75.528843, 36.75828], [75.527358, 36.75650900000011], [75.52771500000011, 36.75487800000013], [75.529359, 36.752945], [75.53101100000015, 36.752345], [75.536654, 36.743136000000106], [75.537159, 36.736319], [75.53732100000019, 36.733208], [75.536752, 36.73084], [75.535624, 36.72729000000015], [75.5339420000002, 36.7235950000001], [75.532454, 36.721379], [75.530241, 36.720648], [75.527298, 36.72081], [75.52306900000013, 36.721273], [75.51939600000014, 36.72232600000012], [75.51499100000018, 36.723974], [75.51077800000013, 36.726955000000146], [75.507303, 36.73022900000012], [75.50493900000015, 36.734535], [75.50293, 36.736913000000186], [75.50073300000014, 36.7387], [75.499264, 36.739151000000106], [75.49131700000015, 36.73414700000012], [75.489057, 36.73142700000011], [75.48684500000019, 36.72898000000015], [75.482808, 36.72722], [75.475057, 36.72369600000013], [75.47265, 36.721187], [75.47134600000015, 36.718674], [75.46986500000014, 36.71719900000011], [75.466918, 36.71661800000015], [75.46434700000015, 36.7175170000001], [75.46178200000014, 36.71930400000019], [75.45719600000012, 36.721692], [75.45462400000014, 36.722443], [75.45205800000014, 36.72423], [75.45133500000014, 36.72630700000013], [75.45080300000018, 36.729864000000134], [75.44990100000018, 36.732978], [75.447897, 36.736393000000135], [75.444801, 36.74218100000013], [75.444814, 36.74440300000015], [75.44353500000011, 36.74603700000017], [75.44078, 36.747085], [75.43839, 36.74768600000016], [75.43619100000018, 36.74932400000017], [75.43473, 36.751403], [75.43456100000014, 36.75407], [75.4345780000001, 36.757032], [75.432014, 36.759560000000135], [75.429811, 36.760605], [75.42798500000015, 36.763278], [75.42689700000017, 36.766244], [75.42506100000014, 36.767288], [75.421947, 36.770113], [75.42086000000018, 36.773376], [75.421432, 36.77707700000013], [75.42274700000019, 36.781665000000146], [75.42534700000016, 36.785655], [75.426846, 36.79039000000017], [75.42631300000016, 36.79379900000015], [75.425034, 36.79572900000011], [75.422278, 36.796924], [75.420077, 36.79856100000018], [75.42045400000018, 36.800189], [75.4223060000001, 36.802109], [75.423059, 36.805069], [75.42383100000018, 36.811435], [75.42367000000013, 36.81555400000019], [75.42332000000016, 36.818962], [75.42443900000018, 36.821476], [75.42777500000017, 36.824872], [75.42926500000016, 36.827829], [75.43020700000011, 36.83138100000019], [75.4297130000001, 36.84190000000012], [75.42882500000019, 36.84797600000013], [75.42702300000013, 36.855389000000116], [75.425204, 36.859691], [75.423572, 36.864585], [75.422855, 36.868291], [75.42324500000018, 36.872141], [75.42289000000011, 36.874661], [75.42161, 36.876591], [75.41996200000011, 36.87867100000017], [75.419422, 36.88119100000017], [75.420725, 36.883408], [75.42202500000013, 36.885033], [75.4225860000002, 36.886364], [75.42185800000016, 36.888144], [75.42020500000018, 36.889483], [75.41726, 36.890530000000126], [75.413761, 36.8912830000001], [75.409708, 36.892186], [75.407133, 36.893528], [75.40419500000013, 36.895908000000134], [75.394447, 36.90115500000013], [75.39095, 36.9025], [75.38671100000016, 36.903254], [75.385606, 36.903406], [75.386356, 36.905922], [75.38766200000015, 36.90888000000018], [75.389338, 36.911985], [75.390647, 36.915536], [75.39066300000013, 36.918499], [75.39012300000019, 36.921315], [75.38902700000011, 36.923392], [75.387195, 36.925916], [75.387019, 36.927546], [75.38832100000013, 36.929616000000124], [75.39072800000014, 36.931386], [75.394059, 36.9333], [75.401081, 36.935661], [75.403716, 36.9362], [75.40586300000012, 36.936584], [75.407748, 36.939624], [75.40962500000018, 36.9455420000001], [75.40723500000013, 36.947328], [75.4044740000001, 36.948671], [75.40227200000015, 36.951196], [75.401732, 36.953716], [75.39952400000016, 36.955057000000124], [75.39620200000013, 36.95506800000015], [75.3939840000001, 36.954483], [75.393419, 36.952263], [75.393962, 36.950187], [75.39007800000019, 36.948571], [75.38545700000014, 36.947104], [75.381763, 36.946672], [75.378811, 36.946681], [75.3753050000002, 36.94684100000012], [75.371437, 36.948334], [75.36849200000012, 36.950121], [75.365919, 36.952351], [75.363345, 36.95443200000011], [75.36113700000016, 36.955920000000106], [75.358927, 36.956816000000174], [75.35579, 36.957122], [75.346378, 36.957298], [75.338625, 36.95717200000013], [75.327187, 36.958537], [75.32423600000016, 36.95913800000011], [75.32202500000017, 36.96003200000018], [75.32111200000014, 36.962405], [75.320201, 36.965222], [75.31854900000013, 36.967596000000185], [75.315789, 36.969826000000126], [75.3135710000002, 36.969091000000105], [75.31060700000012, 36.96643200000017], [75.307463, 36.96510700000016], [75.30507000000011, 36.96674300000012], [75.30157500000013, 36.969863], [75.298262, 36.972389000000135], [75.29346900000019, 36.974327], [75.289962, 36.97448300000019], [75.285346, 36.974495000000104], [75.281467, 36.97376300000013], [75.278693, 36.972437000000184], [75.27426000000014, 36.97200300000014], [75.27075300000018, 36.972159], [75.26945300000011, 36.969792], [75.26778300000012, 36.967425000000105], [75.26075900000018, 36.964923], [75.257434, 36.964041], [75.25078400000012, 36.962722000000156], [75.24284000000011, 36.96051700000015], [75.23618900000014, 36.958901], [75.233421, 36.95905500000015], [75.229919, 36.960543], [75.221622, 36.963965000000144], [75.21793400000013, 36.96530500000017], [75.21609200000012, 36.96679000000012], [75.21591600000016, 36.96960500000017], [75.216291, 36.971826], [75.21131100000014, 36.973316], [75.1985600000001, 36.976476], [75.19499500000018, 36.974278], [75.19221000000016, 36.974688], [75.185785, 36.976025], [75.18154200000015, 36.977513], [75.1778540000002, 36.97959200000014], [75.1754590000001, 36.98167000000012], [75.173988, 36.98463500000014], [75.173438, 36.986117], [75.16937500000012, 36.985826], [75.1658690000001, 36.98672000000016], [75.16254800000013, 36.98820600000016], [75.159413, 36.99013600000018], [75.15812600000015, 36.992952000000116], [75.15832100000011, 36.99784], [75.15943500000014, 37.000505000000146], [75.16276500000015, 37.003463], [75.16572400000018, 37.005236], [75.16720700000013, 37.007456], [75.16813500000018, 37.00967700000018], [75.16629400000011, 37.012642], [75.163898, 37.015015], [75.16113100000013, 37.016648000000146], [75.157251, 37.016505], [75.152083, 37.018141], [75.15061, 37.02066100000019], [75.14876800000019, 37.02333], [75.146555, 37.02555500000011], [75.14360200000016, 37.026891], [75.14064500000012, 37.02674700000017], [75.13768900000014, 37.026454], [75.134545, 37.02453200000019], [75.1304750000001, 37.02113], [75.128994, 37.019502], [75.12880500000011, 37.017132], [75.12769300000014, 37.014911000000154], [75.12547300000011, 37.012544], [75.119745, 37.011513], [75.11697400000014, 37.01136700000018], [75.1149400000001, 37.010036000000184], [75.114566, 37.00677800000011], [75.11032000000012, 37.007967], [75.105648, 37.0110140000001], [75.098052, 37.010657], [75.093177, 37.00966100000011], [75.08512700000017, 37.00839500000012], [75.0804790000002, 37.007671], [75.07596200000017, 37.004142000000115], [75.07134300000013, 37.00222], [75.06641800000011, 37.002134], [75.06044600000018, 37.002078], [75.05305900000019, 37.0035620000001], [75.048074, 37.00475000000017], [75.043643, 37.00756600000011], [75.04309000000012, 37.01112100000012], [75.04327700000016, 37.0134910000001], [75.0399520000002, 37.01467700000018], [75.029246, 37.01624000000015], [75.026468, 37.01468100000011], [75.02129500000018, 37.011571], [75.016676, 37.00712800000014], [75.01473200000015, 37.003152000000114], [75.00985800000012, 37.000152], [75.00770500000016, 37.00097], [75.00487100000015, 37.0012430000001], [74.9989450000001, 36.997353], [74.9970990000001, 36.99468700000011], [74.995252, 36.99261300000012], [74.992298, 36.990983], [74.98842000000019, 36.98979800000012], [74.98454200000015, 36.989501], [74.981587, 36.99024100000014], [74.97974, 36.99231500000019], [74.9791860000002, 36.99438900000018], [74.977523, 36.99646200000012], [74.97604600000011, 36.997202], [74.973645, 36.996906], [74.971245, 36.995424000000185], [74.969768, 36.993053000000145], [74.96644600000019, 36.990238], [74.962568, 36.988756000000194], [74.95813700000014, 36.987865], [74.95462900000012, 36.98801200000014], [74.951489, 36.9889], [74.947058, 36.988157], [74.943919, 36.98741500000011], [74.93893500000013, 36.985487], [74.935244, 36.983559], [74.932845, 36.981484000000194], [74.92878500000018, 36.979408], [74.924539, 36.97925700000013], [74.919, 36.97895700000015], [74.9169700000001, 36.97851200000014], [74.916971, 36.97747500000014], [74.91882, 36.975254], [74.921038, 36.97288600000019], [74.92252000000013, 36.96785], [74.92270700000017, 36.96503600000011], [74.923264, 36.962074], [74.92467, 36.95893400000011], [74.92633300000017, 36.957306], [74.93002600000017, 36.954938], [74.932433, 36.946348], [74.931881, 36.945459], [74.926714, 36.945011], [74.92173000000014, 36.945601], [74.91840700000017, 36.94633900000014], [74.91619300000013, 36.946041], [74.916379, 36.944412], [74.91915100000011, 36.941303], [74.92100000000016, 36.93819400000018], [74.921371, 36.935824], [74.92045100000018, 36.93375], [74.916761, 36.93315500000017], [74.91343900000015, 36.9333], [74.911965, 36.931818], [74.91012200000017, 36.929743000000144], [74.90827700000011, 36.92944500000016], [74.906063, 36.92974], [74.90403100000015, 36.93136700000019], [74.90163, 36.933439], [74.898676, 36.934622], [74.896277, 36.93462], [74.89351, 36.934025], [74.89129600000018, 36.93357800000018], [74.88834400000019, 36.933724], [74.88520500000016, 36.934906000000126], [74.883727, 36.936386], [74.883723, 36.93890400000015], [74.885564, 36.941572], [74.885745, 36.943942], [74.88574100000011, 36.94660900000014], [74.88444500000014, 36.949422], [74.882597, 36.951049000000125], [74.88111700000013, 36.95327], [74.88092800000015, 36.95593600000018], [74.881294, 36.95801], [74.88018300000016, 36.960527], [74.87759600000015, 36.96245], [74.875008, 36.96452100000016], [74.873896, 36.967483], [74.87389100000019, 36.970001], [74.872226, 36.972517], [74.86963700000013, 36.974884000000145], [74.863902, 36.98139600000019], [74.86278900000013, 36.984653], [74.86130700000012, 36.987318], [74.857601, 36.99383100000017], [74.854269, 36.998123], [74.849709, 37.006738000000155], [74.8480400000002, 37.010291000000166], [74.844711, 37.012360000000115], [74.84212100000019, 37.014431], [74.83989800000012, 37.017538], [74.840262, 37.019909000000155], [74.84339400000016, 37.023912], [74.845791, 37.026434], [74.84615500000018, 37.02910000000014], [74.84540800000019, 37.03295100000014], [74.84281000000016, 37.038428000000124], [74.841138, 37.042870000000164], [74.840758, 37.047905000000185], [74.84093500000012, 37.051757], [74.841482, 37.055313000000126], [74.84110800000019, 37.05709], [74.83907200000016, 37.05856800000015], [74.836669, 37.058713], [74.832791, 37.057374], [74.8266960000002, 37.05544000000015], [74.821155, 37.05409900000018], [74.81635, 37.054091], [74.810437, 37.053638], [74.805633, 37.05318600000015], [74.80157000000014, 37.051994], [74.798986, 37.05080500000014], [74.797698, 37.04872900000015], [74.795485, 37.046799000000135], [74.79235, 37.04472], [74.791064, 37.04160700000011], [74.79162800000017, 37.038201000000186], [74.793299, 37.03539000000012], [74.79459900000018, 37.03287400000016], [74.79441900000018, 37.031096000000105], [74.788885, 37.027976], [74.78593000000018, 37.027674000000104], [74.781311, 37.0275170000001], [74.77780600000017, 37.025882], [74.77578100000011, 37.023508], [74.774123, 37.022023000000104], [74.77135200000015, 37.022018], [74.767654, 37.02304800000019], [74.76376900000014, 37.024818], [74.75952, 37.024661], [74.75435100000016, 37.023465], [74.74936600000018, 37.022566], [74.73920900000019, 37.02165500000018], [74.734587, 37.022682], [74.731071, 37.024304], [74.72755100000012, 37.027110000000164], [74.724587, 37.02947300000011], [74.7237840000002, 37.03190100000012], [74.723219, 37.03471400000012], [74.72007400000018, 37.035891], [74.71748200000013, 37.03736600000019], [74.7167280000001, 37.041216], [74.7176370000002, 37.045366], [74.71983500000016, 37.050703], [74.72148400000015, 37.05441000000019], [74.72147500000011, 37.057077], [74.718879, 37.059292], [74.714806, 37.061208], [74.71054800000019, 37.062975], [74.70721100000014, 37.065485], [74.70572, 37.06859200000014], [74.70589500000011, 37.07125900000017]]]}}, {"type": "Feature", "properties": {"adm1_name": "Khyber Pakhtunkhwa", "adm1_name1": null, "adm1_name2": null, "adm1_name3": null, "adm1_pcode": "PK5", "adm0_name": "Pakistan", "adm0_name1": null, "adm0_name2": null, "adm0_name3": null, "adm0_pcode": "PK", "valid_on": "2022-09-09", "valid_to": null, "area_sqkm": 100825.1821493, "cod_version": "V_01", "lang": "en", "lang1": null, "lang2": null, "lang3": null, "center_lat": 34.037105, "center_lon": 72.26163572}, "geometry": {"type": "Polygon", "coordinates": [[[73.620301, 36.901047], [73.619155, 36.903044000000136], [73.612409, 36.905726000000186], [73.60703600000011, 36.90584600000017], [73.6063930000002, 36.905899], [73.605052, 36.906162000000165], [73.604532, 36.90631400000012], [73.604094, 36.90645200000017], [73.60371600000019, 36.90663600000016], [73.603394, 36.906802], [73.60305600000015, 36.90699700000016], [73.60238900000019, 36.90757200000013], [73.601518, 36.908348], [73.60129800000016, 36.90862600000014], [73.60102300000017, 36.90869], [73.60068200000018, 36.908452000000125], [73.5982650000002, 36.906122], [73.596711, 36.90450600000014], [73.59653800000012, 36.90416500000015], [73.59571800000015, 36.90224100000012], [73.595461, 36.90142400000019], [73.59547, 36.90079400000013], [73.59548000000018, 36.900617], [73.595489, 36.900439], [73.59538900000013, 36.90004900000014], [73.593639, 36.89985400000012], [73.590418, 36.90041500000018], [73.587183, 36.901016], [73.587002, 36.901036], [73.58672300000018, 36.901066], [73.585712, 36.90091200000012], [73.585532, 36.900823], [73.58543400000013, 36.900774], [73.5778810000001, 36.895433], [73.5773420000001, 36.894928], [73.576695, 36.89426600000019], [73.57534, 36.89179600000011], [73.57391000000018, 36.88929700000011], [73.56631900000019, 36.88928500000014], [73.557287, 36.88959400000016], [73.55672400000014, 36.889661], [73.55589, 36.889827], [73.55517800000013, 36.8900440000001], [73.554664, 36.89024700000016], [73.55424400000015, 36.89054700000014], [73.553655, 36.891064], [73.55301200000014, 36.89160800000019], [73.55266400000016, 36.89166800000015], [73.550683, 36.89183700000012], [73.55011500000012, 36.891781], [73.5479380000001, 36.89105400000017], [73.54719800000015, 36.890398], [73.547751, 36.885696], [73.54593, 36.88376100000016], [73.54507200000012, 36.882661], [73.54360200000013, 36.880365], [73.54349500000018, 36.87996100000015], [73.544103, 36.879157], [73.54494400000016, 36.877984], [73.54520100000013, 36.8775260000001], [73.54487700000016, 36.876147], [73.544202, 36.874106000000154], [73.543951, 36.873819], [73.542613, 36.87279200000012], [73.54195100000015, 36.872587], [73.540804, 36.872590000000116], [73.53998400000012, 36.872856], [73.53936200000015, 36.873109], [73.53632800000014, 36.87445200000013], [73.53484900000012, 36.87580400000013], [73.53443700000014, 36.876392], [73.53129400000017, 36.87763], [73.52938500000016, 36.877611], [73.52834200000018, 36.877544], [73.527857, 36.877701], [73.525526, 36.87854], [73.524294, 36.879343000000176], [73.52270600000014, 36.881767], [73.51604700000019, 36.887375], [73.514854, 36.888326], [73.51352, 36.88976600000018], [73.513358, 36.890022], [73.51319100000012, 36.89046400000018], [73.51234, 36.891128], [73.5120030000001, 36.89138300000019], [73.508645, 36.89262700000012], [73.50704600000012, 36.89250300000015], [73.506977, 36.89248], [73.50672000000014, 36.892394], [73.50566800000013, 36.892143], [73.503984, 36.89195100000012], [73.49999200000013, 36.89237600000013], [73.49973200000017, 36.89241300000015], [73.49930200000011, 36.89247500000016], [73.49892700000015, 36.89259300000015], [73.498206, 36.892821], [73.49717900000013, 36.893226], [73.49672000000015, 36.89363700000018], [73.49632, 36.89388], [73.49619600000011, 36.893955], [73.49409800000012, 36.894444000000135], [73.49176200000011, 36.89495300000016], [73.49122200000016, 36.894902], [73.49089300000014, 36.894522], [73.48988700000018, 36.893722], [73.48805700000014, 36.892579], [73.48773, 36.892614], [73.487622, 36.892657], [73.48749900000013, 36.892706], [73.48527100000018, 36.893746000000135], [73.48299900000012, 36.89528300000012], [73.48095300000011, 36.89670700000016], [73.480712, 36.89691500000015], [73.479741, 36.897416], [73.478865, 36.897047], [73.477184, 36.89587100000011], [73.47676000000013, 36.8954480000001], [73.47622100000012, 36.894967], [73.474327, 36.89374400000014], [73.47377800000015, 36.89354800000012], [73.46938, 36.89241500000014], [73.4667060000001, 36.89196200000015], [73.46135400000014, 36.891909], [73.46083000000016, 36.89190600000012], [73.46008100000017, 36.892129000000125], [73.45806100000016, 36.892884], [73.45784, 36.89302500000019], [73.45770400000015, 36.893112], [73.45732700000019, 36.89352], [73.457207, 36.893691], [73.45711200000017, 36.8938270000001], [73.45675, 36.89408700000013], [73.452312, 36.893877000000145], [73.451979, 36.893836000000135], [73.451645, 36.893794000000184], [73.45078700000016, 36.893651], [73.45061700000014, 36.89362], [73.45029300000016, 36.89356], [73.44992600000012, 36.893343000000186], [73.45045600000014, 36.892596], [73.45083000000017, 36.892074], [73.45098500000017, 36.891866], [73.451089, 36.891727], [73.451359, 36.891171], [73.4514490000002, 36.89043800000019], [73.45106200000015, 36.887531], [73.45091400000018, 36.88701600000019], [73.44998400000014, 36.88613600000019], [73.44944900000013, 36.885688], [73.44896200000017, 36.885471], [73.448113, 36.885461000000134], [73.44641800000016, 36.885973], [73.44578100000018, 36.886311], [73.44522400000011, 36.886647], [73.443029, 36.888118], [73.439813, 36.89118], [73.43961800000011, 36.891479000000174], [73.4395540000001, 36.89157800000015], [73.43968, 36.892107], [73.43994100000015, 36.89254100000011], [73.44049000000012, 36.89324600000015], [73.440932, 36.893856], [73.437634, 36.89419700000013], [73.426101, 36.89512900000017], [73.42558600000012, 36.895114], [73.424849, 36.894971], [73.424699, 36.89474400000012], [73.42449200000016, 36.89443], [73.421275, 36.893238], [73.419802, 36.89316000000014], [73.4171370000002, 36.893558], [73.41447200000016, 36.89406], [73.41314, 36.894415], [73.410366, 36.895726], [73.408666, 36.896935], [73.406868, 36.897973], [73.4043030000002, 36.898853], [73.40065900000013, 36.899108], [73.400164, 36.898861], [73.39952300000016, 36.898265], [73.39779500000014, 36.895984], [73.39782300000019, 36.895858], [73.39793200000014, 36.895378000000164], [73.398028, 36.89500800000013], [73.398079, 36.894812], [73.398354, 36.89412000000016], [73.39779500000014, 36.893322], [73.39568000000014, 36.89079700000019], [73.395039, 36.89009600000014], [73.392828, 36.889355], [73.389247, 36.888518], [73.386744, 36.888305], [73.385951, 36.888255000000186], [73.384577, 36.8882430000001], [73.38287600000012, 36.888272], [73.380861, 36.88863500000019], [73.379287, 36.888887], [73.3787050000002, 36.888921], [73.37783100000019, 36.888972], [73.376846, 36.88870500000013], [73.375943, 36.88802900000013], [73.375816, 36.88713600000017], [73.3757240000001, 36.88607], [73.3757260000001, 36.885155], [73.376041, 36.884206], [73.376228, 36.884004000000175], [73.376754, 36.883438], [73.37764800000014, 36.882951000000105], [73.378117, 36.881872], [73.377675, 36.8807], [73.3771670000001, 36.87979], [73.37650800000011, 36.87963300000018], [73.37206800000013, 36.878903], [73.3713120000001, 36.8792], [73.36939500000011, 36.88009200000016], [73.365659, 36.8817360000001], [73.36466000000019, 36.881825], [73.363506, 36.88163], [73.36273000000017, 36.880620000000135], [73.36237300000016, 36.879974000000175], [73.362221, 36.879337], [73.36211100000014, 36.878876000000105], [73.361799, 36.878448], [73.36127200000016, 36.87822400000016], [73.35419400000018, 36.878655], [73.35334100000011, 36.87900800000017], [73.35315500000019, 36.879085000000146], [73.35264100000012, 36.88050200000015], [73.35024100000015, 36.884744000000126], [73.350068, 36.885031], [73.34986700000013, 36.885363], [73.34923600000013, 36.88592100000017], [73.34741800000018, 36.88654700000012], [73.340375, 36.888855], [73.33723700000013, 36.89062900000016], [73.33692200000019, 36.89070400000014], [73.33219600000012, 36.889988], [73.328399, 36.888777], [73.32496600000019, 36.887577], [73.323904, 36.8871], [73.3234760000002, 36.886519], [73.32330200000018, 36.886282], [73.323294, 36.88601700000015], [73.32327800000013, 36.88547000000017], [73.32359800000017, 36.88439000000017], [73.32380600000016, 36.883391], [73.323741, 36.883274], [73.32353, 36.882895], [73.32288300000016, 36.882315], [73.312486, 36.873259], [73.30894300000011, 36.869535], [73.30612400000012, 36.868888], [73.30355500000019, 36.868587], [73.30208, 36.86863], [73.30180300000018, 36.86864700000018], [73.300914, 36.86877800000019], [73.29976500000015, 36.869405], [73.29864700000019, 36.87055900000013], [73.29818500000016, 36.87156000000016], [73.29799800000012, 36.87202400000018], [73.297909, 36.872245000000134], [73.298238, 36.872942], [73.297827, 36.873829000000114], [73.297031, 36.87467800000019], [73.29495, 36.87665700000019], [73.292615, 36.87920300000013], [73.29189500000018, 36.880237], [73.291593, 36.880803000000185], [73.29151700000017, 36.881098], [73.291365, 36.88159400000012], [73.290968, 36.882741000000124], [73.290541, 36.88289600000019], [73.29025900000016, 36.8829980000001], [73.28865500000018, 36.883472], [73.28784300000012, 36.8836960000001], [73.28719, 36.88375600000012], [73.286284, 36.88382700000011], [73.285066, 36.883825000000115], [73.28320400000018, 36.88387500000016], [73.28180900000018, 36.883968], [73.280365, 36.884436], [73.2778080000001, 36.885618000000136], [73.27364, 36.88775600000014], [73.272447, 36.88879900000012], [73.27044300000017, 36.890587], [73.270281, 36.890786], [73.2677690000001, 36.891014], [73.26002, 36.88938400000018], [73.259624, 36.88925300000017], [73.256841, 36.887617], [73.25658000000016, 36.887232], [73.256429, 36.886861000000124], [73.256225, 36.886488], [73.25473200000016, 36.884002], [73.2536730000001, 36.88337800000011], [73.251471, 36.883202], [73.246124, 36.8833350000001], [73.24270700000017, 36.88389000000018], [73.2423480000001, 36.884204], [73.24218900000011, 36.88462], [73.24194000000011, 36.884894], [73.24134, 36.88494400000019], [73.23950600000018, 36.88506600000011], [73.23673600000012, 36.884715], [73.23650400000014, 36.884662000000105], [73.23615600000011, 36.884582], [73.232359, 36.883607], [73.23045800000011, 36.883109], [73.22978200000011, 36.882866], [73.229365, 36.882694000000185], [73.229148, 36.882373], [73.227063, 36.882401], [73.226236, 36.882552000000146], [73.22188200000016, 36.885355], [73.218197, 36.88785500000017], [73.217729, 36.888208], [73.2147330000002, 36.887549], [73.21384000000018, 36.887238], [73.21262000000013, 36.8864870000001], [73.21226400000018, 36.885937], [73.212134, 36.88532800000013], [73.212121, 36.884814], [73.211608, 36.884533], [73.204903, 36.880962], [73.198061, 36.87914], [73.195521, 36.87859300000014], [73.18531300000012, 36.878128], [73.18398200000013, 36.878238], [73.183464, 36.87834700000019], [73.17907000000014, 36.879704], [73.175328, 36.881161000000134], [73.165915, 36.885118], [73.15440000000012, 36.893833], [73.154204, 36.89400300000011], [73.152587, 36.894193], [73.147681, 36.89475300000015], [73.14679000000018, 36.89434700000015], [73.14607200000012, 36.89378500000015], [73.146046, 36.893597], [73.14600800000017, 36.89333200000016], [73.145769, 36.893078000000116], [73.14371100000017, 36.891354], [73.138924, 36.88855700000016], [73.13830100000018, 36.888755000000174], [73.138136, 36.888807], [73.136357, 36.88883600000014], [73.12815900000015, 36.8851130000001], [73.1218150000002, 36.882223], [73.120875, 36.881730000000175], [73.11903200000012, 36.88109600000013], [73.11820100000011, 36.88097400000015], [73.11200100000013, 36.881192], [73.111427, 36.881226], [73.10561200000018, 36.882444], [73.099704, 36.884228], [73.09215500000016, 36.88478700000013], [73.087383, 36.88586], [73.08449100000018, 36.886735], [73.082922, 36.88715500000012], [73.082368, 36.887165], [73.08222600000016, 36.887137], [73.081445, 36.886982], [73.073712, 36.88517800000017], [73.07163700000012, 36.88546600000018], [73.0710590000001, 36.885535], [73.070376, 36.885616], [73.06861400000014, 36.885576], [73.068002, 36.885361], [73.066275, 36.88432], [73.063845, 36.882507000000146], [73.0635, 36.881888], [73.063265, 36.88108], [73.063345, 36.88091200000014], [73.06362700000017, 36.88032], [73.06465800000018, 36.87845], [73.065732, 36.876235], [73.065685, 36.87296000000015], [73.065528, 36.872351], [73.056415, 36.868175], [73.05565400000017, 36.867901], [73.05489100000011, 36.86792500000013], [73.053456, 36.86802000000017], [73.05171200000018, 36.8682510000001], [73.049521, 36.868601000000126], [73.047054, 36.868913000000134], [73.04492300000015, 36.8690840000001], [73.04414400000013, 36.86904600000014], [73.042726, 36.868587], [73.041903, 36.86817600000012], [73.039905, 36.866905], [73.03991900000017, 36.86686], [73.040355, 36.86493700000017], [73.041021, 36.86175900000012], [73.04076900000013, 36.86067900000012], [73.040399, 36.86006400000019], [73.03999400000015, 36.859624], [73.03941500000019, 36.85912900000011], [73.03195200000016, 36.859609], [73.03125600000016, 36.85989600000016], [73.030609, 36.860578], [73.030119, 36.861148000000185], [73.02929800000015, 36.861563], [73.02581, 36.861836], [73.015872, 36.861761000000115], [73.014745, 36.861507], [73.01362, 36.86146500000012], [73.01257600000014, 36.86143], [73.011426, 36.861497], [73.010994, 36.861683], [73.010853, 36.861743], [73.009988, 36.8616770000001], [73.00918200000018, 36.86153800000011], [72.99958, 36.860305], [72.99878600000011, 36.86031300000019], [72.998075, 36.861365], [72.99769600000019, 36.86178], [72.99743300000011, 36.862067], [72.99565400000017, 36.863915000000134], [72.99470300000019, 36.86403300000018], [72.994311, 36.864044], [72.99380700000012, 36.864058000000114], [72.99227700000017, 36.86394100000018], [72.990449, 36.863374000000135], [72.98896400000012, 36.86276000000015], [72.98704700000013, 36.86232200000018], [72.98627800000014, 36.86222], [72.985305, 36.86344700000018], [72.984798, 36.864567], [72.983933, 36.865606], [72.98276600000014, 36.86586000000017], [72.981891, 36.86580900000018], [72.980333, 36.865966], [72.979899, 36.866105000000175], [72.9794270000001, 36.86625700000013], [72.97862900000013, 36.866801], [72.97631500000017, 36.868976], [72.97462100000018, 36.87097100000011], [72.9703990000001, 36.874992], [72.969246, 36.875642], [72.96801700000015, 36.87613900000014], [72.966592, 36.876544], [72.95958000000019, 36.876978], [72.954144, 36.875908], [72.95302300000014, 36.875251], [72.946631, 36.869171], [72.944172, 36.865438], [72.94512600000013, 36.864068], [72.94523800000013, 36.86266300000011], [72.944892, 36.861739], [72.943586, 36.860318], [72.942699, 36.860143000000164], [72.941531, 36.86004], [72.93912000000017, 36.859071], [72.93553400000013, 36.85709800000012], [72.935166, 36.856808000000115], [72.93414300000018, 36.85162], [72.934516, 36.85113200000012], [72.934988, 36.85060600000014], [72.93509200000017, 36.849705], [72.93465400000014, 36.847874], [72.93453800000015, 36.847726], [72.93419200000011, 36.847286], [72.93139300000018, 36.844289], [72.930033, 36.842962], [72.929371, 36.84262000000018], [72.92885, 36.842676], [72.928513, 36.842713], [72.9278240000001, 36.842901000000154], [72.92336300000011, 36.844145], [72.916417, 36.84619000000015], [72.913304, 36.84774200000015], [72.912492, 36.848247000000185], [72.911251, 36.848703], [72.909687, 36.84884], [72.90881800000017, 36.84880900000013], [72.907609, 36.848756], [72.9071850000002, 36.848737], [72.906316, 36.848697], [72.90484700000019, 36.84860700000013], [72.90343100000013, 36.848423], [72.90210200000013, 36.848161000000175], [72.8986530000002, 36.845743], [72.896404, 36.84396800000013], [72.89643100000018, 36.843793], [72.8965050000001, 36.843320000000176], [72.89673500000015, 36.842816], [72.89679100000012, 36.841306000000145], [72.89606600000019, 36.84075800000011], [72.895336, 36.840294], [72.8943740000002, 36.839872000000184], [72.89258300000012, 36.839394], [72.89125800000011, 36.83922300000012], [72.889441, 36.83922300000012], [72.888069, 36.839265], [72.882008, 36.84093700000017], [72.878103, 36.842466], [72.87694300000015, 36.842203000000154], [72.87574700000016, 36.84172000000012], [72.874748, 36.841264], [72.87326797800017, 36.84098118100019], [72.87319900000017, 36.840968], [72.87132200000013, 36.840856], [72.86470600000018, 36.84077800000017], [72.856606, 36.843764000000135], [72.853704, 36.844952], [72.85284200000018, 36.845596], [72.85212100000018, 36.845829], [72.85103900000018, 36.84584000000012], [72.84952700000014, 36.845579], [72.848525, 36.84520500000019], [72.847452, 36.84468], [72.84316600000017, 36.842782], [72.8386060000002, 36.841161], [72.837574, 36.841348], [72.833472, 36.84209], [72.82916800000015, 36.841840000000104], [72.82861800000012, 36.841796], [72.828224, 36.841764], [72.82680200000016, 36.841631], [72.825618, 36.84118800000016], [72.825148, 36.840965], [72.82467600000012, 36.84074100000015], [72.820547, 36.8412], [72.81866700000012, 36.84155900000013], [72.8182320000002, 36.84268800000012], [72.81790500000011, 36.84317], [72.81746800000019, 36.843813000000125], [72.816975, 36.84430700000013], [72.81666600000011, 36.844616000000144], [72.81605500000018, 36.845137], [72.815152, 36.84577300000012], [72.81388800000013, 36.84629], [72.812704, 36.846607000000176], [72.811732, 36.846721], [72.80961200000019, 36.847372], [72.806429, 36.848482], [72.804284, 36.849499], [72.80314300000015, 36.850371], [72.802196, 36.8506660000001], [72.80151, 36.850543], [72.80063, 36.850312000000145], [72.799041, 36.84988], [72.79794300000015, 36.84935900000016], [72.796257, 36.848346], [72.794194, 36.84687100000019], [72.791493, 36.845489], [72.780966, 36.843117], [72.776089, 36.842951], [72.77489900000018, 36.843249000000185], [72.77475900000013, 36.843993], [72.7736440000001, 36.846169], [72.76800900000012, 36.854177], [72.764176, 36.85443800000013], [72.762224, 36.854442], [72.761217, 36.8543370000001], [72.76044600000017, 36.85410600000017], [72.75987700000019, 36.85392100000013], [72.75908200000015, 36.853037], [72.758963, 36.852938000000165], [72.75851300000011, 36.85256400000014], [72.7579290000001, 36.852608], [72.75548400000014, 36.852856000000145], [72.754384, 36.85302300000012], [72.754109, 36.853278], [72.75399800000014, 36.853381], [72.75398100000012, 36.854083], [72.753761, 36.854925], [72.753388, 36.855071], [72.75307800000019, 36.85519200000016], [72.75051400000018, 36.853782], [72.74954200000019, 36.853197], [72.74816700000014, 36.852364], [72.747645, 36.85156400000017], [72.74583300000012, 36.85020500000019], [72.744639, 36.849433], [72.74353800000011, 36.84887], [72.740955, 36.84775100000019], [72.739943, 36.84779], [72.736569, 36.847409], [72.73545100000013, 36.847055000000125], [72.73119600000012, 36.844326], [72.729926, 36.843218], [72.72868400000016, 36.84194100000013], [72.72801900000019, 36.841464], [72.72541400000011, 36.84018500000013], [72.719747, 36.83764800000017], [72.71903800000013, 36.837385], [72.71771100000012, 36.83715100000012], [72.71561600000013, 36.838041], [72.714657, 36.839077000000145], [72.713245, 36.839886], [72.705251, 36.84399400000018], [72.701242, 36.843461000000104], [72.69776700000017, 36.842893], [72.694788, 36.84234], [72.69237800000013, 36.841601], [72.68878000000018, 36.84107600000016], [72.688257, 36.841122], [72.687428, 36.84119600000014], [72.673428, 36.8449250000001], [72.67128200000013, 36.846092], [72.670562, 36.846406], [72.668497, 36.846777], [72.66083100000014, 36.847024], [72.659139, 36.846753], [72.658058, 36.84774900000019], [72.65572400000019, 36.85121], [72.652539, 36.851927], [72.64699800000011, 36.85049700000019], [72.636897, 36.843947000000185], [72.63646600000015, 36.84354], [72.63620200000014, 36.843291], [72.635488, 36.843106], [72.63475000000011, 36.842915], [72.63371000000018, 36.842814], [72.63247700000016, 36.842707], [72.6311360000002, 36.84286500000019], [72.62715, 36.84345900000011], [72.62623800000011, 36.84368400000011], [72.625032, 36.84418900000014], [72.62283, 36.844646000000125], [72.622042, 36.844612000000154], [72.621724, 36.844598], [72.620531, 36.84444300000018], [72.61347900000015, 36.84139400000015], [72.61215900000019, 36.839514], [72.61126300000012, 36.838222], [72.61115400000017, 36.838030000000174], [72.6099050000002, 36.837432], [72.60787800000014, 36.836871], [72.6058680000001, 36.83698600000014], [72.60073100000017, 36.83694300000013], [72.60007200000018, 36.836753], [72.59998800000017, 36.836716], [72.599281, 36.836402000000135], [72.598782, 36.836126], [72.59852400000017, 36.83598300000011], [72.598057, 36.835882], [72.59692900000016, 36.83564200000012], [72.595805, 36.835621000000174], [72.59372500000012, 36.835913000000176], [72.593465, 36.83602800000011], [72.592962, 36.836251], [72.59160600000013, 36.837277], [72.5904090000002, 36.837993000000154], [72.590068, 36.837877000000105], [72.58956100000017, 36.83770300000015], [72.588924, 36.837265000000116], [72.58874900000018, 36.837144], [72.587882, 36.83647500000012], [72.58662, 36.83541500000018], [72.58477100000016, 36.83386000000013], [72.58168300000011, 36.832217], [72.58128000000016, 36.83206700000011], [72.580916, 36.83193200000011], [72.577831, 36.831539], [72.576519, 36.83161200000012], [72.57586, 36.83166400000016], [72.57532000000015, 36.831706], [72.574263, 36.831534], [72.572176, 36.829052], [72.569463, 36.826723], [72.56892000000016, 36.826481000000115], [72.56852900000013, 36.826307], [72.56719200000015, 36.826285], [72.566113, 36.826538], [72.565009, 36.826997000000176], [72.563878, 36.827662000000146], [72.562457, 36.828539], [72.561291, 36.828968], [72.55865, 36.82823500000012], [72.555598, 36.822066], [72.5549840000001, 36.820428], [72.554838, 36.81977000000012], [72.55040100000014, 36.814312], [72.543345, 36.811051], [72.541857, 36.810553], [72.541617, 36.810503], [72.540872, 36.810348], [72.540063, 36.810412000000156], [72.539459, 36.81029000000018], [72.538798, 36.81015600000012], [72.537772, 36.809897], [72.536188, 36.80903400000017], [72.533283, 36.806478], [72.53190100000012, 36.804601], [72.531415, 36.803935], [72.530573, 36.80312700000013], [72.52954100000011, 36.80249600000013], [72.528691, 36.80236100000013], [72.526896, 36.80241200000012], [72.525452, 36.802117], [72.524302, 36.80183100000016], [72.523909, 36.80104700000015], [72.521129, 36.79692100000017], [72.519598, 36.795219], [72.51870400000013, 36.794319], [72.518224, 36.79426700000016], [72.517775, 36.79421800000017], [72.517235, 36.79403900000011], [72.516694, 36.79385900000011], [72.515272, 36.79329600000011], [72.513207, 36.791911], [72.510203, 36.789797000000135], [72.50274400000018, 36.783832], [72.501764, 36.782114], [72.501467, 36.78127200000017], [72.49709800000016, 36.77988500000015], [72.495675, 36.78037900000015], [72.49209300000012, 36.781455], [72.488616, 36.78072500000019], [72.485722, 36.779526], [72.48480000000012, 36.779099000000144], [72.48339, 36.777883], [72.48268900000011, 36.77717300000012], [72.48229, 36.777052], [72.481585, 36.776839000000166], [72.480333, 36.776612], [72.479515, 36.77661300000011], [72.477884, 36.776615000000106], [72.476132, 36.77684100000016], [72.47510700000015, 36.77706200000017], [72.47340800000012, 36.777381000000105], [72.47187400000018, 36.777549000000135], [72.47010200000011, 36.777576], [72.4681460000001, 36.777452], [72.4667130000002, 36.777318], [72.46069900000015, 36.77550900000011], [72.446687, 36.774068], [72.4461510000001, 36.774142000000154], [72.4433580000001, 36.774755], [72.440989, 36.775435000000186], [72.43945100000013, 36.776051000000166], [72.438492, 36.77735800000016], [72.43697800000018, 36.7781930000001], [72.431985, 36.78063500000019], [72.43089100000014, 36.780929000000185], [72.429647, 36.781086], [72.428398, 36.781224], [72.427079, 36.781314], [72.42300300000011, 36.78146100000015], [72.41593000000017, 36.780224000000146], [72.412809, 36.77963400000016], [72.41238100000015, 36.779422], [72.411811, 36.779139], [72.411403, 36.77884000000017], [72.411027, 36.778565000000185], [72.40726400000011, 36.777743], [72.4054530000002, 36.777492], [72.40505500000012, 36.77746800000017], [72.40173000000016, 36.776947], [72.395378, 36.77544100000017], [72.39527800000013, 36.77421900000013], [72.39562200000017, 36.773488], [72.39625300000012, 36.772625], [72.396632, 36.772152000000176], [72.396669, 36.771758], [72.39669600000019, 36.77147], [72.39605800000015, 36.765140000000144], [72.394528, 36.762970000000166], [72.39357400000017, 36.762182000000166], [72.39217600000012, 36.76230600000014], [72.390876, 36.762473000000114], [72.3892320000001, 36.762782], [72.387912, 36.762872], [72.385625, 36.762705], [72.379596, 36.760779], [72.373314, 36.75913900000012], [72.36449800000014, 36.75919300000015], [72.362726, 36.758657], [72.36145400000015, 36.75875900000011], [72.360285, 36.75904500000013], [72.35894800000011, 36.759783], [72.357522, 36.760618], [72.355064, 36.76161300000018], [72.34312200000016, 36.76493600000015], [72.34008800000015, 36.76577100000014], [72.33667600000012, 36.766671000000144], [72.335443, 36.766706], [72.33446600000019, 36.76584900000017], [72.33330400000017, 36.764823], [72.33257400000014, 36.763943], [72.33163100000013, 36.7626580000001], [72.331233, 36.761981], [72.33084, 36.761204], [72.33132200000011, 36.75987], [72.33200000000011, 36.758420000000115], [72.33285500000017, 36.75722200000013], [72.332938, 36.75609900000012], [72.331815, 36.75343300000014], [72.331381, 36.75316700000019], [72.32976800000017, 36.753064000000165], [72.32843700000018, 36.75302900000014], [72.32764500000019, 36.753116], [72.326935, 36.75310000000013], [72.323273, 36.75267300000013], [72.322287, 36.75234200000011], [72.32163, 36.751974], [72.317209, 36.74910000000011], [72.31646500000011, 36.748162], [72.31643500000013, 36.747261], [72.313779, 36.7449610000001], [72.30812, 36.74259], [72.29919200000018, 36.740185], [72.298276, 36.74002300000012], [72.29723300000012, 36.74081], [72.295382, 36.74186100000014], [72.28919100000013, 36.74494200000015], [72.28759800000012, 36.745564000000115], [72.28694200000018, 36.745759], [72.28251200000011, 36.746314000000154], [72.28009, 36.74655800000011], [72.27884100000011, 36.74663600000014], [72.278342, 36.74630500000012], [72.277926, 36.74603000000013], [72.27670700000016, 36.74578], [72.27393100000012, 36.746408000000145], [72.261858, 36.74999600000018], [72.257356, 36.751834], [72.25549400000017, 36.752281], [72.25347, 36.752535], [72.246562, 36.7524360000001], [72.24653700000016, 36.75032400000015], [72.24648300000013, 36.74731000000014], [72.24603800000011, 36.746441000000175], [72.2452620000002, 36.74526600000013], [72.24383100000011, 36.744288], [72.24263400000018, 36.74357000000015], [72.24207700000011, 36.74326500000012], [72.234876, 36.740214], [72.230837, 36.73918800000013], [72.2293210000002, 36.735301], [72.230788, 36.730758], [72.2310320000002, 36.7285], [72.229451, 36.728066], [72.22855600000014, 36.72793400000012], [72.22764800000016, 36.727969], [72.22451600000016, 36.728118], [72.2238, 36.728370000000155], [72.223442, 36.728496], [72.22226400000017, 36.728676], [72.221148, 36.728661], [72.218179, 36.728011], [72.21626800000018, 36.727259], [72.213935, 36.726263], [72.213454, 36.725337], [72.213123, 36.7245630000001], [72.21322700000013, 36.72386600000016], [72.21316, 36.7235], [72.213072, 36.723021], [72.21053300000017, 36.72075100000018], [72.20923600000015, 36.7209], [72.207735, 36.72112600000014], [72.2062130000001, 36.721374], [72.20434600000016, 36.721691000000135], [72.20359400000012, 36.72208200000017], [72.20269700000017, 36.722549], [72.20193200000011, 36.723049], [72.20017600000011, 36.72325200000017], [72.199215, 36.723188], [72.196953, 36.721922], [72.18848900000017, 36.716286], [72.18474500000019, 36.711408], [72.18627, 36.709607], [72.187865, 36.708085], [72.18965200000014, 36.706889], [72.19172600000013, 36.70561700000013], [72.193687, 36.70500800000019], [72.194552, 36.70479900000015], [72.19574100000017, 36.70432500000015], [72.19356400000015, 36.70284100000015], [72.19000000000017, 36.700027], [72.188056, 36.698022], [72.18708000000015, 36.696226], [72.18872700000014, 36.69379800000013], [72.189604, 36.69296600000018], [72.19371000000018, 36.690140000000156], [72.19488200000012, 36.689377], [72.19654400000019, 36.688571], [72.19736400000016, 36.688204], [72.197644, 36.688078], [72.19847600000014, 36.68650700000012], [72.198746, 36.68535700000018], [72.19874900000019, 36.685102], [72.19875300000012, 36.68471700000015], [72.199038, 36.68329100000011], [72.19945500000017, 36.68150900000012], [72.203576, 36.67617400000012], [72.205169, 36.67520400000012], [72.206582, 36.67273100000017], [72.2091, 36.665091], [72.20951600000018, 36.663638000000105], [72.2076180000002, 36.66025500000012], [72.202361, 36.656336], [72.201551, 36.655992], [72.20080700000011, 36.655677], [72.19765200000018, 36.655174], [72.194954, 36.65494400000017], [72.19406200000014, 36.65505900000011], [72.19366100000019, 36.65511100000015], [72.19243700000015, 36.655446000000154], [72.184909, 36.655466], [72.17914700000011, 36.65498900000017], [72.17823, 36.65498900000017], [72.17707400000018, 36.655037], [72.17599800000016, 36.65517800000015], [72.17484500000012, 36.655331], [72.174256, 36.65544800000015], [72.16603700000019, 36.65768], [72.163966, 36.658542000000125], [72.162692, 36.659510000000125], [72.161014, 36.658826], [72.15917000000013, 36.65802500000018], [72.156256, 36.657021], [72.15434000000016, 36.65687400000019], [72.1530360000001, 36.656944], [72.151451, 36.657032], [72.14971500000013, 36.656623], [72.14679100000012, 36.654492], [72.14111900000012, 36.65188900000015], [72.13978600000013, 36.651475], [72.13819, 36.65085000000016], [72.13555400000013, 36.649679000000106], [72.132951, 36.648312000000146], [72.13199700000013, 36.647145], [72.131107, 36.64668200000011], [72.12593700000019, 36.64623800000015], [72.11869500000017, 36.647072], [72.11144300000018, 36.64760600000017], [72.10048100000017, 36.64785900000015], [72.096512, 36.647102], [72.09594800000013, 36.646724], [72.09550000000019, 36.646211], [72.094972, 36.645543], [72.094882, 36.645429], [72.09451200000012, 36.64441100000016], [72.09375200000011, 36.641775000000166], [72.093367, 36.640307], [72.09063900000012, 36.63096], [72.089032, 36.628627000000165], [72.08761000000015, 36.6266040000001], [72.08654500000017, 36.62547], [72.08557900000017, 36.624561], [72.085314, 36.622185], [72.085473, 36.613031], [72.08672500000011, 36.607801], [72.087291, 36.606382], [72.088369, 36.60516700000011], [72.089414, 36.604142], [72.08949100000018, 36.60280000000017], [72.088502, 36.601916], [72.08746000000019, 36.600757], [72.087057, 36.59902100000011], [72.0875640000001, 36.59740900000014], [72.08782300000018, 36.59709300000014], [72.08820200000014, 36.59662900000012], [72.08821300000011, 36.59626700000018], [72.088221, 36.595993], [72.087841, 36.595334], [72.08446, 36.591008], [72.084159, 36.59063], [72.08358900000019, 36.58991600000013], [72.082634, 36.588944], [72.08197200000012, 36.588545], [72.07981900000016, 36.587893], [72.078819, 36.588072000000125], [72.0698440000001, 36.589944000000116], [72.06507600000015, 36.592099], [72.0639990000002, 36.59262], [72.062415, 36.5928550000001], [72.061732, 36.592889], [72.05997700000012, 36.5921570000001], [72.059325, 36.591491], [72.05879400000015, 36.591128], [72.057767, 36.59061800000012], [72.056805, 36.59042300000016], [72.055633, 36.590228], [72.04946100000012, 36.58962200000013], [72.04327200000017, 36.58975500000014], [72.04208500000016, 36.590012], [72.040581, 36.59041400000012], [72.03535200000016, 36.591437], [72.030426, 36.59197100000017], [72.029814, 36.588644], [72.03034300000013, 36.58311], [72.029065, 36.57697700000017], [72.028651, 36.57530400000013], [72.020586, 36.570117], [72.01484500000015, 36.567446], [72.01080600000012, 36.566129], [72.00909500000012, 36.565246000000116], [72.007199, 36.563849000000175], [72.005086, 36.561434], [72.00476300000014, 36.560661], [72.004541, 36.560124], [72.00431800000013, 36.559587000000136], [72.00367200000011, 36.558042], [72.00335500000017, 36.557391000000166], [72.001941, 36.556693000000166], [71.999193, 36.556262], [71.990053, 36.55518], [71.98926900000015, 36.5555030000001], [71.98848900000013, 36.5558400000001], [71.987395, 36.556128000000115], [71.986193, 36.55622300000016], [71.975914, 36.556207], [71.9681470000001, 36.55648500000018], [71.96339400000011, 36.55656800000014], [71.96273300000013, 36.55644400000017], [71.954144, 36.553598], [71.95356, 36.55326400000013], [71.953026, 36.552512], [71.952751, 36.55171400000012], [71.95086900000013, 36.549539], [71.946684, 36.548217000000136], [71.94304100000011, 36.547177], [71.938783, 36.546383000000105], [71.93848400000019, 36.546404], [71.938096, 36.546432], [71.93745, 36.546551000000136], [71.936358, 36.54648600000013], [71.93584800000019, 36.54637100000019], [71.935775, 36.546284], [71.935749, 36.54610200000013], [71.93422900000019, 36.54202100000015], [71.93227300000018, 36.53797600000013], [71.931855, 36.537137], [71.931574, 36.536855000000116], [71.9312320000002, 36.536524], [71.93084100000016, 36.536164000000156], [71.92901100000012, 36.534491000000116], [71.928682, 36.534287], [71.92830500000014, 36.534162], [71.92788000000013, 36.534085], [71.9239270000001, 36.530633], [71.92403500000012, 36.530378000000155], [71.92455600000011, 36.528618000000165], [71.92468400000018, 36.526919], [71.924139, 36.5225650000001], [71.923476, 36.520656], [71.92298500000015, 36.520063], [71.921792, 36.519045000000176], [71.92052300000017, 36.517962], [71.920125, 36.517609], [71.918834, 36.51599400000015], [71.91847900000016, 36.51549800000015], [71.9179630000001, 36.514319000000114], [71.91703200000018, 36.51133700000014], [71.91667800000016, 36.50985600000013], [71.9140760000002, 36.508734], [71.91210400000011, 36.50821100000013], [71.909963, 36.507869], [71.907572, 36.50751200000019], [71.907065, 36.507452], [71.90564700000016, 36.507358], [71.90473500000019, 36.507416], [71.90461000000016, 36.50749800000011], [71.90415700000017, 36.50779300000016], [71.899392, 36.50727], [71.897026, 36.506802], [71.89469600000018, 36.50548], [71.88819300000017, 36.50283500000012], [71.88774200000017, 36.502884], [71.887551, 36.502905], [71.88686, 36.503015], [71.886061, 36.503115], [71.88378300000016, 36.503338000000156], [71.882874, 36.50336], [71.88206100000014, 36.503373], [71.881382, 36.503277], [71.87702400000012, 36.502393], [71.87379100000015, 36.50152], [71.87341800000019, 36.501407], [71.872721, 36.501196], [71.87163100000015, 36.50099600000016], [71.867809, 36.50107300000013], [71.862764, 36.501656], [71.86063500000017, 36.502119], [71.860222, 36.502323], [71.859111, 36.50244500000014], [71.85664800000012, 36.502506], [71.85326200000014, 36.502384], [71.852198, 36.50217900000018], [71.85124900000017, 36.502197], [71.84630900000019, 36.50286800000015], [71.84282000000019, 36.503658000000144], [71.838362, 36.50509200000016], [71.83673100000016, 36.505702000000156], [71.83542100000011, 36.50639100000018], [71.83347500000019, 36.507346000000155], [71.82783000000012, 36.508377000000166], [71.82695400000011, 36.508511], [71.8247530000001, 36.508685], [71.8244000000002, 36.508687], [71.82365200000015, 36.508593], [71.822461, 36.50837400000012], [71.82123000000013, 36.508033000000125], [71.81990600000017, 36.50775400000015], [71.815171, 36.50753100000014], [71.810274, 36.507388], [71.80519, 36.503474], [71.804447, 36.502841], [71.803569, 36.50190600000013], [71.80341100000015, 36.501679], [71.80319000000014, 36.50136], [71.80308, 36.501067], [71.802919, 36.500559], [71.80278400000014, 36.500101], [71.80265400000019, 36.499472], [71.80260000000015, 36.499061], [71.80245400000018, 36.497938], [71.802465, 36.497744], [71.802487, 36.497375], [71.802738, 36.496791], [71.80295400000017, 36.496509000000174], [71.803481, 36.49573], [71.80362400000018, 36.49537], [71.803861, 36.494388000000185], [71.80203100000017, 36.489655], [71.801738, 36.48904400000015], [71.801165, 36.48801300000014], [71.801006, 36.487774], [71.800548, 36.48709600000012], [71.800338, 36.4869010000001], [71.7992650000001, 36.485906], [71.7989140000002, 36.48559600000016], [71.798466, 36.48520900000011], [71.798247, 36.48488900000012], [71.798101, 36.48458900000014], [71.79797900000011, 36.48421], [71.797869, 36.48375400000015], [71.79766000000018, 36.482881], [71.79768700000011, 36.482518], [71.79769400000015, 36.482424], [71.798354, 36.47627400000016], [71.798459, 36.475584], [71.798732, 36.47451500000011], [71.79889800000012, 36.47398], [71.798992, 36.47375600000015], [71.799017, 36.473698000000184], [71.7994000000001, 36.473027], [71.8001670000001, 36.47188800000015], [71.80053900000019, 36.471488], [71.801495, 36.47094800000019], [71.80223300000017, 36.470622], [71.80465600000014, 36.468126], [71.805405, 36.46727900000019], [71.80590400000017, 36.466417], [71.80640600000015, 36.46526500000016], [71.806362, 36.464606000000174], [71.80638700000014, 36.463954], [71.80639600000018, 36.463735], [71.80640600000015, 36.463514], [71.806448, 36.462634], [71.806695, 36.461923], [71.80681400000014, 36.46158300000019], [71.806914, 36.46135800000019], [71.80713200000014, 36.460869], [71.80920800000018, 36.458696], [71.810168, 36.457799], [71.81058800000011, 36.457419], [71.810888, 36.45717500000012], [71.81115100000017, 36.456689], [71.81126900000015, 36.456173], [71.813494, 36.447279], [71.81369700000016, 36.446812000000136], [71.818114, 36.4389000000001], [71.81897200000014, 36.435954], [71.82039, 36.434548], [71.821193, 36.43428500000016], [71.82519200000019, 36.433442], [71.82348000000013, 36.430555], [71.821753, 36.430258], [71.818434, 36.429506000000174], [71.817713, 36.429286], [71.81720500000011, 36.429058], [71.81657600000017, 36.428636], [71.81647800000019, 36.428378], [71.816326, 36.427826], [71.81630500000011, 36.427557], [71.816289, 36.427350000000104], [71.81627600000019, 36.426959], [71.81627600000019, 36.426617], [71.81640900000019, 36.42349300000018], [71.81648800000016, 36.422482], [71.81652000000014, 36.422351], [71.816536, 36.42228800000015], [71.816654, 36.421938000000125], [71.81695400000018, 36.421674000000166], [71.81861100000015, 36.420348], [71.81918700000017, 36.420035], [71.81956000000014, 36.41982], [71.82031600000016, 36.419312000000104], [71.8206170000002, 36.41907800000013], [71.82147900000012, 36.418094], [71.821695, 36.417763], [71.8218250000001, 36.417374000000166], [71.821822, 36.416752], [71.821785, 36.416403000000116], [71.8215780000001, 36.416015000000186], [71.821251, 36.415637000000174], [71.820948, 36.415299], [71.818252, 36.413172000000145], [71.817575, 36.412649], [71.8166700000001, 36.412381], [71.81594700000016, 36.412189000000126], [71.815115, 36.411969], [71.81389600000011, 36.411584000000175], [71.81325700000014, 36.411334000000124], [71.812798, 36.411103], [71.811831, 36.410378], [71.81159900000011, 36.410198], [71.81142, 36.4100590000001], [71.81069400000018, 36.40928400000013], [71.81027000000012, 36.40881000000019], [71.81014600000015, 36.40867000000014], [71.81006400000012, 36.408577], [71.80997900000017, 36.40829600000012], [71.809952, 36.407694], [71.80994900000019, 36.406975], [71.8099470000002, 36.406587000000115], [71.809628, 36.40538300000014], [71.80948200000012, 36.404995000000156], [71.80851900000016, 36.402474000000154], [71.80826300000012, 36.401872], [71.80663, 36.39927], [71.80198400000018, 36.40001400000017], [71.80057500000015, 36.40028200000012], [71.79976, 36.40045600000013], [71.799303, 36.400554], [71.79282300000017, 36.40237], [71.788856, 36.404403], [71.78760600000015, 36.405148], [71.787403, 36.405483], [71.7871620000002, 36.405881000000136], [71.78598900000014, 36.406908], [71.784399, 36.40798100000012], [71.78091000000018, 36.40998800000011], [71.779886, 36.41038], [71.779311, 36.410542000000135], [71.77869200000015, 36.41074200000014], [71.77802000000014, 36.41104100000018], [71.77733000000012, 36.41137300000014], [71.775541, 36.412381], [71.77201900000011, 36.414985], [71.77172, 36.41523100000012], [71.771514, 36.415402], [71.770722, 36.416242000000125], [71.76640500000013, 36.421696], [71.765964, 36.422444], [71.76539600000012, 36.423511], [71.76513200000016, 36.424019], [71.76478800000012, 36.42482300000012], [71.764345, 36.42585400000013], [71.763849, 36.42640300000011], [71.763128, 36.427112000000136], [71.76046900000017, 36.42851000000019], [71.75712000000016, 36.429432], [71.7552590000002, 36.429637000000184], [71.74941200000012, 36.43170200000014], [71.74898700000011, 36.43247300000013], [71.748224, 36.43322000000012], [71.74197100000015, 36.43788500000011], [71.74105400000013, 36.438466], [71.74042100000014, 36.438609000000156], [71.739406, 36.438835], [71.73884, 36.439026], [71.738077, 36.43958], [71.736567, 36.441429], [71.736042, 36.44235700000013], [71.735776, 36.44315000000017], [71.734859, 36.44441600000016], [71.734387, 36.444948000000124], [71.73202000000015, 36.44701], [71.72906800000015, 36.448313000000155], [71.72754600000013, 36.448943], [71.72160600000018, 36.450756000000126], [71.717916, 36.451690000000156], [71.717159, 36.451811], [71.71582200000017, 36.4517], [71.7140340000002, 36.451732000000106], [71.71343900000016, 36.45188500000012], [71.71327100000013, 36.451929], [71.71089000000012, 36.45267500000011], [71.708586, 36.45400000000018], [71.7079560000002, 36.454955], [71.70777900000013, 36.45522400000016], [71.70707, 36.456309], [71.706716, 36.45690500000018], [71.706306, 36.457891], [71.70618000000013, 36.459115], [71.70606700000019, 36.460291], [71.70497600000016, 36.46018300000014], [71.7028150000001, 36.459551], [71.701805, 36.45924500000018], [71.700791, 36.458727000000124], [71.700219, 36.458129], [71.6992420000002, 36.457346], [71.698304, 36.457301], [71.69402700000018, 36.45748900000018], [71.69269800000018, 36.45760600000011], [71.69078700000017, 36.458085], [71.68594600000017, 36.461172], [71.685713, 36.461652000000186], [71.685354, 36.462389], [71.68442, 36.46334700000011], [71.684087, 36.463688], [71.683591, 36.464195], [71.68316100000015, 36.46451500000012], [71.6784760000001, 36.466388000000165], [71.6756160000001, 36.470247], [71.674821, 36.470921], [71.673102, 36.47170100000011], [71.669439, 36.472737], [71.6670920000002, 36.473507000000154], [71.66575400000016, 36.473990000000185], [71.6636480000002, 36.47514300000017], [71.66184200000015, 36.476196], [71.660935, 36.476861], [71.65862600000014, 36.479358], [71.658391, 36.479738], [71.657665, 36.480914], [71.657715, 36.481751000000145], [71.65774, 36.48217800000015], [71.6569510000001, 36.483566], [71.65551, 36.48347500000017], [71.654819, 36.48338600000011], [71.654127, 36.48329600000011], [71.65147900000017, 36.482478], [71.65000400800011, 36.481842610000115], [71.64888600000018, 36.481361], [71.64665700000012, 36.480284], [71.643762, 36.478963], [71.638721, 36.47676300000012], [71.6373200000001, 36.47701400000011], [71.636781, 36.476441], [71.63669446400007, 36.47633544000007], [71.636085, 36.475592], [71.6359770000002, 36.470243], [71.63598500000018, 36.4702], [71.6370490000001, 36.461656000000175], [71.636417, 36.457525000000146], [71.636162, 36.457237000000134], [71.635623, 36.456466], [71.633532, 36.4528140000001], [71.63364300000018, 36.45252100000016], [71.6336960000001, 36.452382], [71.63528700000012, 36.45034], [71.63663500000013, 36.44867], [71.6368240000001, 36.44850600000012], [71.637324, 36.448007], [71.6376570000001, 36.44752300000016], [71.637777, 36.44729500000011], [71.63779900000014, 36.447252000000105], [71.640071, 36.441894], [71.640033, 36.44159500000012], [71.63991800000014, 36.44143], [71.6398640000001, 36.4413540000001], [71.63963500000017, 36.441123000000175], [71.63947800000017, 36.440978], [71.638687, 36.44082700000018], [71.6384230000001, 36.440779000000134], [71.6378230000002, 36.440723000000105], [71.6371160000001, 36.44066800000019], [71.636372, 36.44061200000016], [71.632716, 36.440373], [71.62979500000012, 36.440368], [71.62911900000012, 36.44016100000016], [71.62852400000014, 36.43995500000017], [71.628075, 36.43969300000015], [71.628366, 36.438094], [71.627652, 36.434392000000116], [71.625907, 36.433922000000166], [71.62422700000019, 36.43328000000014], [71.62326000000013, 36.43269000000015], [71.62275100000011, 36.432302], [71.622948, 36.42977400000012], [71.62301100000013, 36.429183], [71.6230310000002, 36.42899700000015], [71.623465, 36.42832300000015], [71.62443500000018, 36.42744900000014], [71.624757, 36.42666], [71.62500800000015, 36.426003], [71.625728, 36.42411300000015], [71.62539200000015, 36.42042500000019], [71.62468300000012, 36.41827300000011], [71.62154700000013, 36.41480600000017], [71.620008, 36.413795000000164], [71.61886, 36.41332700000015], [71.61713300000014, 36.412514], [71.614811, 36.41020900000012], [71.61443800000012, 36.409818], [71.61402000000015, 36.40937900000017], [71.613935, 36.40837800000014], [71.61406100000016, 36.407716], [71.61411200000015, 36.40745100000015], [71.614629, 36.40550800000017], [71.61542800000012, 36.4045], [71.615919, 36.403248], [71.615511, 36.403102], [71.61410300000011, 36.4026], [71.61172300000015, 36.401753000000156], [71.604858, 36.399538], [71.59903200000014, 36.397093], [71.597174, 36.3932420000001], [71.597215, 36.39292200000011], [71.59728500000017, 36.39237100000014], [71.597292, 36.39210300000019], [71.59730600000012, 36.391561], [71.59716000000014, 36.390631], [71.596818, 36.390169], [71.59633200000019, 36.389568], [71.59570900000017, 36.389156], [71.5932370000001, 36.388072], [71.592548, 36.387911], [71.59066000000018, 36.387589000000105], [71.59002, 36.38763900000015], [71.589608, 36.387671000000125], [71.588554, 36.3875680000001], [71.5882, 36.387533], [71.587015, 36.387131], [71.58614900000015, 36.386769], [71.586014, 36.38671200000016], [71.58515500000016, 36.386222000000146], [71.58507100000014, 36.386092], [71.58478300000013, 36.385646], [71.58458100000013, 36.38471100000015], [71.583507, 36.38314], [71.58309200000019, 36.382602000000134], [71.57742400000018, 36.378277], [71.5753150000001, 36.377442], [71.573818, 36.376976000000184], [71.569451, 36.37564600000013], [71.56820900000014, 36.37532900000019], [71.56682900000015, 36.375096], [71.565024, 36.37474700000013], [71.5624360000001, 36.37415900000019], [71.561345, 36.373905], [71.55800500000015, 36.372691], [71.55859800000019, 36.37142100000011], [71.564444, 36.36341], [71.565331, 36.362625], [71.56951000000015, 36.360808], [71.5739410000001, 36.357946], [71.574344, 36.35765], [71.57593800000012, 36.35581400000018], [71.576637, 36.35492900000014], [71.576733, 36.354589], [71.57681400000013, 36.35430000000014], [71.57690400000013, 36.353642], [71.57720100000017, 36.352663], [71.57759, 36.3522210000001], [71.578088, 36.351879], [71.580959, 36.349917], [71.583964, 36.3491810000001], [71.58608400000014, 36.34872600000011], [71.586738, 36.348578000000145], [71.5873900000002, 36.348322], [71.58833900000019, 36.347595000000126], [71.587526, 36.34687], [71.586899, 36.346439], [71.58610800000014, 36.346378000000186], [71.58558200000016, 36.346409], [71.58480700000013, 36.346314], [71.58413, 36.345892000000106], [71.583245, 36.34510200000011], [71.58178000000015, 36.342104], [71.578605, 36.335017], [71.57644700000014, 36.3293010000001], [71.57649900000018, 36.328904000000136], [71.576564, 36.328218], [71.576562, 36.327481], [71.57431, 36.327067], [71.57360200000011, 36.32706800000011], [71.56821300000013, 36.327205], [71.56240200000013, 36.327456], [71.56175100000013, 36.32766500000014], [71.55246800000015, 36.328898], [71.55213700000013, 36.32891000000012], [71.5471570000002, 36.3281520000001], [71.54016600000011, 36.32746400000019], [71.53969200000017, 36.32744000000014], [71.53890600000011, 36.327548], [71.534798, 36.328551], [71.53418700000014, 36.328854], [71.533403, 36.329894], [71.532827, 36.33091200000018], [71.52999000000017, 36.33299200000016], [71.529165, 36.33358900000019], [71.52827100000019, 36.334129], [71.527041, 36.33475900000019], [71.523422, 36.333797000000175], [71.522728, 36.333362], [71.520684, 36.331467], [71.52044500000017, 36.33123], [71.519424, 36.330186], [71.52001300000012, 36.32907200000017], [71.52133800000013, 36.32766500000014], [71.522006, 36.327181], [71.52235500000012, 36.326793], [71.52302300000014, 36.325968], [71.52329400000013, 36.325593], [71.52445100000017, 36.323525], [71.52111100000019, 36.31954100000013], [71.52007800000018, 36.318747000000144], [71.51979000000011, 36.31823200000014], [71.51945, 36.317578], [71.51959000000011, 36.31716500000016], [71.51989500000013, 36.316816], [71.520319, 36.316461000000174], [71.52060800000015, 36.316247], [71.520834, 36.31599700000015], [71.521241, 36.315389], [71.52143700000016, 36.314935], [71.52184000000011, 36.313482], [71.52155300000015, 36.311221], [71.52148200000016, 36.31081400000011], [71.52131900000018, 36.310075], [71.520336, 36.309272], [71.519922, 36.30898100000019], [71.519246, 36.309047000000135], [71.518791, 36.309144000000174], [71.51750800000013, 36.3092400000001], [71.51506100000017, 36.308651], [71.513625, 36.308239], [71.512305, 36.307621], [71.5119220000002, 36.307441], [71.51162100000016, 36.307075], [71.51063800000014, 36.3051], [71.5102920000001, 36.30374200000011], [71.50957100000016, 36.30228700000015], [71.50834700000013, 36.301139], [71.5062640000001, 36.299733], [71.50390500000015, 36.29988900000018], [71.502599, 36.300090000000125], [71.50141300000018, 36.299946], [71.500289, 36.29954500000014], [71.494956, 36.29731700000019], [71.488457, 36.299209], [71.483025, 36.297399], [71.48184600000019, 36.296407], [71.48099600000018, 36.29554100000013], [71.48059200000017, 36.295042], [71.481237, 36.293788], [71.48247900000013, 36.29062500000015], [71.48239100000012, 36.28971600000011], [71.48208600000015, 36.28880000000015], [71.48127900000014, 36.287017], [71.47852000000012, 36.282884], [71.47515800000014, 36.279275], [71.47307500000011, 36.278489], [71.47117, 36.27796400000011], [71.468643, 36.27750300000014], [71.467723, 36.277358], [71.461232, 36.276553], [71.460528, 36.27573800000016], [71.4596120000001, 36.275022], [71.45773800000012, 36.274122], [71.456138, 36.273636000000124], [71.45463800000016, 36.273517], [71.45367000000016, 36.273395], [71.452618, 36.273058000000105], [71.45171800000014, 36.27269400000017], [71.45045600000014, 36.27217800000011], [71.44767100000013, 36.27077700000018], [71.445456, 36.269506], [71.44489, 36.269098000000156], [71.44291800000013, 36.266475], [71.4425030000001, 36.265639000000135], [71.443041, 36.264096], [71.4445300000001, 36.261443], [71.445577, 36.259809], [71.446026, 36.259206], [71.44600900000012, 36.258362], [71.44465500000018, 36.253903], [71.444125, 36.2528410000001], [71.44363, 36.25249800000017], [71.4431110000001, 36.25215900000018], [71.442194, 36.252028000000166], [71.44076000000013, 36.251759000000106], [71.43993400000016, 36.25127400000014], [71.43942, 36.25017900000012], [71.438945, 36.24912300000017], [71.43935400000015, 36.246524], [71.439578, 36.2450970000001], [71.43951700000014, 36.24224200000015], [71.43942500000014, 36.241612], [71.43912200000011, 36.240310000000136], [71.4372110000001, 36.23508700000019], [71.436612, 36.23376800000011], [71.436109, 36.232705000000124], [71.435757, 36.23248000000012], [71.43121100000013, 36.23008600000014], [71.425709, 36.227195], [71.4185030000001, 36.221507000000145], [71.41554100000019, 36.219871000000126], [71.41223600000012, 36.21804600000013], [71.410866, 36.217826], [71.406022, 36.21608400000014], [71.404605, 36.21554700000013], [71.40356800000018, 36.214563], [71.401787, 36.213469000000146], [71.391887, 36.208287000000155], [71.387334, 36.207221], [71.385723, 36.207135], [71.38442800000018, 36.207137], [71.38267200000018, 36.20704800000016], [71.37954600000018, 36.206635], [71.37877900000012, 36.20576000000017], [71.37466, 36.203601], [71.37251700000019, 36.203934], [71.37195800000012, 36.204018], [71.36241800000016, 36.204655], [71.36198400000012, 36.20456600000011], [71.361208, 36.20438600000017], [71.36096400000014, 36.204316], [71.36059300000016, 36.204118], [71.360817, 36.20305300000018], [71.360078, 36.19937700000014], [71.35813000000013, 36.19222100000013], [71.356934, 36.188317], [71.356875, 36.188042], [71.35696200000012, 36.18758], [71.35705000000013, 36.18717800000013], [71.357234, 36.186776], [71.35750800000017, 36.185707], [71.357595, 36.185363], [71.35761, 36.18466600000011], [71.357577, 36.184047], [71.35746000000012, 36.183163], [71.356689, 36.18177500000019], [71.35621800000018, 36.181164], [71.35526200000015, 36.18013900000017], [71.354705, 36.17981200000014], [71.354134, 36.179545], [71.35255700000016, 36.178664], [71.352, 36.17828800000012], [71.35105600000014, 36.17737100000011], [71.350742, 36.176859], [71.35042900000013, 36.17625900000013], [71.350154, 36.17549100000019], [71.350098, 36.174588], [71.350113, 36.17409700000013], [71.350177, 36.173527], [71.35011800000012, 36.173085], [71.349892, 36.17218000000014], [71.34954500000015, 36.17121600000013], [71.349232, 36.170626], [71.3481210000001, 36.16902000000016], [71.347214, 36.168113], [71.34662, 36.167649], [71.345881, 36.16727200000014], [71.34385400000019, 36.16639000000015], [71.34334400000012, 36.166211], [71.34284600000012, 36.16613000000012], [71.34222600000015, 36.166069], [71.341448, 36.16604600000011], [71.3397930000001, 36.166068000000166], [71.33762700000011, 36.166265000000124], [71.334485, 36.166988], [71.332407, 36.1678940000001], [71.331068, 36.168364], [71.323714, 36.169022000000155], [71.319913, 36.16899200000017], [71.31909, 36.16898], [71.31281600000017, 36.166236], [71.31047, 36.165195], [71.30982500000016, 36.1643820000001], [71.30944500000015, 36.163235], [71.30948200000017, 36.16293500000012], [71.30944500000015, 36.162557000000106], [71.30927600000018, 36.16198400000013], [71.307879, 36.15919300000013], [71.307531, 36.15893800000015], [71.30673100000013, 36.15847600000012], [71.29949600000015, 36.15676100000013], [71.298793, 36.15660700000018], [71.297898, 36.156621], [71.29725100000019, 36.156818], [71.29676300000011, 36.156920000000184], [71.29634900000013, 36.157], [71.29582100000016, 36.157048], [71.29495300000013, 36.156629], [71.29464000000013, 36.156451], [71.293383, 36.154366], [71.293284, 36.15415000000013], [71.292709, 36.152284], [71.292653, 36.1518870000001], [71.29262800000015, 36.151311], [71.29271000000017, 36.1506930000001], [71.29277900000017, 36.150364], [71.29290800000018, 36.15006300000016], [71.292964, 36.149299], [71.290875, 36.147701000000154], [71.2901030000001, 36.14719600000012], [71.283842, 36.14327900000018], [71.283196, 36.142938], [71.28137700000019, 36.142254], [71.2755360000001, 36.13966], [71.273462, 36.137562], [71.27097500000019, 36.13684000000018], [71.268951, 36.136851], [71.268468, 36.13729700000016], [71.267142, 36.13803300000012], [71.264548, 36.139039], [71.263601, 36.138751000000184], [71.26307200000014, 36.13835800000015], [71.26254, 36.13795000000016], [71.25972700000017, 36.13574700000015], [71.25867900000014, 36.134802], [71.25731000000019, 36.1337410000001], [71.2554070000001, 36.1323670000001], [71.2536290000001, 36.131158], [71.252454, 36.130518], [71.25116500000013, 36.13003900000018], [71.250704, 36.12911500000013], [71.250621, 36.12823500000013], [71.25069300000018, 36.127437], [71.250795, 36.126461], [71.251199, 36.125338], [71.252072, 36.12458800000019], [71.253264, 36.123374000000126], [71.253669, 36.12283200000019], [71.253728, 36.121989], [71.25367200000011, 36.12149600000015], [71.252218, 36.11788900000016], [71.2513770000001, 36.116827], [71.25052100000016, 36.11696200000017], [71.24988500000012, 36.11713600000019], [71.24831400000016, 36.118024000000105], [71.247654, 36.118203000000165], [71.246821, 36.117847], [71.24547100000012, 36.11626200000018], [71.24343800000014, 36.11362], [71.243195, 36.11301800000018], [71.24302400000016, 36.11171400000012], [71.24301700000012, 36.10888900000015], [71.244086, 36.10799400000013], [71.25022500000017, 36.10401100000013], [71.25144200000017, 36.1037510000001], [71.253291, 36.10301800000019], [71.25396300000017, 36.10230300000018], [71.253279, 36.100947], [71.25168100000019, 36.098935], [71.251224, 36.098418], [71.24647200000015, 36.0936], [71.24565000000018, 36.092896], [71.244702, 36.092214000000126], [71.243433, 36.092374], [71.242784, 36.09259800000012], [71.24180400000012, 36.093147], [71.24135000000018, 36.09369800000019], [71.239876, 36.09455300000019], [71.23861200000016, 36.09512100000012], [71.23712400000011, 36.095445], [71.229637, 36.09544], [71.229216, 36.095341], [71.2276020000001, 36.093175], [71.2267460000001, 36.09177000000017], [71.225966, 36.091028], [71.22544300000015, 36.09055400000011], [71.22433500000011, 36.089571], [71.22342700000013, 36.08922800000016], [71.2228610000002, 36.089076], [71.221951, 36.089016000000186], [71.220918, 36.088789], [71.21998400000018, 36.088545000000124], [71.218314, 36.0881], [71.21764, 36.087747], [71.21737, 36.08752800000019], [71.2163010000001, 36.08630200000016], [71.21496400000012, 36.081103], [71.215493, 36.079189000000156], [71.215665, 36.07846800000016], [71.21585100000016, 36.077509], [71.21571, 36.076607], [71.215412, 36.07493200000016], [71.214806, 36.0743470000001], [71.212966, 36.07289600000013], [71.2126750000001, 36.072696], [71.211927, 36.072262], [71.209287, 36.07057400000019], [71.208359, 36.068805], [71.20823600000017, 36.068450000000155], [71.20779, 36.06556000000012], [71.2078650000002, 36.064385], [71.20818800000012, 36.06403000000017], [71.20865500000019, 36.063524], [71.20803600000016, 36.061733000000174], [71.2064480000002, 36.06063], [71.2059440000001, 36.06042], [71.2047270000001, 36.060194], [71.202768, 36.059752], [71.201556, 36.058097], [71.200927, 36.05655800000011], [71.20053700000017, 36.055512], [71.199228, 36.05186300000014], [71.19789, 36.044921], [71.19795400000015, 36.039657], [71.19957500000015, 36.03982], [71.2007050000002, 36.039677], [71.201195, 36.039599], [71.201551, 36.03945800000014], [71.205684, 36.036306], [71.206806, 36.035271], [71.207476, 36.03456100000011], [71.207766, 36.034184], [71.20771600000012, 36.033858], [71.20753300000013, 36.033478], [71.207589, 36.03296200000017], [71.209207, 36.03025700000018], [71.20953900000018, 36.029747], [71.21205300000014, 36.02711], [71.212685, 36.02721700000018], [71.21522600000014, 36.028030000000115], [71.21682300000015, 36.028597000000104], [71.21736400000015, 36.028852], [71.21835000000016, 36.029293000000166], [71.22102500000017, 36.0284400000001], [71.22162400000019, 36.02814000000018], [71.22243100000014, 36.02778800000016], [71.225032, 36.028147], [71.226996, 36.02843200000018], [71.228156, 36.028648], [71.22897000000012, 36.028605], [71.229375, 36.02836300000013], [71.23174000000017, 36.02594600000015], [71.234618, 36.022483000000136], [71.234586, 36.020115000000146], [71.23766300000011, 36.018383], [71.238072, 36.018202000000144], [71.23855900000018, 36.018069], [71.239787, 36.017767], [71.240505, 36.01771100000019], [71.2415240000002, 36.01717300000013], [71.244189, 36.01384100000013], [71.24464500000016, 36.013114], [71.24527200000017, 36.012101], [71.245371, 36.01155500000016], [71.245459, 36.01091700000012], [71.245666, 36.01000100000016], [71.24576500000012, 36.009594], [71.245945, 36.009391000000164], [71.249917, 36.00666900000016], [71.25258200000013, 36.005110000000116], [71.253081, 36.00487400000014], [71.2545070000001, 36.003861], [71.255035, 36.002344], [71.254985, 36.002018], [71.2549, 36.001371], [71.25491, 36.001121000000126], [71.25542000000013, 35.99986], [71.25585000000018, 35.9994], [71.25676000000016, 35.99899], [71.25813000000016, 35.99861], [71.25892000000016, 35.99861], [71.26548, 35.99912000000012], [71.27028, 35.99949], [71.27683, 35.99911], [71.27753, 35.99865000000017], [71.27837000000011, 35.99791], [71.27886000000012, 35.99765000000019], [71.27956000000012, 35.9975], [71.28137000000015, 35.99729], [71.28247, 35.99721], [71.28395000000012, 35.99772000000013], [71.28441000000015, 35.998010000000136], [71.28500000000014, 35.99811], [71.28585, 35.99802], [71.28889, 35.99749], [71.28929000000016, 35.99672000000015], [71.29163000000017, 35.99283], [71.29272, 35.99165], [71.29895, 35.98616], [71.29965, 35.985590000000116], [71.30440400000015, 35.982577], [71.305416, 35.982502], [71.30643500000014, 35.98246900000015], [71.30668800000012, 35.98248800000016], [71.307847, 35.98259500000012], [71.3086760000001, 35.982832], [71.30986800000017, 35.982809], [71.313422, 35.98245600000013], [71.31345100000016, 35.982446], [71.313512, 35.982348000000115], [71.31352400000014, 35.982255], [71.31355400000012, 35.98084100000011], [71.313222, 35.979333], [71.31296600000013, 35.97596], [71.312862, 35.97137800000013], [71.313165, 35.970970000000136], [71.31357100000014, 35.97065900000018], [71.31416200000018, 35.97030600000011], [71.31423100000018, 35.970265], [71.3145, 35.970114], [71.31694900000019, 35.9690480000001], [71.31705600000015, 35.96904400000011], [71.317349, 35.9690930000001], [71.31938700000012, 35.965514], [71.317946, 35.963177], [71.3180430000001, 35.962170000000185], [71.31846800000011, 35.960346], [71.31906500000014, 35.95968600000015], [71.31915100000015, 35.95965300000012], [71.32245, 35.95894], [71.32301, 35.95959], [71.32348000000019, 35.95990000000012], [71.32701, 35.96040000000011], [71.32792, 35.96036000000015], [71.33451000000014, 35.96107000000012], [71.33779, 35.96189], [71.33979, 35.9616], [71.34093000000018, 35.96121000000011], [71.34197000000012, 35.96084], [71.34306, 35.961030000000164], [71.35517000000016, 35.96458], [71.35600000000011, 35.965], [71.35696000000013, 35.96553000000017], [71.35784000000012, 35.9663000000001], [71.35858, 35.96701], [71.35936, 35.967260000000124], [71.36777000000018, 35.96806], [71.36908000000017, 35.96811000000014], [71.37734, 35.96068000000014], [71.37826000000018, 35.959660000000156], [71.3786500000001, 35.95834000000019], [71.37949000000015, 35.95725], [71.38036, 35.95646], [71.38108000000011, 35.955920000000106], [71.38236000000012, 35.95505], [71.38406, 35.954220000000134], [71.38513000000017, 35.95393000000013], [71.38714, 35.95295], [71.3876800000001, 35.95244000000014], [71.38819, 35.95181], [71.38848, 35.95102], [71.38861000000014, 35.95033000000018], [71.38843, 35.94909], [71.38807, 35.94869], [71.38727000000011, 35.94827], [71.38661, 35.94776000000019], [71.38612000000018, 35.94729000000018], [71.38540000000012, 35.94560000000013], [71.38658, 35.94389], [71.3870800000002, 35.94332000000014], [71.38564, 35.94143], [71.38420000000013, 35.94], [71.38180000000017, 35.93798], [71.38111, 35.93755], [71.37997, 35.93739000000011], [71.37895, 35.93735], [71.3783, 35.93717], [71.37750000000017, 35.93607000000014], [71.37702, 35.93524], [71.37682, 35.93412000000012], [71.37676, 35.93344000000013], [71.37729000000019, 35.93271000000016], [71.37799, 35.93200000000019], [71.38022000000018, 35.9306], [71.38095000000015, 35.93029000000013], [71.38175000000012, 35.93022000000019], [71.38255, 35.93016000000017], [71.38502000000011, 35.92965], [71.38379000000015, 35.926050000000146], [71.3839, 35.92527], [71.38508000000013, 35.92036], [71.38594, 35.91935000000018], [71.38762000000014, 35.91814], [71.389, 35.91724], [71.39009, 35.91625000000016], [71.38837000000018, 35.91287000000011], [71.38784, 35.91234000000014], [71.38415, 35.90911], [71.38098000000014, 35.90613], [71.38028000000014, 35.905420000000106], [71.38021, 35.90488000000016], [71.38679000000019, 35.89777600000019], [71.38853700000016, 35.89641200000011], [71.39088800000019, 35.8952460000001], [71.39268700000014, 35.89472700000016], [71.39463400000011, 35.893341], [71.39598700000016, 35.891427000000135], [71.39613, 35.89130100000017], [71.39906, 35.890867000000185], [71.40044200000017, 35.89067400000016], [71.40511700000013, 35.890721000000156], [71.40574700000019, 35.890784], [71.40584700000011, 35.890851], [71.4074010000001, 35.892345], [71.407624, 35.892563000000166], [71.40816000000018, 35.893167], [71.4088300000002, 35.89354800000012], [71.409537, 35.893781], [71.412834, 35.894151], [71.41327500000011, 35.894180000000176], [71.4133770000002, 35.894165], [71.41361900000015, 35.894058], [71.414335, 35.893728], [71.41644000000014, 35.89163], [71.41863000000012, 35.88978], [71.4225, 35.88877000000019], [71.4244, 35.88899], [71.42798000000016, 35.88896000000011], [71.42974, 35.8885], [71.43111000000016, 35.88799000000017], [71.43204, 35.88602], [71.43260000000015, 35.884640000000104], [71.43315000000018, 35.88135000000017], [71.43392000000011, 35.87591], [71.43367, 35.87521], [71.43375, 35.874570000000176], [71.43906000000015, 35.868960000000186], [71.44036, 35.86804], [71.44108000000011, 35.867610000000184], [71.44218000000018, 35.86759000000012], [71.44331, 35.86742], [71.44430000000011, 35.86710000000011], [71.44477, 35.86669000000012], [71.44950000000011, 35.86139000000014], [71.45123, 35.85779000000019], [71.45113000000015, 35.857160000000135], [71.45123, 35.85594], [71.4529, 35.85076], [71.45380000000011, 35.849580000000174], [71.45482, 35.84911000000017], [71.45558000000011, 35.84882000000016], [71.45601000000016, 35.8481900000001], [71.45703, 35.84486], [71.45761, 35.840870000000166], [71.46019400000012, 35.833253000000184], [71.460287, 35.832979], [71.460923, 35.83251200000018], [71.46632800000015, 35.82969500000013], [71.4680340000001, 35.82963], [71.46844700000014, 35.82960900000012], [71.46881200000018, 35.829511], [71.46897300000018, 35.82940300000013], [71.47293800000011, 35.826557], [71.474436, 35.825366], [71.474908, 35.82474600000012], [71.47521978600008, 35.82432487700015], [71.47683000000012, 35.82215], [71.4769500000001, 35.81965], [71.47678, 35.81912], [71.47664, 35.81807], [71.47656000000012, 35.81723000000011], [71.47634, 35.81462], [71.47665000000012, 35.81315], [71.47684, 35.812500000000114], [71.47766, 35.81029], [71.47808000000015, 35.80974], [71.4789300000001, 35.80929], [71.48048000000011, 35.808930000000146], [71.48143, 35.80894], [71.48264000000012, 35.80889000000019], [71.48405, 35.80874], [71.48539000000011, 35.80832], [71.48748, 35.80739], [71.48803, 35.80699], [71.48837000000015, 35.80648], [71.48895000000016, 35.80563000000012], [71.49031, 35.80486000000019], [71.4917500000002, 35.80438], [71.49649000000016, 35.80300000000011], [71.49799000000013, 35.80265], [71.49976, 35.80227], [71.50142, 35.802120000000116], [71.50281000000012, 35.80179], [71.50344, 35.80101000000013], [71.50341, 35.80057000000011], [71.50308, 35.79983], [71.50255, 35.79897000000011], [71.50199000000015, 35.79857], [71.50140000000016, 35.79817000000014], [71.49993, 35.79752000000019], [71.49829, 35.79722], [71.49731000000014, 35.79721000000012], [71.49678000000017, 35.7971], [71.4963, 35.79691], [71.49495000000013, 35.79551000000015], [71.49433000000016, 35.79485], [71.49298, 35.79355000000015], [71.49233, 35.79339], [71.48888, 35.7919], [71.48497, 35.7900800000001], [71.48369000000014, 35.78838000000013], [71.48318, 35.78590000000014], [71.48313000000019, 35.78540000000015], [71.48344, 35.78482], [71.48388, 35.78433], [71.48525, 35.78370000000018], [71.48657, 35.78318000000013], [71.48863000000017, 35.781950000000165], [71.48942000000017, 35.78137], [71.48997, 35.7796], [71.49004000000014, 35.77918000000011], [71.49014, 35.77803000000017], [71.48715, 35.77361000000019], [71.48346000000015, 35.76984], [71.48541000000017, 35.76484], [71.48619, 35.76389000000012], [71.4865500000002, 35.76366], [71.48803, 35.76333000000017], [71.48879, 35.76317], [71.49003000000016, 35.76267], [71.4904800000001, 35.76172], [71.49070000000017, 35.76012000000014], [71.4905700000001, 35.75930000000011], [71.49047000000019, 35.75896], [71.49032000000017, 35.75853000000018], [71.48986000000014, 35.75805], [71.48997, 35.75452], [71.49376, 35.74964], [71.49472, 35.74888], [71.49547000000013, 35.74847], [71.49674, 35.748040000000174], [71.49772000000013, 35.74814], [71.49895000000015, 35.74815], [71.49991000000017, 35.74811000000011], [71.50221, 35.747730000000104], [71.50276, 35.74746000000016], [71.50762, 35.74221], [71.50819000000013, 35.74159], [71.50840000000011, 35.74116], [71.50817, 35.74071000000015], [71.50803000000019, 35.74031], [71.50827000000015, 35.73914], [71.50930000000011, 35.73858000000013], [71.51744000000019, 35.73572], [71.51923000000016, 35.73515], [71.52042, 35.73486000000014], [71.52127000000019, 35.73486000000014], [71.52242000000012, 35.7351000000001], [71.52319, 35.73542000000015], [71.52411000000018, 35.73594], [71.5255800000001, 35.73643], [71.52973000000014, 35.73623], [71.53129, 35.735710000000154], [71.53302000000019, 35.73494], [71.53385000000014, 35.7345], [71.53441, 35.73403], [71.53491, 35.733320000000106], [71.53498000000019, 35.73277], [71.53555000000011, 35.73223000000013], [71.53996400000011, 35.72908300000017], [71.541075, 35.728735], [71.54281600000019, 35.728311], [71.546292, 35.727746], [71.54800700000015, 35.727598], [71.5504820000001, 35.72690100000011], [71.55099300000012, 35.72630700000019], [71.55323, 35.7227400000001], [71.55302000000017, 35.72212000000013], [71.55272000000019, 35.72167000000019], [71.55155000000019, 35.72091], [71.55124000000012, 35.720250000000135], [71.55071000000015, 35.7191], [71.54881000000017, 35.71064], [71.54894, 35.70971], [71.54997, 35.70377], [71.5508500000002, 35.69965], [71.55182000000019, 35.69879], [71.55153000000013, 35.69548], [71.55122, 35.69388000000015], [71.55100000000016, 35.69352], [71.54877, 35.69134000000014], [71.54764000000017, 35.69053], [71.54058, 35.68681000000015], [71.53682, 35.68653], [71.53574, 35.68645], [71.5341000000002, 35.68623000000014], [71.53365, 35.68597000000011], [71.53298, 35.68483], [71.53275, 35.68403000000018], [71.53291000000019, 35.6832], [71.53588, 35.6761800000001], [71.53677000000016, 35.67564000000016], [71.53956, 35.67347], [71.54064, 35.67262], [71.53962, 35.67151], [71.53625000000011, 35.66954], [71.53574, 35.66943], [71.53509, 35.66949], [71.53392, 35.6697], [71.53308, 35.66984], [71.53252, 35.6699], [71.53165000000018, 35.66964], [71.52795, 35.66810000000015], [71.52702, 35.66731000000016], [71.526, 35.66550000000018], [71.52553, 35.664650000000165], [71.52549000000016, 35.66407000000015], [71.52393, 35.66301], [71.52315000000016, 35.662550000000124], [71.52124, 35.66179000000017], [71.52003, 35.66163], [71.51932000000016, 35.66170000000017], [71.51838, 35.66191000000015], [71.5175, 35.66215000000011], [71.51545, 35.66278000000017], [71.51274000000018, 35.66344], [71.51218, 35.66324], [71.50987, 35.66201], [71.50893, 35.66137], [71.50806, 35.66077000000013], [71.50652000000014, 35.659250000000156], [71.5060700000002, 35.65822], [71.50617000000011, 35.657060000000115], [71.5087, 35.65271], [71.51175000000018, 35.64473], [71.5116300000002, 35.64393000000018], [71.51076000000012, 35.64051000000018], [71.50967, 35.64054000000016], [71.50758, 35.64041], [71.50529000000017, 35.6389], [71.50344, 35.63707000000011], [71.5000046130001, 35.63266183700017], [71.49952, 35.63204000000013], [71.49938, 35.63174000000015], [71.49947, 35.62972000000019], [71.50067000000018, 35.62901], [71.50166000000019, 35.628440000000126], [71.50288, 35.627750000000106], [71.50384, 35.62732], [71.50475, 35.62663000000015], [71.5055, 35.62575000000015], [71.50594000000012, 35.62502000000018], [71.50621, 35.62457], [71.50594000000012, 35.62335000000019], [71.5055, 35.622210000000166], [71.5052800000002, 35.62133], [71.50572, 35.62075000000016], [71.50617000000011, 35.620320000000106], [71.51184000000012, 35.61591], [71.51469, 35.61474], [71.51577, 35.61461], [71.51671, 35.61427], [71.52055000000013, 35.61019], [71.52087000000017, 35.609730000000184], [71.52124, 35.60864], [71.52126, 35.60834000000011], [71.52127000000019, 35.60711], [71.52111000000014, 35.60634000000016], [71.52334, 35.6054], [71.52405, 35.60530000000011], [71.52483, 35.6052], [71.5277, 35.60512000000011], [71.53273000000019, 35.60432], [71.53659000000016, 35.603470000000186], [71.53753000000017, 35.60326], [71.54666, 35.59983000000011], [71.55355000000014, 35.5947], [71.55787000000015, 35.59099], [71.56017, 35.58888], [71.56316000000015, 35.58719000000019], [71.56393, 35.587020000000166], [71.5651600000001, 35.58678], [71.56631, 35.58707], [71.56909000000019, 35.58644000000015], [71.56977000000012, 35.58576], [71.57257, 35.58327], [71.57694, 35.58124000000015], [71.57785, 35.58142], [71.57975, 35.581320000000176], [71.58058000000017, 35.581230000000176], [71.58793, 35.57961], [71.59509, 35.579750000000104], [71.6004400000001, 35.58116], [71.6027900000002, 35.58149], [71.60653000000019, 35.58147000000014], [71.60771000000011, 35.58126], [71.6092900000001, 35.580920000000106], [71.60993000000013, 35.58065000000016], [71.61223000000018, 35.577290000000175], [71.61445, 35.57397], [71.61557000000016, 35.57331000000016], [71.61636000000016, 35.57305000000014], [71.61695, 35.57304], [71.61813, 35.57304], [71.62040000000013, 35.57123], [71.62040000000013, 35.57079], [71.62037, 35.57022000000012], [71.61778, 35.55453000000011], [71.61697000000015, 35.55155], [71.6164, 35.55102000000011], [71.61474, 35.5506], [71.61381000000017, 35.55048], [71.61278, 35.550160000000176], [71.6103, 35.54802], [71.6103, 35.54601], [71.6104600000001, 35.54565], [71.6105, 35.54485000000011], [71.60987000000017, 35.54378], [71.60614, 35.54101], [71.6022, 35.53826], [71.60049000000015, 35.537770000000194], [71.59901, 35.53717], [71.5989932060001, 35.536862741000164], [71.59874000000013, 35.53223], [71.59947000000011, 35.52921000000015], [71.60108, 35.52604], [71.60179, 35.525410000000136], [71.60204000000016, 35.52317000000011], [71.59996000000018, 35.51777], [71.59970000000015, 35.51733], [71.59820000000019, 35.51687], [71.59766000000013, 35.51626000000016], [71.59692000000018, 35.51483000000013], [71.59662, 35.51286], [71.59676, 35.51213], [71.59761, 35.50967], [71.59697, 35.50569], [71.59620000000012, 35.5051600000001], [71.59419, 35.50318], [71.5939800000001, 35.50188000000014], [71.59385, 35.50107], [71.59405, 35.49993000000012], [71.59521, 35.49891], [71.5962400000002, 35.49832], [71.59773, 35.49714000000017], [71.60069000000016, 35.49402000000015], [71.6005400000002, 35.49334], [71.60069000000016, 35.492520000000184], [71.60104000000018, 35.49160000000012], [71.60520000000014, 35.48237], [71.60687, 35.48165000000017], [71.61232000000018, 35.48064000000011], [71.61419000000018, 35.48041], [71.61516000000017, 35.480400000000145], [71.6160200000001, 35.480400000000145], [71.61750000000012, 35.48051], [71.62022000000013, 35.48007000000018], [71.621, 35.47977], [71.62305000000015, 35.478110000000186], [71.624, 35.47728], [71.62494, 35.47519000000017], [71.62894, 35.47191], [71.62997, 35.4713], [71.6327800000002, 35.46959], [71.63773000000015, 35.46524], [71.64128, 35.46252], [71.6476100000001, 35.45804000000015], [71.64811, 35.45772000000011], [71.65016, 35.45443], [71.65029000000015, 35.45415000000014], [71.65073000000018, 35.453], [71.65373, 35.44602], [71.6542500000001, 35.445120000000145], [71.65465000000012, 35.44465000000014], [71.65497000000016, 35.44435], [71.65585000000016, 35.44371000000018], [71.6565100000002, 35.44340000000011], [71.65704000000017, 35.443110000000104], [71.65731000000017, 35.44251], [71.65634000000017, 35.43862], [71.65532000000013, 35.43723000000011], [71.65375000000012, 35.43599], [71.65327000000019, 35.43569], [71.65267000000011, 35.43536000000012], [71.65196000000014, 35.435150000000135], [71.65111000000019, 35.43492000000015], [71.65069, 35.434590000000185], [71.64734000000016, 35.43128], [71.64533000000011, 35.42804], [71.6449, 35.42745], [71.64432, 35.42696000000018], [71.64375000000013, 35.42664000000019], [71.64309, 35.426290000000165], [71.64184000000017, 35.42556000000019], [71.64133, 35.42512], [71.64114000000018, 35.42462], [71.64105000000018, 35.42436], [71.64106000000015, 35.42385], [71.64138000000014, 35.42263], [71.64166, 35.42152], [71.64065000000016, 35.41893000000016], [71.63911, 35.416160000000104], [71.63792, 35.41335000000015], [71.63731000000018, 35.41157], [71.63722000000018, 35.41108], [71.6374100000001, 35.41048000000018], [71.63711000000018, 35.410050000000126], [71.63655000000017, 35.40962], [71.63615000000016, 35.40935000000013], [71.63553000000019, 35.40923000000015], [71.63498000000016, 35.40924], [71.6339500000002, 35.4093], [71.63332, 35.40942], [71.63201, 35.40973], [71.63098000000014, 35.40978000000018], [71.6255300000002, 35.40865], [71.62441, 35.40809000000013], [71.62104000000011, 35.40633], [71.62062, 35.40588], [71.61966000000018, 35.40336], [71.61982, 35.402770000000146], [71.6198, 35.40212], [71.61963, 35.40152], [71.61875, 35.39878], [71.61835000000013, 35.39756000000017], [71.61773000000017, 35.39731000000012], [71.61708, 35.397070000000156], [71.61512, 35.39638], [71.61422, 35.39603], [71.61141, 35.394790000000114], [71.61067, 35.39442], [71.60895, 35.393420000000106], [71.6086800000001, 35.39316], [71.60665000000017, 35.38947000000013], [71.6033000000001, 35.38404], [71.60204000000016, 35.382230000000106], [71.60012, 35.37996], [71.59850000000017, 35.37709], [71.5975900000002, 35.37296], [71.59725, 35.371930000000134], [71.59597, 35.36950000000019], [71.59547, 35.36910000000012], [71.59487000000018, 35.36875], [71.59402, 35.36821], [71.5932000000002, 35.367400000000146], [71.59139, 35.36487], [71.58920000000018, 35.360620000000154], [71.58723, 35.35631], [71.5824300000001, 35.352410000000134], [71.58156, 35.35192], [71.58097, 35.35136000000011], [71.57976000000019, 35.34924], [71.57955, 35.3486400000001], [71.5794, 35.34777], [71.57913, 35.34698], [71.57887000000011, 35.34653000000014], [71.57848000000013, 35.34619], [71.57811, 35.34597000000019], [71.57494000000014, 35.34418], [71.57430000000016, 35.34387000000015], [71.5732, 35.34375000000017], [71.57238, 35.34342], [71.57119, 35.342870000000175], [71.57005, 35.34211], [71.5693700000001, 35.341480000000104], [71.56897, 35.34091], [71.56625, 35.3362], [71.56394, 35.33151000000015], [71.56376, 35.33037000000013], [71.56216, 35.326860000000124], [71.56189, 35.3264], [71.5615600000001, 35.32596000000012], [71.56101, 35.32536], [71.55878000000013, 35.32328], [71.55358000000012, 35.31852], [71.55326000000014, 35.31824000000012], [71.55182000000019, 35.31703], [71.55157, 35.31687000000011], [71.54942000000017, 35.31591], [71.5479900000002, 35.31536], [71.54702, 35.31482000000011], [71.54602, 35.31396], [71.54530000000017, 35.3132], [71.54462, 35.31247000000019], [71.54304, 35.31025], [71.543066, 35.31021100000015], [71.54325, 35.309940000000154], [71.54676875800004, 35.308119570000144], [71.54959, 35.30666000000019], [71.55161, 35.30565], [71.5521100000002, 35.30542], [71.55297000000013, 35.30524], [71.55335, 35.30518000000012], [71.55355000000014, 35.30188], [71.553809, 35.297515], [71.55395, 35.293860000000166], [71.55393000000015, 35.29353], [71.55372000000017, 35.29318], [71.55349000000012, 35.292690000000164], [71.5535, 35.292], [71.55357, 35.29168], [71.55383, 35.29095], [71.55397, 35.290610000000186], [71.5544900000001, 35.28945000000016], [71.561021, 35.28039200000012], [71.56116800000018, 35.28023400000018], [71.56135400000011, 35.280078], [71.56303, 35.27885], [71.56386, 35.27840000000015], [71.56426, 35.2783], [71.56567000000018, 35.27799000000016], [71.56605000000019, 35.27799000000016], [71.56650000000013, 35.27820000000014], [71.56684000000018, 35.27827], [71.56755000000015, 35.27836000000019], [71.56805000000014, 35.27834000000013], [71.57707, 35.27593], [71.57778000000013, 35.275740000000155], [71.57843, 35.27546], [71.57889000000011, 35.27507000000014], [71.57922, 35.27446], [71.58009000000015, 35.27269], [71.58020000000016, 35.27232000000015], [71.58002, 35.27139000000011], [71.57984, 35.27073], [71.57956000000013, 35.27023], [71.57955, 35.26974000000018], [71.57982000000015, 35.26905000000011], [71.58018, 35.268460000000175], [71.58061000000015, 35.26801], [71.58208000000013, 35.26681], [71.58264, 35.266480000000115], [71.58585000000011, 35.26485], [71.58853000000016, 35.2635], [71.58925, 35.26306000000011], [71.58971, 35.26266], [71.58978, 35.26213], [71.5896800000001, 35.26157000000012], [71.58973000000015, 35.26123], [71.59006000000011, 35.26033000000018], [71.59042, 35.26003], [71.59092, 35.25977], [71.59263, 35.259410000000116], [71.5932800000001, 35.259320000000116], [71.59403000000015, 35.25933], [71.59492, 35.25937000000016], [71.59780000000012, 35.25953], [71.59825, 35.25958000000014], [71.60181000000011, 35.25819], [71.60226, 35.25768000000011], [71.60387, 35.25589000000019], [71.60584000000011, 35.25372], [71.60645000000017, 35.25321000000014], [71.61040000000014, 35.251120000000185], [71.6133, 35.24769], [71.61669000000012, 35.2439], [71.61768000000012, 35.2428900000001], [71.61818000000011, 35.24249], [71.61874, 35.242070000000126], [71.61922000000015, 35.24187000000012], [71.62, 35.2418100000001], [71.62091, 35.24179], [71.6213200000002, 35.241600000000176], [71.62333, 35.23951], [71.6241700000001, 35.23805], [71.62453, 35.23728000000011], [71.62485, 35.23648], [71.62512, 35.23561000000012], [71.63116, 35.22815], [71.63530000000014, 35.22589], [71.64190000000019, 35.22264], [71.64266, 35.22227], [71.64314000000013, 35.22213000000016], [71.6439600000001, 35.22236], [71.64452, 35.22259], [71.64528, 35.22316000000012], [71.64600000000013, 35.22355], [71.64735, 35.2241], [71.65178, 35.22570000000013], [71.65402, 35.22626000000014], [71.65555000000018, 35.22575], [71.65983000000011, 35.22375000000011], [71.66244, 35.22214000000014], [71.66368000000017, 35.22106], [71.66498, 35.22027], [71.66538000000014, 35.22013], [71.66579000000013, 35.2204], [71.66739000000018, 35.22094], [71.67348, 35.21883000000014], [71.67898306000012, 35.216880036000134], [71.68062, 35.2163000000001], [71.68084000000016, 35.21541000000013], [71.68137000000013, 35.212640000000135], [71.68136000000015, 35.209390000000155], [71.68122000000011, 35.20813000000015], [71.68113000000017, 35.207600000000184], [71.68044, 35.20462], [71.6801, 35.20459], [71.67978000000016, 35.20458], [71.6791, 35.20467], [71.67821000000015, 35.20436000000018], [71.67797000000019, 35.20426], [71.6720900000002, 35.19801], [71.66792000000015, 35.19334], [71.66651000000019, 35.19082], [71.66550000000012, 35.18955000000011], [71.66346, 35.18711000000019], [71.66297, 35.18657000000013], [71.66190000000012, 35.186320000000194], [71.66076000000015, 35.18618000000015], [71.65948, 35.186010000000124], [71.65778000000012, 35.18133000000017], [71.65735, 35.1793], [71.65679000000011, 35.17692000000011], [71.65642, 35.17539], [71.65619, 35.17509], [71.65513, 35.17452000000014], [71.65427000000017, 35.17426000000012], [71.65373, 35.17449000000016], [71.65348000000017, 35.17458000000016], [71.65242000000018, 35.17472], [71.64980000000014, 35.17488], [71.64903, 35.1748], [71.6478800000001, 35.174550000000124], [71.64672000000019, 35.17425], [71.64126000000016, 35.16794000000016], [71.64052, 35.16594], [71.63698, 35.16376], [71.6339500000002, 35.16252], [71.63251, 35.16066000000018], [71.63226000000014, 35.16018], [71.63225, 35.15985000000012], [71.63251, 35.159240000000125], [71.63273000000015, 35.15833000000015], [71.63275, 35.157750000000135], [71.63267000000013, 35.15694], [71.63208, 35.15579000000014], [71.63129, 35.15428], [71.62914000000012, 35.15026000000017], [71.6255300000002, 35.14033000000012], [71.62495000000018, 35.13899], [71.62456, 35.13882], [71.61698000000013, 35.13801000000018], [71.6093, 35.13747], [71.60705, 35.13735], [71.60672000000011, 35.13738000000012], [71.60606, 35.13746000000015], [71.60523000000012, 35.13804000000016], [71.60512, 35.13846000000012], [71.60485000000011, 35.13879], [71.60420000000016, 35.13942000000014], [71.6001, 35.14099], [71.59891000000016, 35.14099], [71.59784, 35.14073000000019], [71.58949000000018, 35.13853], [71.5890800000002, 35.138400000000104], [71.58744, 35.13651], [71.58628000000016, 35.13454000000013], [71.58334, 35.12646], [71.58290000000011, 35.12463000000014], [71.58284, 35.12414], [71.58234000000016, 35.12338000000011], [71.58196000000015, 35.12303], [71.57683, 35.11843000000016], [71.57465000000013, 35.11735000000016], [71.5735000000002, 35.11714000000018], [71.57245, 35.117210000000114], [71.57201, 35.11741000000012], [71.57154, 35.117610000000184], [71.57049, 35.1176200000001], [71.56968000000018, 35.11759000000012], [71.56932, 35.11751], [71.56853, 35.11733], [71.56816000000015, 35.11724], [71.5671200000001, 35.116710000000126], [71.56691000000012, 35.116590000000144], [71.56217000000015, 35.11385000000013], [71.55999, 35.11165000000017], [71.55961, 35.11122000000012], [71.5592, 35.11060000000015], [71.55890000000011, 35.11009], [71.55865, 35.10986], [71.55661, 35.10834], [71.55425000000014, 35.10786], [71.55313000000018, 35.10778], [71.55220000000014, 35.10746], [71.55150000000015, 35.10713], [71.55122, 35.10696], [71.54814000000016, 35.10462], [71.5476, 35.10394000000014], [71.54700000000014, 35.1031], [71.54703000000012, 35.10269], [71.54658, 35.10225], [71.54440000000017, 35.10038], [71.54402000000016, 35.10007000000019], [71.54159000000016, 35.09892], [71.53692000000012, 35.09644], [71.53443000000016, 35.09372], [71.53222000000011, 35.091190000000154], [71.53156000000018, 35.09021], [71.53086000000019, 35.0884], [71.53113000000013, 35.08316], [71.53118000000018, 35.0823400000001], [71.53152, 35.08154000000019], [71.53182, 35.08095], [71.53616000000011, 35.07759], [71.53745, 35.07711000000012], [71.53786, 35.07706], [71.53857, 35.07717], [71.5396600000002, 35.07688], [71.54004, 35.07642], [71.54274, 35.072230000000104], [71.54221000000013, 35.06753], [71.54208, 35.0616500000001], [71.54248, 35.06128], [71.54280000000011, 35.06089], [71.54301, 35.06044000000014], [71.54317000000015, 35.05986000000013], [71.54318000000012, 35.05935], [71.54285000000016, 35.05592], [71.54258, 35.05387000000013], [71.54246, 35.05313000000018], [71.54561, 35.04803], [71.55025000000012, 35.04158], [71.55166, 35.03969000000012], [71.55409, 35.03715000000011], [71.55523, 35.03607000000011], [71.55661, 35.03504000000015], [71.55757, 35.03429000000011], [71.55860000000018, 35.03337], [71.55821, 35.03225], [71.55795, 35.03163000000012], [71.5568223470001, 35.02908590600009], [71.55549, 35.02608], [71.55395, 35.02424], [71.55332, 35.023500000000126], [71.55288000000013, 35.02299], [71.55228, 35.02255], [71.54262000000011, 35.01763000000011], [71.54229, 35.01747000000017], [71.53876000000014, 35.01657000000017], [71.53797000000014, 35.01638], [71.53734, 35.01636000000019], [71.53666, 35.01641], [71.53615000000019, 35.016540000000134], [71.5349700000001, 35.01636000000019], [71.52372, 35.01315000000017], [71.52322, 35.01287], [71.52295, 35.01264], [71.52275, 35.01227000000017], [71.52228, 35.01158], [71.52179, 35.01101000000017], [71.51845900000012, 35.009693], [71.51217700000012, 35.007274000000166], [71.50964200000016, 35.006369], [71.50926800000013, 35.00631600000014], [71.508857, 35.0062640000001], [71.50861, 35.006314000000145], [71.50756300000012, 35.006889000000115], [71.506218, 35.005865], [71.5021890000001, 34.99991200000011], [71.50215100000014, 34.999797], [71.502171, 34.999778], [71.5025030000001, 34.99951300000015], [71.50340100000017, 34.998848], [71.504434, 34.998119], [71.504842, 34.997809], [71.50531500000011, 34.997417], [71.505751, 34.99692], [71.50790700000016, 34.992818], [71.507889, 34.989953000000185], [71.507845, 34.98968600000012], [71.50750700200007, 34.98771138300009], [71.507408, 34.987133], [71.50722400000012, 34.985071000000175], [71.50789600000013, 34.982766], [71.507921, 34.9826910000001], [71.508952, 34.97975100000019], [71.509244, 34.97965200000016], [71.50993600000015, 34.979176], [71.510718, 34.978041], [71.51090800000014, 34.977716], [71.511927, 34.97539900000015], [71.50975100000011, 34.973304], [71.509072, 34.972723], [71.508964, 34.97268], [71.508634, 34.97257], [71.50765400000017, 34.972317], [71.50055, 34.97108], [71.50022, 34.97136000000012], [71.49992, 34.9718], [71.49946, 34.97187], [71.49743000000012, 34.97071000000017], [71.49315, 34.96808000000016], [71.49274, 34.96772], [71.49248, 34.967470000000105], [71.49105, 34.96594], [71.49068000000011, 34.96552], [71.49041000000017, 34.96515], [71.49029000000019, 34.96498000000014], [71.48973, 34.9640500000001], [71.48921000000018, 34.96336], [71.48766000000018, 34.96257], [71.48749000000015, 34.96252], [71.48549, 34.96242], [71.48390000000012, 34.9624], [71.48357000000016, 34.96231], [71.48216, 34.9618], [71.48113, 34.9612800000001], [71.48091000000016, 34.96113], [71.4806, 34.96085], [71.47997, 34.960160000000144], [71.47965, 34.95977], [71.47932, 34.95931000000013], [71.47917, 34.9591], [71.47807, 34.9564], [71.47801, 34.956160000000125], [71.47515, 34.950710000000186], [71.46986, 34.94936], [71.46409, 34.94696], [71.45927, 34.94597], [71.4524, 34.94492], [71.447, 34.94423000000012], [71.44658, 34.94438000000014], [71.44565, 34.94464000000016], [71.44502000000017, 34.94478], [71.43919, 34.94577], [71.43815000000018, 34.94578000000013], [71.43583, 34.94515], [71.43309, 34.94435], [71.43287, 34.94416], [71.43135000000012, 34.94209000000018], [71.43037, 34.94062], [71.4303000000001, 34.94024], [71.42980000000011, 34.93749], [71.42977000000013, 34.93717], [71.42973000000018, 34.936670000000106], [71.42974, 34.93653], [71.42983, 34.93623], [71.42997000000014, 34.93589], [71.4302100000001, 34.93549000000013], [71.43014000000016, 34.935230000000104], [71.42996, 34.93496000000016], [71.42838432400004, 34.93339148600006], [71.42776, 34.932770000000176], [71.4273500000001, 34.932370000000105], [71.42677, 34.93213000000014], [71.42288, 34.93153], [71.4206, 34.93132], [71.41836000000018, 34.93089], [71.4135500000001, 34.92948], [71.4130400000002, 34.92931], [71.41256, 34.92907], [71.41214000000014, 34.92864], [71.41182000000015, 34.92812], [71.4116, 34.92748000000017], [71.41144000000014, 34.92702], [71.41116, 34.92673], [71.40783, 34.9249200000001], [71.40707, 34.92459000000014], [71.40481000000011, 34.92417], [71.39844000000011, 34.92303], [71.39275, 34.92211], [71.39057000000014, 34.92132], [71.38545945400006, 34.91795381500003], [71.38348, 34.91665], [71.37744, 34.916790000000105], [71.36538000000013, 34.91606000000013], [71.35094, 34.9145400000001], [71.35009000000014, 34.91424000000018], [71.34978, 34.91412], [71.34955, 34.914], [71.3482, 34.912980000000175], [71.34771, 34.91256], [71.34779, 34.91229], [71.34793000000013, 34.91213], [71.34798000000018, 34.91189], [71.34792000000016, 34.91161000000017], [71.34725000000014, 34.91048], [71.34242, 34.90526], [71.34203, 34.90489000000014], [71.34159000000011, 34.90448000000015], [71.34142, 34.904340000000104], [71.3412100000001, 34.9042], [71.34098, 34.90410000000014], [71.34074, 34.90401000000014], [71.3406, 34.904], [71.34035000000017, 34.90409], [71.34017, 34.904150000000186], [71.33994000000018, 34.90422000000012], [71.33956000000018, 34.9042], [71.33924000000019, 34.90414], [71.339, 34.90404000000012], [71.33772000000016, 34.90348000000017], [71.33455, 34.9020900000001], [71.33437, 34.90194000000014], [71.33399, 34.90153000000015], [71.3338700000001, 34.90135000000015], [71.3333600000002, 34.90039000000013], [71.33326000000011, 34.9002], [71.33318, 34.89989000000014], [71.33318, 34.89949], [71.33316000000019, 34.89928000000015], [71.33175, 34.89693], [71.329348, 34.894818], [71.32918, 34.894714000000135], [71.32524200000017, 34.892295], [71.324623, 34.891975], [71.32271, 34.89100000000019], [71.32173800000015, 34.89087], [71.3216000000001, 34.89088], [71.32064, 34.890740000000164], [71.32037, 34.89069000000012], [71.31990000000013, 34.890560000000164], [71.31924, 34.890330000000176], [71.31831000000017, 34.88985], [71.31627000000015, 34.88822], [71.31506, 34.88725], [71.31489, 34.88711000000018], [71.31475000000017, 34.88697000000013], [71.31390000000016, 34.885780000000125], [71.3046320000002, 34.879411000000175], [71.296593, 34.877759], [71.296387, 34.877688], [71.29633600000017, 34.877655000000175], [71.29623700000013, 34.877562000000125], [71.2961670000002, 34.877488], [71.29610400000013, 34.877377], [71.29594800000018, 34.877055], [71.29549300000019, 34.875575], [71.29444000000012, 34.87147], [71.29438742700012, 34.87101628700003], [71.29367200000019, 34.86484200000018], [71.293632, 34.86169200000012], [71.294229, 34.860886], [71.294295, 34.86078900000018], [71.29469300000011, 34.860014], [71.295521, 34.85799900000012], [71.29586400000017, 34.856783], [71.295921, 34.85653500000012], [71.29323, 34.84977], [71.29126, 34.84683], [71.29078000000015, 34.84600000000012], [71.29069, 34.845700000000136], [71.29069, 34.84552000000019], [71.29073000000011, 34.84529000000015], [71.29105, 34.84437], [71.29133000000019, 34.84394], [71.29166000000015, 34.84359000000018], [71.29192000000018, 34.84318000000019], [71.2926900000001, 34.84194], [71.29393, 34.83958], [71.29403000000013, 34.83932], [71.2940500000002, 34.83911], [71.29388000000017, 34.8358300000001], [71.29384, 34.83563], [71.2938, 34.83546], [71.29371000000015, 34.835260000000176], [71.29128000000014, 34.83051000000012], [71.28795000000014, 34.82234000000017], [71.2852400000001, 34.81591], [71.28313000000014, 34.81134], [71.28305, 34.81116], [71.28206, 34.80854], [71.28125000000017, 34.80580000000015], [71.28125000000017, 34.805520000000115], [71.28117000000015, 34.805250000000115], [71.28105000000016, 34.80502000000013], [71.27993, 34.80290000000019], [71.278812, 34.801129], [71.278195, 34.80040000000014], [71.277386, 34.799464000000114], [71.27654100000012, 34.79923900000017], [71.276388, 34.799285], [71.27545224200009, 34.79939239000004], [71.27231000000018, 34.799753], [71.26886000000013, 34.80012], [71.26807200000013, 34.798654], [71.26753, 34.79789000000011], [71.26743000000016, 34.79776], [71.26725000000016, 34.79763], [71.26685, 34.797350000000165], [71.26321, 34.79491], [71.2618100000002, 34.7944700000001], [71.2614400000001, 34.79443000000015], [71.25807, 34.79423000000014], [71.25150000000014, 34.79308], [71.25073, 34.792890000000114], [71.25046, 34.79281], [71.24995000000013, 34.79260000000011], [71.24057000000016, 34.78781], [71.2402, 34.7872], [71.24011, 34.787030000000186], [71.24011, 34.78682], [71.24022000000014, 34.78636000000017], [71.24024, 34.78527], [71.24024, 34.78504], [71.24023635600008, 34.78460638100012], [71.24022000000014, 34.782660000000135], [71.23987000000011, 34.78149000000013], [71.23982, 34.78135], [71.23968, 34.78105000000011], [71.23962, 34.780930000000126], [71.23876000000013, 34.77968], [71.23831000000018, 34.77912000000015], [71.23587, 34.77640000000014], [71.23505000000011, 34.77553000000012], [71.23483, 34.77534], [71.23305, 34.77358], [71.2308, 34.77127], [71.22837, 34.76845000000014], [71.22826000000015, 34.76831], [71.22457, 34.76257000000015], [71.22421, 34.76146000000017], [71.22404, 34.760240000000124], [71.22420000000017, 34.76009000000016], [71.22461000000015, 34.7599], [71.22488, 34.75989], [71.22522000000015, 34.75988000000018], [71.22552000000013, 34.759830000000136], [71.22628000000014, 34.75938000000019], [71.22656000000018, 34.759180000000185], [71.22679, 34.75884], [71.22685, 34.7558], [71.22603, 34.753020000000106], [71.22593000000012, 34.75270000000012], [71.22546222800014, 34.75245169599998], [71.2230100000001, 34.75115000000011], [71.21736000000016, 34.750670000000184], [71.2097700000001, 34.75003], [71.20434, 34.74998000000011], [71.20402, 34.74998000000011], [71.19844, 34.750850000000185], [71.19582000000014, 34.749860000000126], [71.19552, 34.74975000000012], [71.19509000000016, 34.74963000000014], [71.19487, 34.74958], [71.19458, 34.74954000000014], [71.19146000000018, 34.74923], [71.18994, 34.74910000000017], [71.1896, 34.74911], [71.18943, 34.7492], [71.18932, 34.74945000000014], [71.18909000000019, 34.749710000000164], [71.18874000000017, 34.74985], [71.18822000000017, 34.74996], [71.18785, 34.749950000000126], [71.18682000000013, 34.74981], [71.18461, 34.74602], [71.18464, 34.745800000000145], [71.18461, 34.74550000000016], [71.18455, 34.74522], [71.18241000000012, 34.73893000000015], [71.18075, 34.73513000000014], [71.18063, 34.73499], [71.18052, 34.73488], [71.17835, 34.73299], [71.17672, 34.731920000000116], [71.17322247200019, 34.73013359200007], [71.17161, 34.72931000000017], [71.1697, 34.72842], [71.1692900000001, 34.72840000000019], [71.16642000000013, 34.72827], [71.16404, 34.72817000000015], [71.16353, 34.72822000000019], [71.16292, 34.72826000000015], [71.16138000000018, 34.72822000000019], [71.15980000000019, 34.72817000000015], [71.15926000000013, 34.728110000000186], [71.15351, 34.7271], [71.15222000000011, 34.72687], [71.15156000000019, 34.72056], [71.15204000000011, 34.71890000000019], [71.15223, 34.71865], [71.15283000000011, 34.71786], [71.15282000000019, 34.71764000000019], [71.15281, 34.71748000000014], [71.15274000000011, 34.71730000000014], [71.15261, 34.71710000000013], [71.1506700000001, 34.71472000000017], [71.15023, 34.71419], [71.14994, 34.71406000000013], [71.14905000000016, 34.713710000000106], [71.1434200000001, 34.71177000000017], [71.13593000000014, 34.70965], [71.12469, 34.70624], [71.12388, 34.70598000000018], [71.1222, 34.70549000000017], [71.1206800000001, 34.70515], [71.11816000000016, 34.704820000000154], [71.11679, 34.70503], [71.11652000000015, 34.70516], [71.11430000000013, 34.7053], [71.11134, 34.70515], [71.11092, 34.70507], [71.1105800000002, 34.705], [71.11034, 34.70493000000016], [71.10734000000019, 34.70246], [71.10713, 34.70202000000012], [71.10709, 34.70176], [71.1070600000001, 34.701250000000186], [71.10716000000019, 34.7006], [71.10725000000019, 34.70016], [71.10726000000011, 34.699900000000184], [71.10671, 34.69837], [71.10565000000014, 34.6957900000001], [71.10425000000015, 34.69543], [71.10304000000019, 34.69499000000019], [71.10193, 34.6944], [71.10167000000018, 34.6942], [71.09792, 34.69120000000015], [71.09692, 34.69027000000011], [71.09433000000018, 34.68612], [71.09412, 34.68578000000019], [71.09169351300011, 34.68166937500018], [71.08974, 34.67836000000017], [71.08966000000015, 34.67816000000016], [71.08891000000011, 34.67585], [71.0888, 34.67543], [71.08870000000013, 34.67504000000014], [71.08885, 34.67341], [71.08901, 34.67318], [71.09013000000016, 34.67237000000017], [71.09146, 34.67154], [71.09183000000013, 34.67136000000011], [71.09229000000016, 34.671210000000144], [71.0933, 34.67095000000012], [71.09398, 34.67083000000014], [71.09427, 34.670710000000156], [71.09490000000011, 34.66926], [71.09493, 34.66903], [71.09483000000017, 34.66865], [71.09396000000015, 34.66719], [71.0935300000001, 34.66664], [71.09248, 34.6649000000001], [71.09234, 34.66460000000012], [71.09212000000014, 34.66302000000013], [71.09208000000018, 34.66252], [71.09211, 34.66214000000019], [71.09215000000012, 34.661760000000186], [71.09220000000016, 34.66147000000018], [71.09229000000016, 34.66128], [71.0924700000001, 34.66107000000011], [71.09302000000014, 34.66075000000012], [71.09366000000017, 34.66043], [71.09418, 34.660100000000114], [71.09477, 34.65956], [71.09519000000012, 34.65915], [71.09631, 34.65753000000012], [71.09872000000018, 34.65328], [71.09878000000015, 34.65307], [71.09877, 34.65273000000019], [71.09837000000016, 34.65161], [71.0980400000002, 34.650830000000155], [71.098, 34.65041], [71.09807, 34.65003], [71.09812, 34.649780000000135], [71.09928000000014, 34.64802], [71.0995, 34.6477], [71.09974000000017, 34.64749], [71.10221, 34.64572000000015], [71.10266000000018, 34.64547], [71.10327, 34.645190000000184], [71.1039300000001, 34.64498], [71.10485, 34.64474], [71.10522, 34.64466], [71.10574000000014, 34.64454], [71.10678000000019, 34.6442100000001], [71.10719, 34.64407], [71.10754, 34.64392], [71.10770000000014, 34.64378], [71.10837000000015, 34.64299], [71.10849000000013, 34.6426], [71.10883000000018, 34.63975000000016], [71.10876, 34.63958000000014], [71.10868, 34.6393], [71.10864, 34.63913], [71.10861000000011, 34.63888000000014], [71.10864, 34.63867000000016], [71.10903000000019, 34.63647], [71.1091300000001, 34.63627], [71.10923, 34.63610000000017], [71.11028, 34.63533], [71.11321, 34.63316], [71.11617000000018, 34.62996000000015], [71.11664000000013, 34.62945], [71.11699000000016, 34.62901000000011], [71.11728000000016, 34.62853000000018], [71.117, 34.62848], [71.1165700000002, 34.62846], [71.11604, 34.62832], [71.11494000000016, 34.627970000000175], [71.11469000000011, 34.62785], [71.11343000000011, 34.626670000000104], [71.1131400000001, 34.626390000000185], [71.10548000000011, 34.61855], [71.10282000000012, 34.61558000000019], [71.10268, 34.61500000000012], [71.10252000000014, 34.61443], [71.10240000000016, 34.6142200000001], [71.10172, 34.6130500000001], [71.10024000000016, 34.61098], [71.09940000000012, 34.60987], [71.097607, 34.607569], [71.09755200000018, 34.607506], [71.09722, 34.60721], [71.09635600000013, 34.60653100000019], [71.095673, 34.606029], [71.09435300000013, 34.604726], [71.092366, 34.602339], [71.08987400000012, 34.598174], [71.088272, 34.594217], [71.08661, 34.58512400000018], [71.086395, 34.584915], [71.086063, 34.584674], [71.084103, 34.584084], [71.0835560000001, 34.58394800000019], [71.08170600000017, 34.58374], [71.08090900000013, 34.583696000000145], [71.080812, 34.583716], [71.08033300000011, 34.58384600000011], [71.07816500000013, 34.584453], [71.07644800000014, 34.58549100000016], [71.07638400000019, 34.585539], [71.07611900000012, 34.58577900000017], [71.07607400000012, 34.58582800000016], [71.07602, 34.585889], [71.075994, 34.585945], [71.075979, 34.586033], [71.07594100000011, 34.58608600000019], [71.07591, 34.58612200000016], [71.075363, 34.5866860000001], [71.07085300000017, 34.587506], [71.070691, 34.58753000000013], [71.070115, 34.58754], [71.067226, 34.58635], [71.0671190000001, 34.586237], [71.063157, 34.583128], [71.0556590000001, 34.580236], [71.05511200000018, 34.57998600000013], [71.05243300000018, 34.578557], [71.05221100000011, 34.5784230000001], [71.05202700000018, 34.57829200000015], [71.052045, 34.578213000000176], [71.052153, 34.577956], [71.0511350000001, 34.57738400000011], [71.04549400000019, 34.574804], [71.043076, 34.574809], [71.0422410000001, 34.57495800000015], [71.04212, 34.574978], [71.04156000000012, 34.57498], [71.04126900000017, 34.574876], [71.04101300000013, 34.574750000000165], [71.040742, 34.574592], [71.039638, 34.573563], [71.038709, 34.572054], [71.03847400000018, 34.57118800000012], [71.03842800000012, 34.570877000000166], [71.034166, 34.565531000000135], [71.03408, 34.565445000000125], [71.03398000000016, 34.565378], [71.03381200000013, 34.565322], [71.03370100000018, 34.56528800000012], [71.03268800000018, 34.564978], [71.032328, 34.564897], [71.03177000000011, 34.564796], [71.03099400000019, 34.564563000000135], [71.02961500000015, 34.56407300000012], [71.027883, 34.56256000000019], [71.02566300000018, 34.560277], [71.025499, 34.560056], [71.02523500000012, 34.55959100000018], [71.02461331400019, 34.557728676000124], [71.02364300000016, 34.554822000000115], [71.02220000000017, 34.549759], [71.01945400000017, 34.544705], [71.017469, 34.542923], [71.01449700000018, 34.53976000000017], [71.01355400000011, 34.53835100000015], [71.011087, 34.53410900000017], [71.01103200000017, 34.533938], [71.011123, 34.53379], [71.01230700000013, 34.532068], [71.01244600000012, 34.531880000000115], [71.01256700000016, 34.531748], [71.013714, 34.53072300000014], [71.013858, 34.530634], [71.01429700000011, 34.530416000000116], [71.01454200000018, 34.530342], [71.01467100000019, 34.530245], [71.015045, 34.529741], [71.01527800000014, 34.528369], [71.01435, 34.523770000000184], [71.01519000000013, 34.51959], [71.01616, 34.51631], [71.01765000000012, 34.50976], [71.01762, 34.50926], [71.01744000000014, 34.50915], [71.01486000000017, 34.50801], [71.01267000000018, 34.5071], [71.0116900000001, 34.50694000000016], [71.01135, 34.50679], [71.01065000000017, 34.506390000000124], [71.00716, 34.50395], [71.00586000000015, 34.50286], [71.00573, 34.50272], [71.0042600000001, 34.49974], [71.00416000000018, 34.49952000000013], [71.00793, 34.49551], [71.01321500000012, 34.489695], [71.01362, 34.48532200000011], [71.01383800000019, 34.48177800000013], [71.013768, 34.48166500000019], [71.0142870000002, 34.479481000000135], [71.014689, 34.47787300000016], [71.01756200000011, 34.46949200000017], [71.01917, 34.46589], [71.0194200000002, 34.46538000000015], [71.01977000000016, 34.46512000000013], [71.02011, 34.46505000000019], [71.02040000000011, 34.46504], [71.02158, 34.4648600000001], [71.02178, 34.464820000000145], [71.02202000000017, 34.46473], [71.02241000000015, 34.46431], [71.02343000000013, 34.4609], [71.02358, 34.459770000000105], [71.02348000000018, 34.45858], [71.02329, 34.4575200000001], [71.02308000000016, 34.45652000000018], [71.02299000000016, 34.45611], [71.02291, 34.45585000000017], [71.02286, 34.455710000000124], [71.02274, 34.45515000000012], [71.02272, 34.454869000000144], [71.0227983260001, 34.45452325700006], [71.023553, 34.451192], [71.0235850000002, 34.451093000000185], [71.023633, 34.451012], [71.024112, 34.45050700000019], [71.02746800000011, 34.44890700000013], [71.02765700000015, 34.44882100000012], [71.02782500000018, 34.448785], [71.027978, 34.448783], [71.02834900000016, 34.44892400000015], [71.028579, 34.44904900000017], [71.030917, 34.44866000000013], [71.03584100000012, 34.446789], [71.03914, 34.444160000000124], [71.03863000000013, 34.44142000000011], [71.03851000000014, 34.43977000000018], [71.04285, 34.43757], [71.04313000000013, 34.43754], [71.04455, 34.437500000000114], [71.04565, 34.43752000000018], [71.04596, 34.43751], [71.04624, 34.43742], [71.04717000000011, 34.436970000000144], [71.051612, 34.434504], [71.05184500000018, 34.43418400000019], [71.05200800000017, 34.433792], [71.052049, 34.433687], [71.05206100000015, 34.433408], [71.05205400000011, 34.433124], [71.051768, 34.431782], [71.05158900000015, 34.431524], [71.05144, 34.43052500000016], [71.05142300000011, 34.430391], [71.051905, 34.42927800000018], [71.05459200000013, 34.425994], [71.057039, 34.424842000000126], [71.058541, 34.424375], [71.05863500000015, 34.424361], [71.0588340000001, 34.42434900000018], [71.05955000000017, 34.42435000000012], [71.059615, 34.424382], [71.06071500000013, 34.424929], [71.061726, 34.425786], [71.06181700000019, 34.4259], [71.061833, 34.42597300000011], [71.06257900000014, 34.427131000000145], [71.064392, 34.429461], [71.064641, 34.429469000000154], [71.06756000000019, 34.430160000000114], [71.06777000000017, 34.43021], [71.06896000000017, 34.43061], [71.06913, 34.430740000000185], [71.06946000000016, 34.43134], [71.07028000000014, 34.43286], [71.07059, 34.43414000000013], [71.07151000000016, 34.4347], [71.0779500000001, 34.43701], [71.0793, 34.43730000000011], [71.08267000000018, 34.43636], [71.08526, 34.43546], [71.08755000000019, 34.43462], [71.09081, 34.43351000000018], [71.09188000000017, 34.433220000000176], [71.0921, 34.433220000000176], [71.09223, 34.43338000000011], [71.09231, 34.43449], [71.09281, 34.43630000000013], [71.093171, 34.437182], [71.09328200000016, 34.437362], [71.09341500000016, 34.437355], [71.09602100000012, 34.437113], [71.09699800000016, 34.436824000000115], [71.099342, 34.43549500000012], [71.099985, 34.435007], [71.1015660000001, 34.43410000000017], [71.10600000000017, 34.43358000000012], [71.10644000000013, 34.43358000000012], [71.11357000000015, 34.42704], [71.11689, 34.42478000000017], [71.11662, 34.42439000000019], [71.11612, 34.42370000000011], [71.11524000000014, 34.42320000000018], [71.11507000000012, 34.42315], [71.11487, 34.42267], [71.1147900000002, 34.422010000000114], [71.11527600000011, 34.419757], [71.11554, 34.41939500000012], [71.115666, 34.41926600000011], [71.11635500000017, 34.418783], [71.11647500000015, 34.41873200000015], [71.11703100000017, 34.418619], [71.120602, 34.418566], [71.12261300000017, 34.417838], [71.12526000000014, 34.4155], [71.12626000000012, 34.41106], [71.12672310200008, 34.40851686200011], [71.1268500000001, 34.407820000000186], [71.12683, 34.40717], [71.1267600000001, 34.40681000000012], [71.1244, 34.40096000000011], [71.1242, 34.40054], [71.1235400000001, 34.39963], [71.12339000000014, 34.39951], [71.12309, 34.39942], [71.12290000000013, 34.399400000000185], [71.12194000000011, 34.399490000000185], [71.12177, 34.39951], [71.11928, 34.39868000000013], [71.11911, 34.39582000000013], [71.11915000000016, 34.39559], [71.11991000000017, 34.39361], [71.12013, 34.39337], [71.12045, 34.39315000000016], [71.12073000000015, 34.39303000000018], [71.12091000000015, 34.392890000000136], [71.12114000000014, 34.392650000000174], [71.12162, 34.39203], [71.12187000000017, 34.39145000000019], [71.12217, 34.3900900000001], [71.1218, 34.38937], [71.11905, 34.385150000000124], [71.11760000000015, 34.38235], [71.1155800000002, 34.37718], [71.12022, 34.37290000000013], [71.12333000000018, 34.37189], [71.12380000000013, 34.37209], [71.12392000000011, 34.37221], [71.12401000000011, 34.37237000000016], [71.12414, 34.37259], [71.12426, 34.37274], [71.12448000000012, 34.37279000000012], [71.12476, 34.37279000000012], [71.12858, 34.37246000000016], [71.13789000000014, 34.371460000000184], [71.1393100000002, 34.37127], [71.13948, 34.37121000000013], [71.14119000000017, 34.368540000000166], [71.14229, 34.36617000000018], [71.14264, 34.36574000000013], [71.14401, 34.36546], [71.14540000000017, 34.36541000000017], [71.1474500000001, 34.36604000000011], [71.15106, 34.36683000000011], [71.15195000000011, 34.3663600000001], [71.15284, 34.36586000000011], [71.15447000000012, 34.36461], [71.1558700000001, 34.36410000000018], [71.15821000000011, 34.36383000000018], [71.15846000000016, 34.363870000000134], [71.15864000000016, 34.36401000000018], [71.15903, 34.36452], [71.15918, 34.36468000000019], [71.15952000000016, 34.364860000000135], [71.15982, 34.36497], [71.16058, 34.36522], [71.16093, 34.36531], [71.16182, 34.36549], [71.16486, 34.365660000000105], [71.16526, 34.36564], [71.17347, 34.36455], [71.1761, 34.36333], [71.17615000000012, 34.36184], [71.17604000000011, 34.36156000000011], [71.17593, 34.36138000000017], [71.17541, 34.36085], [71.17503, 34.36069], [71.17479, 34.36056000000019], [71.17446000000012, 34.36033000000015], [71.17426, 34.3601900000001], [71.17297, 34.35862], [71.16891, 34.34566000000012], [71.16703000000012, 34.34063000000015], [71.16683000000012, 34.33927], [71.16703000000012, 34.33833], [71.16722, 34.33771000000013], [71.16744000000011, 34.33717], [71.16778, 34.3364600000001], [71.16781, 34.33643000000012], [71.16901578800014, 34.33522421300006], [71.16901696400004, 34.33522042100009], [71.1690183930001, 34.3352216080001], [71.17031, 34.33393000000018], [71.16981, 34.33363], [71.16873, 34.33302], [71.16749, 34.33247000000017], [71.16596, 34.33138], [71.16483, 34.32984000000016], [71.16376000000014, 34.32821000000013], [71.1634000000002, 34.32788], [71.1619500000001, 34.32717], [71.15711, 34.32587000000012], [71.15699, 34.32172000000014], [71.15717, 34.32157000000018], [71.15726000000018, 34.32123000000013], [71.15831, 34.3144], [71.15837, 34.31398000000013], [71.15836, 34.313740000000166], [71.15829000000014, 34.31321], [71.15822, 34.31281000000013], [71.15718000000015, 34.31178000000017], [71.1566600000001, 34.31129], [71.15560000000016, 34.31073000000015], [71.15487000000013, 34.31062], [71.1536, 34.31016], [71.15277000000015, 34.30956000000015], [71.15202, 34.30856000000017], [71.15160000000014, 34.30772000000013], [71.15143000000012, 34.30705000000012], [71.15167, 34.30573000000015], [71.15201000000013, 34.30556000000013], [71.15234, 34.30494000000016], [71.15257, 34.30438], [71.15259000000015, 34.30390000000011], [71.15253000000018, 34.29936000000015], [71.1524500000001, 34.29753], [71.15163000000013, 34.29446], [71.15105000000011, 34.29387000000014], [71.15054, 34.29358], [71.14946000000015, 34.29317], [71.14785000000018, 34.29286], [71.14755, 34.29271], [71.14584000000013, 34.29154], [71.14477, 34.29078], [71.14332000000019, 34.28911000000011], [71.14212, 34.28738], [71.14125000000013, 34.28651], [71.13798000000014, 34.28458], [71.13723, 34.28437000000014], [71.13615, 34.28444], [71.13503, 34.284660000000144], [71.13455, 34.28483000000017], [71.13368000000014, 34.28494], [71.13185, 34.28435], [71.1311600000002, 34.28381000000013], [71.13058000000018, 34.28327], [71.13008000000019, 34.2825600000001], [71.12995, 34.28233], [71.12932000000018, 34.27773000000013], [71.12950000000012, 34.27667], [71.12972, 34.27572], [71.12981, 34.27535], [71.13007, 34.27473], [71.13047000000012, 34.27408000000014], [71.13084, 34.273730000000114], [71.13101, 34.27337000000017], [71.13098000000019, 34.273230000000126], [71.12807000000015, 34.26551000000018], [71.1279400000002, 34.26526], [71.12776, 34.26504000000017], [71.1275, 34.2648], [71.12697, 34.26440000000014], [71.12651, 34.26402000000019], [71.12636, 34.26386], [71.12622, 34.26364000000018], [71.12504, 34.26135], [71.12421000000012, 34.25967000000014], [71.12395000000015, 34.25868], [71.12415000000016, 34.25730000000016], [71.12534, 34.25433], [71.12569000000019, 34.25384], [71.12532000000016, 34.25005000000016], [71.12487, 34.24592], [71.12310651000013, 34.244448398000145], [71.12197, 34.243500000000154], [71.12107, 34.24302], [71.12055, 34.24259000000018], [71.11891, 34.24082], [71.12392000000011, 34.238], [71.12648000000019, 34.23676000000012], [71.12715, 34.23629000000011], [71.12777000000017, 34.23546], [71.12785, 34.2349], [71.12737, 34.2332], [71.12739000000016, 34.232840000000124], [71.12757000000016, 34.23233], [71.1277500000001, 34.23199000000011], [71.12797, 34.23166], [71.12818000000016, 34.23145], [71.12839000000014, 34.23128], [71.13247, 34.22823], [71.13403000000017, 34.22755000000012], [71.13745000000017, 34.2266800000001], [71.13759, 34.2266800000001], [71.13780000000014, 34.22681000000017], [71.138, 34.22702000000015], [71.13807, 34.22725], [71.13812000000019, 34.2275], [71.13816, 34.22774], [71.13831, 34.22789000000017], [71.13841000000019, 34.22792], [71.13841200000019, 34.22790700000019], [71.13855, 34.2266800000001], [71.13866, 34.22549], [71.13729, 34.22382], [71.13655000000011, 34.22292], [71.13393, 34.21974000000017], [71.13060200000018, 34.215701], [71.1275, 34.21194000000014], [71.12355, 34.20714000000015], [71.12333000000018, 34.2036], [71.12280494700013, 34.19497500700004], [71.12228000000016, 34.18635], [71.12328000000014, 34.18357], [71.12532000000016, 34.17800000000017], [71.12679, 34.17401], [71.13021, 34.164590000000146], [71.13017200000013, 34.164559], [71.12371398800013, 34.15926388800017], [71.1172567820002, 34.153968432000056], [71.11080038200015, 34.148672632000114], [71.10434478800016, 34.143376488000115], [71.09788500000019, 34.138076000000126], [71.09066000000013, 34.13181], [71.090739, 34.12973], [71.09085, 34.12681], [71.09281, 34.1254], [71.09316000000018, 34.12516000000011], [71.09382000000011, 34.12288000000012], [71.09377, 34.12026], [71.09370000000013, 34.120140000000106], [71.09193, 34.11868], [71.09145000000012, 34.11848], [71.08893000000018, 34.11746], [71.08796000000018, 34.11708], [71.08573, 34.11631000000011], [71.0832400000001, 34.11607000000015], [71.07989, 34.11552000000012], [71.07764, 34.11451], [71.0774400000002, 34.11441], [71.07123222300015, 34.10962114300008], [71.07114, 34.10955000000013], [71.07085, 34.1092900000001], [71.07108000000011, 34.105280000000164], [71.07167, 34.10115], [71.07371000000012, 34.09553000000011], [71.07828, 34.08855], [71.07789, 34.08389000000011], [71.07766, 34.08381], [71.07751, 34.08372], [71.07662000000016, 34.08299000000011], [71.07576, 34.08190000000013], [71.07561, 34.0815], [71.07513000000017, 34.08015000000012], [71.07537000000013, 34.07837000000012], [71.07617, 34.07792000000018], [71.07653, 34.07775000000015], [71.07689000000016, 34.07766000000015], [71.07884000000018, 34.07751000000019], [71.07899000000015, 34.07760000000019], [71.07918, 34.07766000000015], [71.07945, 34.07757000000015], [71.07999000000012, 34.07726], [71.08194, 34.07586], [71.0819800000001, 34.07575], [71.0824, 34.07078], [71.0826, 34.0638100000001], [71.08251, 34.06342000000018], [71.08238000000017, 34.06326], [71.08145000000013, 34.06214000000017], [71.07965, 34.06103000000013], [71.07613000000015, 34.0586100000001], [71.07612, 34.05849000000012], [71.07606, 34.057700000000125], [71.07622000000015, 34.05720000000014], [71.07634000000013, 34.05687], [71.07658, 34.05645], [71.07627000000019, 34.0557500000001], [71.07591, 34.05549], [71.07233000000014, 34.05479], [71.06601000000018, 34.05193], [71.06414000000018, 34.05134], [71.05996000000016, 34.05005000000011], [71.05974, 34.05006], [71.05952000000019, 34.05007000000012], [71.05863000000011, 34.05064], [71.05852, 34.05085], [71.05843, 34.05106000000018], [71.0583400000001, 34.05123], [71.0581600000001, 34.051380000000165], [71.05749, 34.0517], [71.05716000000012, 34.05182000000019], [71.05664000000013, 34.05199], [71.05583, 34.05225], [71.05555000000015, 34.05233], [71.05482000000018, 34.05232000000012], [71.0546100000002, 34.05229000000014], [71.05266000000012, 34.05194000000017], [71.05184000000014, 34.0514], [71.05006000000014, 34.05065000000019], [71.04593000000017, 34.05101000000013], [71.04577, 34.05103], [71.04047000000014, 34.05179000000015], [71.03583, 34.05409], [71.03397, 34.05506], [71.03382, 34.05506], [71.0336400000001, 34.05506], [71.03297, 34.05506], [71.03274, 34.05505], [71.03260000000017, 34.05502], [71.03251, 34.055], [71.03151, 34.05476], [71.03025, 34.05414], [71.03, 34.054010000000176], [71.02992000000012, 34.05394], [71.02494000000019, 34.04921], [71.02441, 34.04792], [71.02436000000017, 34.04766], [71.02459, 34.047470000000146], [71.02488, 34.047290000000146], [71.02496, 34.04721000000012], [71.02509, 34.047010000000114], [71.02626, 34.04513000000014], [71.02626, 34.04498000000018], [71.02616, 34.04464000000013], [71.02603000000016, 34.04433], [71.02530000000013, 34.04304], [71.02521000000019, 34.04289], [71.02152, 34.04023], [71.01944, 34.03920000000011], [71.01582000000019, 34.03715000000017], [71.01111, 34.03433], [71.01106, 34.03420000000011], [71.0109000000001, 34.03299], [71.01098000000013, 34.03237], [71.01108, 34.03207], [71.01135, 34.031650000000184], [71.01149, 34.03124], [71.01007000000016, 34.02959], [71.00997, 34.02949000000018], [71.00987000000015, 34.02942], [71.00117, 34.02495], [71.00101000000018, 34.02487000000019], [70.99726, 34.02479000000011], [70.99431, 34.02586000000019], [70.98935000000012, 34.027310000000114], [70.98704000000015, 34.02629], [70.97541000000012, 34.02631000000014], [70.97378, 34.02652000000012], [70.97363000000013, 34.02694], [70.97353, 34.0276300000001], [70.97332, 34.02783000000011], [70.96900000000016, 34.03045], [70.9684, 34.03047], [70.9675700000002, 34.03014000000013], [70.96719000000019, 34.029970000000105], [70.96162, 34.025140000000135], [70.9577900000001, 34.023120000000176], [70.95702000000017, 34.0222], [70.95576000000017, 34.01972], [70.95312, 34.01723], [70.94911, 34.01704000000018], [70.94708, 34.01665], [70.94412, 34.01578000000018], [70.93751, 34.01346], [70.93652, 34.0130400000001], [70.93541, 34.01039], [70.93534000000011, 34.009030000000166], [70.93538, 34.00849], [70.93387000000018, 34.00765000000018], [70.92644000000018, 34.00923000000017], [70.9183900000001, 34.01103], [70.91765000000015, 34.0111], [70.91411000000016, 34.01112], [70.91389, 34.01076000000012], [70.91454, 34.00735], [70.91477, 34.006460000000175], [70.91791000000018, 34.00178000000017], [70.91978000000017, 33.999950000000126], [70.92053, 33.99845000000016], [70.92059, 33.998190000000136], [70.91946000000019, 33.99456], [70.9191, 33.99432], [70.91868000000011, 33.99413], [70.91666000000015, 33.993360000000166], [70.91547, 33.99340000000012], [70.91403000000014, 33.9934300000001], [70.9136700000002, 33.99339], [70.91116000000017, 33.993080000000134], [70.91074, 33.99294], [70.90878, 33.99166], [70.90778000000012, 33.99097000000012], [70.90461000000016, 33.98751], [70.9019779790001, 33.98558896700018], [70.9007600000001, 33.9847], [70.89606, 33.98297], [70.89285, 33.98207], [70.8891, 33.98062000000016], [70.88909000000018, 33.980250000000126], [70.88717000000014, 33.97752], [70.88343, 33.97386], [70.88305000000014, 33.9738], [70.8825100000002, 33.973750000000166], [70.8819400000001, 33.97370000000012], [70.88135000000017, 33.97371], [70.87957000000011, 33.973750000000166], [70.8782900000001, 33.973810000000185], [70.8759500000001, 33.973500000000115], [70.87498000000011, 33.97302000000019], [70.87356, 33.97225], [70.87329145100011, 33.97199558500006], [70.87318, 33.97189], [70.8726, 33.97152], [70.8723100000002, 33.97135], [70.87187, 33.97132], [70.86635000000018, 33.97245], [70.86619, 33.97261], [70.86559000000017, 33.97358000000014], [70.86372000000017, 33.97754], [70.86365, 33.980250000000126], [70.86376000000013, 33.98054000000013], [70.86362, 33.98119], [70.86353, 33.98155], [70.86135000000019, 33.98233], [70.8552, 33.98389], [70.85185000000018, 33.98336], [70.84293, 33.98305000000016], [70.84141, 33.98200000000014], [70.84096000000011, 33.98128], [70.84035000000011, 33.98072], [70.83992, 33.980390000000114], [70.83938000000012, 33.979980000000126], [70.83825, 33.97938], [70.83747, 33.97904000000017], [70.8355600000001, 33.97821], [70.83229, 33.97819], [70.8277100000002, 33.9786], [70.82207000000017, 33.97851], [70.82184000000012, 33.97845], [70.82105000000013, 33.97720000000015], [70.82032000000015, 33.975860000000125], [70.81993, 33.97468], [70.81899, 33.97275000000019], [70.81878000000012, 33.97242], [70.81852, 33.97206000000011], [70.81760000000014, 33.97189], [70.81379, 33.97063000000014], [70.8132, 33.97039000000018], [70.80874000000017, 33.967710000000125], [70.7963600000001, 33.96743], [70.79502, 33.96761], [70.79444, 33.967560000000105], [70.78974, 33.96701], [70.78934000000015, 33.96694000000019], [70.78861000000012, 33.966570000000104], [70.78736, 33.96571000000017], [70.78438, 33.96385], [70.77945, 33.96111], [70.77916, 33.960960000000114], [70.7787100000001, 33.96099], [70.77284, 33.96203], [70.77167, 33.9622700000001], [70.76819, 33.96321000000012], [70.76527, 33.96439], [70.76400000000012, 33.96518], [70.76348, 33.96528000000012], [70.75867, 33.965450000000146], [70.75560000000019, 33.965480000000184], [70.75468000000012, 33.96544], [70.75185, 33.96522000000016], [70.75151000000017, 33.96494], [70.75115, 33.96471], [70.75069000000019, 33.96442000000019], [70.75016, 33.96412], [70.74523000000016, 33.96149], [70.74496, 33.96135], [70.74469, 33.961300000000165], [70.74418000000014, 33.96131], [70.73646000000019, 33.962040000000115], [70.73186, 33.96322], [70.73108000000019, 33.96318], [70.72876, 33.96294000000012], [70.72712, 33.96238000000017], [70.7208800000002, 33.96397], [70.72057491100009, 33.96406080000014], [70.72004000000015, 33.96422000000018], [70.71502, 33.96475000000015], [70.7147, 33.96471], [70.71152, 33.96318], [70.70964, 33.962010000000134], [70.70928000000015, 33.96159000000017], [70.709, 33.96134000000012], [70.70813, 33.96105], [70.7076, 33.9609], [70.70678, 33.96073], [70.70324000000011, 33.96033], [70.70007000000015, 33.96024], [70.69587000000013, 33.96163000000013], [70.69490000000013, 33.96242000000012], [70.69377, 33.96313], [70.68758, 33.96247000000017], [70.68468, 33.96197000000018], [70.68233000000015, 33.9601100000001], [70.67817, 33.95861000000019], [70.67735, 33.95832000000013], [70.67697, 33.9583300000001], [70.6741400000002, 33.95845], [70.66980000000012, 33.958170000000166], [70.66508, 33.9577], [70.65806, 33.95691], [70.65639, 33.95642000000015], [70.65018000000015, 33.954110000000185], [70.64918000000017, 33.95335000000017], [70.64898000000017, 33.9530400000001], [70.64832, 33.95229], [70.64708000000019, 33.952250000000106], [70.64289, 33.95229], [70.64235000000014, 33.95271000000014], [70.64116, 33.953710000000115], [70.6407200000001, 33.95417000000015], [70.63986000000017, 33.95527], [70.63772, 33.95669], [70.63445000000019, 33.95852000000019], [70.63418, 33.95862000000011], [70.63353, 33.9588], [70.62960000000015, 33.95931000000019], [70.62427, 33.95945], [70.61025000000018, 33.95971], [70.60204000000016, 33.9598], [70.59323, 33.96064], [70.58605000000017, 33.9616], [70.5839600000001, 33.96237], [70.58244, 33.96218000000016], [70.58186, 33.96200000000016], [70.58086, 33.96167], [70.58019, 33.96105], [70.5796, 33.96031000000016], [70.57872000000015, 33.959320000000105], [70.57569, 33.95769], [70.5751, 33.95745000000011], [70.5735800000001, 33.95684000000011], [70.57130000000012, 33.956160000000125], [70.56528, 33.95427], [70.55916000000019, 33.95149], [70.55844, 33.95128000000011], [70.55781000000019, 33.95129], [70.55695, 33.95138], [70.55652, 33.95141], [70.55603000000019, 33.95131000000015], [70.55486000000019, 33.950980000000186], [70.55176, 33.949840000000165], [70.55016000000018, 33.94718000000017], [70.54782000000017, 33.94342000000012], [70.54759000000013, 33.94323], [70.54686000000015, 33.94301000000013], [70.54605, 33.94297000000017], [70.54526, 33.94301000000013], [70.5400800000001, 33.94329], [70.53920000000016, 33.9434], [70.53032000000013, 33.94502000000017], [70.52978000000019, 33.94521], [70.52923000000015, 33.94545], [70.52656, 33.94741], [70.52603, 33.94782], [70.52539, 33.94846], [70.52474000000012, 33.9489], [70.52421, 33.94907], [70.52357000000012, 33.94913], [70.518, 33.94965], [70.51709, 33.94969], [70.51539, 33.94970000000012], [70.51371000000017, 33.94970000000012], [70.51286000000016, 33.94956], [70.51225000000017, 33.94943000000018], [70.51174, 33.94920000000013], [70.51117533600006, 33.94875989500008], [70.5110600000001, 33.94867000000016], [70.50895000000014, 33.94701000000015], [70.50856, 33.94667], [70.50812000000019, 33.9462], [70.50739, 33.94521], [70.5069400000001, 33.94425], [70.50663, 33.94329], [70.50661000000014, 33.94293], [70.50657, 33.942470000000185], [70.50621, 33.94218000000018], [70.50570000000016, 33.94184000000013], [70.50176000000016, 33.94075], [70.49984, 33.94028], [70.49894, 33.94008000000014], [70.49741000000012, 33.93990000000019], [70.49600000000015, 33.93978], [70.4954, 33.93973000000017], [70.49171000000013, 33.94027], [70.4888900000002, 33.94191], [70.48794, 33.94261], [70.48643, 33.94352], [70.48526, 33.943930000000194], [70.48448000000019, 33.94416], [70.48391, 33.94418000000013], [70.47854, 33.94429000000014], [70.47778, 33.9441], [70.47685000000018, 33.9436], [70.4763400000001, 33.943270000000155], [70.47592000000014, 33.94305], [70.47512, 33.94276], [70.47336, 33.94260000000014], [70.47293000000019, 33.94260000000014], [70.45901, 33.94507], [70.45863, 33.94516], [70.45814000000018, 33.94536], [70.4542100000001, 33.94737], [70.44829, 33.94923000000017], [70.44540000000018, 33.94911000000019], [70.44394000000017, 33.94905000000017], [70.4437522020001, 33.94907440100013], [70.43963, 33.94961000000018], [70.43919000000011, 33.94974], [70.43857000000014, 33.949930000000165], [70.43759, 33.95036], [70.43726, 33.950580000000116], [70.43625, 33.95159000000018], [70.43597000000011, 33.95187], [70.43594000000013, 33.952130000000125], [70.43585000000013, 33.95245000000011], [70.43304000000018, 33.95549000000011], [70.43239, 33.95587000000012], [70.43216000000018, 33.95599], [70.42986000000013, 33.95683000000014], [70.42339, 33.96205], [70.42317, 33.962350000000185], [70.42252000000013, 33.9634], [70.4195, 33.96573], [70.41606210500004, 33.96678985199998], [70.41431000000011, 33.96733000000012], [70.41333, 33.96696], [70.41073, 33.96532], [70.40931000000012, 33.96445], [70.4076, 33.96385], [70.39734, 33.96224000000012], [70.39704000000012, 33.9622], [70.39572000000015, 33.96214], [70.38665, 33.96373000000011], [70.38626, 33.96388000000013], [70.38601000000017, 33.96412], [70.38602, 33.96433], [70.38592000000017, 33.96472000000017], [70.3807900000001, 33.96794000000011], [70.37809000000016, 33.96931000000018], [70.3777, 33.96938], [70.37722000000014, 33.96937000000014], [70.37602000000015, 33.96922000000018], [70.37518, 33.9686200000001], [70.37407, 33.9678], [70.37380000000013, 33.96745], [70.37244, 33.96565], [70.36948, 33.9642300000001], [70.36716000000013, 33.96315], [70.36204, 33.96082], [70.36162, 33.96076], [70.36135000000013, 33.96080000000018], [70.35887, 33.962260000000185], [70.35861, 33.96255000000019], [70.35851000000014, 33.96296000000018], [70.35683, 33.96436], [70.3556, 33.96526], [70.35321, 33.96665000000013], [70.34419000000014, 33.96831], [70.3437400000002, 33.96836], [70.34331000000014, 33.96833], [70.34304, 33.96822], [70.34240000000017, 33.96767000000017], [70.34221, 33.96733000000012], [70.34151, 33.96672], [70.34060000000011, 33.96632], [70.33957000000015, 33.96597], [70.3355000000002, 33.967440000000124], [70.33463000000012, 33.96808000000016], [70.33436000000017, 33.9684400000001], [70.33331000000015, 33.96884000000017], [70.33304, 33.96892], [70.33261000000016, 33.96891000000011], [70.3243, 33.96622], [70.31937000000016, 33.96622], [70.31903000000011, 33.966250000000116], [70.31864000000013, 33.96631], [70.31669000000011, 33.96698], [70.31615, 33.96728], [70.31299, 33.9695200000001], [70.31203000000016, 33.97044], [70.30844000000013, 33.97063000000014], [70.30404, 33.97331], [70.30256, 33.97494], [70.2992300000002, 33.97729000000015], [70.2989, 33.97748], [70.29774000000015, 33.9780300000001], [70.29101, 33.981090000000165], [70.28166, 33.98362], [70.28122000000019, 33.98371], [70.28064000000018, 33.98378000000014], [70.28006000000016, 33.98379], [70.27955, 33.98378000000014], [70.27727, 33.98333], [70.26926, 33.98203000000012], [70.26761000000016, 33.98265], [70.26723000000015, 33.98277], [70.26681000000019, 33.98282000000012], [70.26369000000017, 33.983110000000124], [70.26338, 33.98312], [70.25453, 33.98131], [70.25352000000015, 33.98046], [70.25325, 33.979450000000156], [70.2533800000001, 33.979020000000105], [70.25269, 33.97809], [70.2524900000002, 33.97783], [70.25220000000019, 33.97767000000016], [70.24965, 33.97666], [70.24934000000013, 33.97659000000016], [70.24599, 33.9758700000001], [70.24537, 33.9757800000001], [70.24407000000019, 33.97564], [70.24302000000017, 33.975860000000125], [70.24206000000015, 33.97719], [70.24188, 33.97754], [70.24160000000012, 33.97822000000019], [70.24152, 33.97852000000012], [70.24139000000014, 33.97887000000014], [70.24117, 33.97905], [70.24067, 33.97939], [70.24011548000004, 33.97976313500004], [70.2396, 33.98011], [70.23814, 33.98071000000016], [70.23749, 33.9808900000001], [70.2307400000002, 33.98318], [70.23036, 33.98359], [70.22889, 33.98492000000016], [70.22822, 33.985300000000166], [70.2241, 33.98762], [70.2238, 33.98748], [70.22325, 33.98715], [70.22302, 33.98689], [70.22298000000012, 33.98656000000011], [70.22294, 33.98635000000013], [70.22261, 33.985710000000154], [70.22247, 33.98547000000019], [70.22210000000013, 33.98531], [70.22178000000014, 33.98523], [70.21579000000014, 33.984], [70.21212, 33.98327], [70.20068, 33.98161], [70.19377, 33.98325000000017], [70.19299000000012, 33.98369000000014], [70.19205000000017, 33.98441], [70.19156, 33.98506], [70.1914300000002, 33.98549], [70.19113, 33.98614], [70.19082, 33.98647000000011], [70.18681, 33.99007000000012], [70.18089000000015, 33.99462000000017], [70.17789, 33.9963800000001], [70.17553, 33.99772000000013], [70.17517, 33.99790000000013], [70.17452000000014, 33.998100000000136], [70.16910000000018, 33.99907000000013], [70.16882, 33.99908], [70.16775, 33.99908], [70.16419000000019, 34.000090000000114], [70.16106000000019, 34.00111000000015], [70.15819, 34.00252000000012], [70.15363, 34.00688], [70.1520200000001, 34.00982000000016], [70.14893289700018, 34.014071870000066], [70.14876, 34.01431], [70.14817, 34.01445], [70.14753000000019, 34.0146], [70.14703, 34.014700000000175], [70.14627, 34.01481], [70.14605000000012, 34.01445], [70.14590000000015, 34.01416], [70.14545, 34.013770000000136], [70.1436100000002, 34.01307000000014], [70.14341000000019, 34.013030000000185], [70.1417, 34.0127], [70.14127, 34.0127], [70.13998, 34.0127], [70.13929000000019, 34.01282], [70.13747, 34.01329], [70.13661000000013, 34.01372], [70.1354600000002, 34.01393], [70.13479000000018, 34.01393], [70.13131, 34.01355], [70.1310600000001, 34.01346], [70.12956000000014, 34.01181000000014], [70.12851000000012, 34.01016], [70.12829, 34.00913], [70.12766000000016, 34.00902], [70.12505, 34.00863], [70.12082000000015, 34.00924000000015], [70.11991000000017, 34.00973000000016], [70.11938, 34.01044000000013], [70.11873, 34.01089], [70.1176, 34.01125000000019], [70.11714000000012, 34.01128000000017], [70.11157, 34.01089], [70.11072, 34.01053000000013], [70.10928000000013, 34.00977000000012], [70.10867000000013, 34.00932000000017], [70.10764000000017, 34.00886000000014], [70.10148, 34.00758], [70.10066000000012, 34.00763000000012], [70.09967000000012, 34.0078400000001], [70.09914, 34.00810000000013], [70.09844, 34.00859], [70.09782000000013, 34.00895000000014], [70.09725, 34.00922], [70.09661, 34.009350000000154], [70.09348, 34.00968000000012], [70.08990000000011, 34.00932000000017], [70.08917000000014, 34.00913], [70.0884400000001, 34.00887], [70.08769, 34.00855], [70.08731, 34.008690000000115], [70.08582, 34.009470000000135], [70.08389, 34.0122], [70.08259000000015, 34.01442], [70.0817400000002, 34.01583], [70.08060000000017, 34.01647], [70.07559, 34.01769000000013], [70.07062, 34.01896], [70.06915000000015, 34.019380000000126], [70.06880000000012, 34.01971], [70.06732, 34.021540000000186], [70.06726, 34.02205], [70.06729, 34.022480000000144], [70.0672, 34.02302], [70.06336000000016, 34.02644], [70.06165, 34.02735000000018], [70.05985000000015, 34.02782000000019], [70.05879, 34.02829], [70.05744, 34.02891000000011], [70.05637000000019, 34.02947000000012], [70.05524, 34.03026000000011], [70.05471000000011, 34.03088], [70.05471000000011, 34.03121], [70.05485000000016, 34.0317500000001], [70.04815000000019, 34.03511], [70.04709, 34.03563000000014], [70.04364, 34.03729], [70.03932, 34.0389100000001], [70.03786, 34.03937000000013], [70.0338, 34.04061], [70.02696, 34.04163000000011], [70.02634, 34.041560000000175], [70.02579, 34.04144000000019], [70.02505, 34.04124000000019], [70.02463000000017, 34.04104000000012], [70.02420000000012, 34.0409], [70.01912, 34.03973], [70.01761, 34.03960000000018], [70.01507000000015, 34.03951000000018], [70.01162000000016, 34.03995], [70.01122, 34.04004], [70.00728, 34.042390000000125], [70.00539, 34.044190000000185], [70.00291967300018, 34.046423447000166], [70.00247000000019, 34.046830000000114], [69.9996, 34.04758], [69.99881, 34.04771000000011], [69.99591, 34.047790000000134], [69.9945200000002, 34.047790000000134], [69.9937, 34.047790000000134], [69.9924, 34.04755000000017], [69.9917, 34.04734], [69.98828, 34.044630000000154], [69.9851, 34.04199], [69.98208000000011, 34.03787], [69.98016, 34.03637], [69.97839000000016, 34.03533], [69.97780000000017, 34.03508000000011], [69.97741, 34.03510000000017], [69.97703, 34.03542], [69.97692, 34.03558], [69.97640000000018, 34.03616000000011], [69.97484, 34.036950000000104], [69.96762, 34.03981000000016], [69.96549, 34.04014000000012], [69.95617, 34.039080000000126], [69.95286, 34.03706000000017], [69.95156000000014, 34.03644], [69.94926, 34.035860000000184], [69.94752000000017, 34.03608], [69.94614, 34.036330000000135], [69.94580000000013, 34.03638], [69.94213, 34.03615000000019], [69.93923000000012, 34.03584000000012], [69.93695000000014, 34.03507000000019], [69.93654000000015, 34.03511], [69.9243, 34.03787], [69.92343, 34.03835000000015], [69.92314, 34.03864000000016], [69.92284, 34.03883], [69.92210000000011, 34.0390000000001], [69.9196, 34.03946000000013], [69.90775689500009, 34.03965076100019], [69.9047, 34.0397], [69.90421000000015, 34.03952000000015], [69.89975, 34.03268000000014], [69.89873, 34.03040000000016], [69.89820426800009, 34.029372313000124], [69.89674, 34.026510000000144], [69.89425000000011, 34.02219000000014], [69.8936900000001, 34.02163000000013], [69.89256, 34.02071], [69.89184000000017, 34.02055000000013], [69.89082000000019, 34.02043000000015], [69.89024000000012, 34.02046000000013], [69.8896600000001, 34.02021], [69.88895000000014, 34.0198], [69.88871, 34.019530000000145], [69.88874, 34.01856000000015], [69.88885, 34.01748000000015], [69.88901000000016, 34.016630000000134], [69.89256, 34.00604], [69.8935800000001, 34.004700000000184], [69.89426, 34.003950000000145], [69.89519, 34.00271], [69.89542000000012, 34.00212], [69.89553000000012, 34.00057], [69.89553000000012, 34.00050000000016], [69.89522, 33.99898000000013], [69.89497000000017, 33.99787000000015], [69.89608000000015, 33.9966500000001], [69.89740000000012, 33.9954800000001], [69.89892000000015, 33.99394], [69.90258000000011, 33.988990000000115], [69.90292000000017, 33.986610000000155], [69.90185, 33.98256], [69.90179000000012, 33.982370000000174], [69.89983000000012, 33.98137], [69.89921000000015, 33.98118000000011], [69.89899, 33.98113], [69.89611000000019, 33.98065000000014], [69.8952, 33.981000000000165], [69.89187, 33.98096], [69.88863000000015, 33.98041000000018], [69.88516, 33.97967], [69.88319000000018, 33.97892000000019], [69.88289, 33.97882], [69.88201, 33.978670000000136], [69.8819, 33.97869], [69.88157, 33.97883000000019], [69.88131, 33.97897], [69.88046, 33.97952], [69.87962, 33.980070000000126], [69.87895, 33.98002], [69.8773100000002, 33.97977], [69.87443000000013, 33.97623], [69.87473, 33.97300000000013], [69.87482, 33.97263], [69.87485, 33.97237], [69.87485, 33.9719], [69.87467, 33.97125000000011], [69.87454000000014, 33.97094], [69.87434000000013, 33.970500000000186], [69.8737, 33.96926], [69.87355000000014, 33.96913000000018], [69.87332, 33.96897], [69.87282000000016, 33.96866], [69.86933, 33.96717000000018], [69.8676, 33.96651000000014], [69.86689000000013, 33.966250000000116], [69.86666, 33.966250000000116], [69.86648000000014, 33.96627000000018], [69.86629, 33.9664], [69.86595000000017, 33.966560000000186], [69.86517, 33.96687], [69.86498000000017, 33.96693], [69.86435000000012, 33.96707], [69.86291000000017, 33.96735000000018], [69.8626200000001, 33.96737], [69.86168000000015, 33.96735000000018], [69.86136000000016, 33.96733000000012], [69.85874, 33.96101000000016], [69.85845, 33.96001000000018], [69.85865000000013, 33.95904], [69.85927, 33.95855000000017], [69.85940000000016, 33.95849], [69.86022000000014, 33.958230000000185], [69.86058, 33.95795], [69.86175, 33.95587000000012], [69.86199, 33.955110000000104], [69.86197000000016, 33.955], [69.8619100000002, 33.95482], [69.86176, 33.95438000000013], [69.86051000000015, 33.95091], [69.85957000000019, 33.9500900000001], [69.85891, 33.949840000000165], [69.8586900000002, 33.9498], [69.85826000000014, 33.94987], [69.85784, 33.949900000000184], [69.85763, 33.9498200000001], [69.85672000000011, 33.94945], [69.85642000000013, 33.94924], [69.85619000000014, 33.94899], [69.85597, 33.94875], [69.85568, 33.94494], [69.85615000000018, 33.94385000000017], [69.8563400000001, 33.94369], [69.8576000000001, 33.94331], [69.85775, 33.943270000000155], [69.86056, 33.93868000000015], [69.86016000000018, 33.93833000000012], [69.85992, 33.93806000000018], [69.85816, 33.93294], [69.85812, 33.93249], [69.85814000000016, 33.93213000000014], [69.8586, 33.924740000000156], [69.85909112500008, 33.92432187999998], [69.85934, 33.92411], [69.85975000000019, 33.92383000000018], [69.86624000000018, 33.92137], [69.8665, 33.92133], [69.86686000000014, 33.92133], [69.86739000000011, 33.92144000000013], [69.8681900000002, 33.92153], [69.86866, 33.921580000000176], [69.87055, 33.92157], [69.87306000000012, 33.921490000000176], [69.87469000000016, 33.92137], [69.87585000000018, 33.92091000000016], [69.87977000000018, 33.919270000000154], [69.88703, 33.91511], [69.88719, 33.91501000000011], [69.89165, 33.90909], [69.8917100000001, 33.90893000000011], [69.89177, 33.90807000000018], [69.89177, 33.90696], [69.89612000000011, 33.90502], [69.89636, 33.904950000000156], [69.89751000000018, 33.90473], [69.89894, 33.90478000000013], [69.90858, 33.89898], [69.91009000000014, 33.897090000000105], [69.91134000000017, 33.89479], [69.91377000000011, 33.89029], [69.91546000000017, 33.88679000000019], [69.9156200000001, 33.88403000000011], [69.91546000000017, 33.88309000000015], [69.91521, 33.88295000000011], [69.91426000000018, 33.88021], [69.91582000000011, 33.873580000000175], [69.91595, 33.87334], [69.91628000000014, 33.87321000000014], [69.91664, 33.87296], [69.91677, 33.8722800000001], [69.9168000000002, 33.87183000000016], [69.91682, 33.87142000000017], [69.91685, 33.86918], [69.91648, 33.86771000000016], [69.91515, 33.86591], [69.91380000000015, 33.86284000000012], [69.91356000000019, 33.86192000000017], [69.91322, 33.85994000000011], [69.91354000000013, 33.85896], [69.91402, 33.8575], [69.91733000000016, 33.85175000000015], [69.92303000000015, 33.84645], [69.92332000000016, 33.84631000000019], [69.92375, 33.84611000000018], [69.92589, 33.84535000000017], [69.92644, 33.84546], [69.92706, 33.84546], [69.93086000000017, 33.8440700000001], [69.93202, 33.84356], [69.93951, 33.83946], [69.94568, 33.83639000000011], [69.94636000000014, 33.83609000000013], [69.94795, 33.83584], [69.94940000000014, 33.83577000000014], [69.94976, 33.83568000000014], [69.95001000000013, 33.83527000000015], [69.95181, 33.82961], [69.95479, 33.82462], [69.95537, 33.824140000000114], [69.9555, 33.82396000000011], [69.95771, 33.81846000000019], [69.95895000000019, 33.81459], [69.95997, 33.81135], [69.96073000000018, 33.80875], [69.96064, 33.805950000000166], [69.96044000000018, 33.80412], [69.9604100000002, 33.803880000000106], [69.96045, 33.80259000000018], [69.96170000000018, 33.80045000000018], [69.96291, 33.799760000000106], [69.9641600000001, 33.799080000000174], [69.96441, 33.79895], [69.96553000000017, 33.79758], [69.96604, 33.7963400000001], [69.96608, 33.79594], [69.9661200000001, 33.79541000000012], [69.96575, 33.788790000000176], [69.96401000000014, 33.78633000000019], [69.96159000000011, 33.7819300000001], [69.96243000000015, 33.77537], [69.9643400000001, 33.76844], [69.96587, 33.76572], [69.96607, 33.765500000000145], [69.96698, 33.76542000000012], [69.96775000000014, 33.76500000000016], [69.96888, 33.764], [69.96908, 33.76381], [69.97031, 33.762520000000166], [69.97157, 33.7609], [69.97163, 33.75942000000015], [69.97165, 33.75889000000018], [69.97259, 33.75768], [69.97668, 33.75493], [69.98348000000016, 33.75037], [69.98912000000013, 33.74712000000011], [69.99419, 33.74091], [70.00409000000013, 33.73162000000019], [70.00752, 33.73004], [70.00791000000015, 33.72988], [70.01164, 33.72875], [70.0126, 33.728640000000155], [70.01395, 33.72853000000015], [70.0143, 33.72858000000019], [70.01454000000018, 33.72872], [70.0164700000002, 33.73072000000013], [70.0166, 33.73089000000016], [70.01713, 33.732100000000116], [70.01726000000019, 33.732510000000104], [70.01702, 33.73355000000015], [70.01685, 33.73410000000018], [70.01682, 33.73460000000017], [70.01687, 33.73486], [70.01857, 33.73696], [70.01887000000016, 33.73710000000011], [70.01906, 33.73718000000014], [70.02821, 33.73867000000013], [70.02841000000012, 33.73867000000013], [70.03167000000019, 33.73798], [70.0336400000001, 33.73661], [70.03384000000011, 33.73627000000016], [70.03413000000018, 33.73605], [70.03492000000017, 33.73547], [70.03764000000012, 33.73403], [70.03793000000013, 33.733990000000176], [70.03945000000016, 33.73495], [70.03958, 33.73513000000014], [70.03968, 33.73541], [70.03993, 33.73558], [70.04032000000018, 33.73576], [70.04099000000019, 33.73586000000017], [70.04239, 33.73576], [70.04283, 33.7357], [70.04323000000011, 33.7356400000001], [70.04351000000014, 33.73553], [70.0461800000001, 33.734430000000145], [70.04964541900006, 33.73271056900006], [70.05140000000017, 33.73184], [70.05589, 33.72907], [70.05883000000011, 33.7273100000001], [70.06129, 33.72644], [70.06394000000017, 33.72604000000018], [70.07206000000019, 33.72611], [70.0737, 33.72647], [70.07404, 33.72664], [70.07416, 33.72688], [70.07878, 33.7263], [70.07907, 33.72625000000011], [70.08158, 33.725480000000175], [70.08443000000017, 33.72411000000017], [70.08498, 33.72369], [70.0864, 33.72086000000019], [70.0863700000001, 33.72058], [70.08626, 33.72012], [70.08611, 33.71975], [70.08613000000014, 33.71939], [70.08621000000016, 33.71901], [70.0863700000001, 33.71844000000016], [70.0865, 33.71821000000011], [70.08836, 33.717020000000105], [70.09055000000012, 33.717450000000156], [70.0906700000001, 33.71771000000018], [70.09083000000015, 33.71808], [70.09095000000013, 33.71833], [70.0916600000001, 33.71916], [70.09200000000016, 33.71937], [70.0922, 33.71940000000018], [70.09318, 33.71951], [70.09734, 33.71974], [70.09824, 33.71961000000016], [70.09903, 33.71932000000015], [70.09915, 33.7188900000001], [70.09907, 33.71849], [70.09906, 33.71799], [70.09913000000017, 33.71751000000012], [70.10409, 33.71729], [70.1044800000002, 33.71731000000011], [70.10564, 33.71746], [70.10668, 33.71771000000018], [70.10925000000015, 33.72079], [70.11219, 33.72444000000013], [70.1137100000002, 33.72534000000013], [70.11999, 33.72751000000011], [70.12024000000014, 33.72756000000015], [70.12470000000019, 33.72833], [70.12532000000016, 33.72835000000015], [70.1256800000001, 33.72825], [70.12839000000014, 33.727120000000184], [70.12923, 33.72669000000013], [70.13470000000018, 33.725140000000124], [70.13498, 33.72522000000015], [70.13779, 33.72544], [70.13828000000012, 33.72543000000013], [70.1405700000002, 33.72536], [70.14224000000019, 33.72509], [70.14261, 33.72499000000016], [70.14254000000017, 33.724550000000136], [70.1424300000001, 33.72412], [70.14176, 33.72205], [70.1402700000001, 33.71775], [70.13965000000013, 33.71579], [70.13966, 33.71525], [70.13977000000011, 33.71235], [70.13986000000011, 33.712130000000116], [70.1400000000001, 33.71190000000013], [70.14033, 33.71176], [70.14070000000015, 33.71161000000012], [70.14102000000014, 33.7115], [70.14159, 33.71126], [70.14196, 33.71109], [70.14217, 33.71095], [70.14330000000012, 33.71005], [70.14364, 33.70973000000015], [70.14608, 33.705660000000194], [70.14453000000015, 33.70220000000012], [70.14338, 33.69988000000018], [70.14336000000014, 33.69963], [70.14385000000016, 33.69807000000014], [70.1443000000001, 33.69738], [70.14450000000011, 33.69717], [70.14477000000011, 33.69706], [70.14675000000011, 33.696670000000154], [70.14803000000018, 33.696520000000135], [70.14886000000013, 33.69648], [70.14932000000016, 33.69641000000013], [70.15108, 33.69611000000015], [70.15174000000019, 33.695960000000184], [70.15289000000013, 33.69550000000015], [70.1532000000002, 33.69526000000019], [70.15336000000013, 33.69484], [70.15350000000012, 33.68931], [70.15342, 33.68779000000012], [70.15328, 33.6864], [70.15234, 33.68051], [70.15222000000011, 33.67997], [70.15211, 33.67962000000017], [70.15192000000013, 33.67906], [70.15169000000014, 33.67866000000015], [70.15137, 33.67825000000016], [70.15031000000016, 33.67713], [70.14942, 33.676290000000165], [70.14919, 33.67596], [70.14825, 33.67434000000014], [70.14797, 33.67374], [70.14778, 33.67326000000014], [70.14762000000019, 33.67269], [70.14740000000012, 33.67165000000011], [70.14721, 33.66865], [70.14727000000016, 33.66832000000011], [70.14564000000013, 33.66328], [70.14411000000018, 33.66119], [70.1438800000002, 33.66081], [70.14368000000013, 33.66039000000018], [70.14364, 33.66013000000015], [70.14344000000017, 33.65856], [70.14344000000017, 33.65819], [70.14405, 33.65786], [70.14434, 33.65771000000012], [70.15191, 33.65389], [70.15216, 33.65378], [70.15255, 33.653610000000185], [70.15356000000014, 33.653180000000134], [70.15558117300014, 33.65241016300013], [70.16078000000016, 33.65043000000014], [70.16177000000016, 33.65010000000018], [70.16243, 33.64989], [70.16336, 33.64971], [70.16378, 33.64963], [70.16443000000015, 33.6495900000001], [70.1662500000001, 33.649990000000116], [70.16870000000011, 33.64970000000011], [70.17228, 33.64654000000013], [70.17772000000019, 33.6412600000001], [70.18137, 33.64087000000012], [70.1879100000001, 33.64304], [70.18841, 33.64322], [70.18995000000012, 33.64411000000018], [70.1902600000002, 33.64431000000019], [70.19111, 33.64525], [70.19126000000017, 33.64546000000013], [70.19128, 33.64577], [70.19136, 33.646020000000135], [70.1916100000002, 33.646270000000186], [70.19192, 33.64639000000017], [70.19389000000018, 33.64624], [70.19468000000018, 33.64589000000018], [70.19515000000013, 33.64568], [70.19860000000017, 33.64395], [70.19904000000014, 33.64368000000013], [70.1998500000002, 33.64293], [70.19998, 33.64269], [70.19987, 33.64242000000013], [70.1997, 33.642250000000104], [70.19946, 33.6421600000001], [70.19925000000012, 33.64205], [70.19713000000019, 33.63965], [70.19541000000015, 33.63716000000011], [70.19532, 33.63672000000014], [70.19531, 33.63647], [70.19634000000019, 33.6338300000001], [70.19652000000019, 33.63355], [70.19681, 33.63336000000015], [70.19708000000014, 33.633330000000115], [70.19738000000012, 33.63332], [70.19772000000017, 33.63336000000015], [70.19896000000011, 33.63315000000017], [70.19933000000015, 33.63308], [70.19933000000015, 33.63287], [70.19904000000014, 33.63201000000015], [70.19810000000018, 33.6303], [70.19727, 33.62944000000016], [70.19593, 33.62855], [70.1957300000002, 33.62825], [70.19554000000011, 33.62729], [70.19535000000019, 33.624740000000145], [70.19546, 33.62448000000012], [70.19563, 33.62428], [70.19628, 33.62376], [70.19714000000016, 33.62326], [70.1976000000002, 33.6232], [70.19855, 33.6194], [70.19147973000003, 33.5984581030001], [70.18861094, 33.589960037000026], [70.18574271200004, 33.58146189200005], [70.18287504600005, 33.57296367000015], [70.18000794300008, 33.56446537000011], [70.17714140100003, 33.555966991000105], [70.17427542000013, 33.547468535], [70.17141, 33.53897], [70.17103, 33.53868000000017], [70.17079, 33.537980000000175], [70.17073, 33.53761000000014], [70.17088, 33.53598], [70.17194000000018, 33.524900000000116], [70.17284, 33.51854], [70.17291000000012, 33.518370000000175], [70.17321, 33.51778000000019], [70.17399000000012, 33.51697000000013], [70.17786, 33.514070000000174], [70.17815, 33.513940000000105], [70.17901000000018, 33.51381000000015], [70.17947, 33.51381000000015], [70.18049, 33.51383], [70.18086000000011, 33.51389], [70.18115000000017, 33.513850000000105], [70.18147000000016, 33.5138], [70.18320000000011, 33.51308000000017], [70.18340000000018, 33.51298], [70.18439000000018, 33.511830000000145], [70.18456, 33.5116000000001], [70.18471000000017, 33.51137], [70.18561, 33.50952000000012], [70.18568000000016, 33.50935], [70.18566, 33.50909], [70.18533000000014, 33.5084700000001], [70.18510000000015, 33.508240000000114], [70.18507000000011, 33.507970000000114], [70.18515000000019, 33.50773000000015], [70.18527000000017, 33.50755], [70.18625, 33.50634], [70.18909000000019, 33.50464000000011], [70.18932, 33.50454000000019], [70.19293000000016, 33.50413], [70.1937, 33.50495000000018], [70.19396000000012, 33.50523], [70.19698, 33.50571000000019], [70.20492000000013, 33.50468], [70.20524000000012, 33.5046], [70.20563, 33.50442], [70.20585000000011, 33.5043], [70.20689, 33.50371], [70.20720000000011, 33.50349000000017], [70.20833000000016, 33.496], [70.2066, 33.4941], [70.2059052780001, 33.49352967100003], [70.20364, 33.49167], [70.20341, 33.491510000000176], [70.20278000000013, 33.48671000000019], [70.20787000000013, 33.48211], [70.20888000000019, 33.48140000000012], [70.20917, 33.48133], [70.20988000000017, 33.481540000000166], [70.21015000000011, 33.48162], [70.21141000000011, 33.48206], [70.21168, 33.48223], [70.21190000000013, 33.48258], [70.21227, 33.48331], [70.21266000000014, 33.48382], [70.21288, 33.48388000000017], [70.21317, 33.48388000000017], [70.21394, 33.48375], [70.21434, 33.48363], [70.21470000000016, 33.48352], [70.2182800000001, 33.48097], [70.2190700000001, 33.47862000000015], [70.21809000000019, 33.47788], [70.21679, 33.47712], [70.21651, 33.47705000000013], [70.21626, 33.47712], [70.21597, 33.47724], [70.21559, 33.47734000000014], [70.21545, 33.47734000000014], [70.21528, 33.47683], [70.21501, 33.47574], [70.21497000000011, 33.47535000000016], [70.21520000000015, 33.4751], [70.21961000000016, 33.47298000000018], [70.22036, 33.47264], [70.2218, 33.47213000000016], [70.22217, 33.47206], [70.2236700000002, 33.47212], [70.22406000000012, 33.47244], [70.22431, 33.47265], [70.22458000000017, 33.47291], [70.22778000000011, 33.474360000000104], [70.23219000000012, 33.474850000000174], [70.24384, 33.47185], [70.24439, 33.47155000000015], [70.24666, 33.4691], [70.24752000000018, 33.46802], [70.24752000000018, 33.467290000000105], [70.24704, 33.46177], [70.2469200000001, 33.46152000000018], [70.24675, 33.46130000000011], [70.24659000000014, 33.46112000000011], [70.24582, 33.4608300000001], [70.24537, 33.460670000000164], [70.2450500000001, 33.46064000000018], [70.24457000000018, 33.4606500000001], [70.24442, 33.46048], [70.24419000000017, 33.45997000000017], [70.24411000000015, 33.45421], [70.24459, 33.45216], [70.24466000000018, 33.45194000000015], [70.24485, 33.45172], [70.24553, 33.45141000000012], [70.24591, 33.45126000000016], [70.24744000000015, 33.45026], [70.249, 33.44896000000011], [70.24927, 33.448340000000144], [70.24959, 33.44746], [70.24995000000018, 33.44612000000012], [70.24983, 33.44591], [70.2495, 33.44577000000015], [70.24888, 33.44529], [70.24878000000018, 33.44506000000018], [70.25043000000011, 33.440250000000106], [70.25054000000011, 33.44001000000014], [70.25294000000014, 33.43738000000013], [70.25325, 33.437090000000126], [70.25643, 33.43475000000012], [70.25702000000018, 33.43449000000015], [70.25763, 33.43432], [70.26, 33.43369000000018], [70.26462, 33.43216], [70.26648, 33.43135], [70.2692, 33.42955000000012], [70.26947000000018, 33.42935000000011], [70.2699, 33.42934], [70.27025, 33.42940000000016], [70.27068000000014, 33.42959], [70.27571000000012, 33.431830000000105], [70.27597000000014, 33.43196], [70.27714000000014, 33.43262], [70.27733, 33.432760000000144], [70.27742, 33.43302000000017], [70.27744, 33.43336], [70.27744, 33.43376000000012], [70.27752000000015, 33.43413], [70.27779, 33.43465], [70.27804000000015, 33.43513000000013], [70.27841, 33.435510000000136], [70.27883000000014, 33.43572000000012], [70.27919, 33.43587], [70.28067000000016, 33.43646], [70.28141000000011, 33.436470000000156], [70.28197, 33.436440000000175], [70.2825, 33.43634], [70.28378, 33.43602], [70.28692000000018, 33.4349600000001], [70.28769000000011, 33.43469000000016], [70.28918000000016, 33.43401], [70.29660000000018, 33.430340000000115], [70.29677, 33.43024], [70.29703, 33.42667], [70.29706, 33.4257300000001], [70.29693, 33.42407], [70.29852, 33.41447000000011], [70.29962000000012, 33.408280000000104], [70.29966, 33.40812000000017], [70.30071, 33.406860000000165], [70.30219000000011, 33.40527], [70.30243, 33.40513], [70.30647, 33.40375], [70.31093, 33.40267], [70.3138400000002, 33.402], [70.32257, 33.39579000000015], [70.32303000000013, 33.39542], [70.32326000000012, 33.39504], [70.32349000000016, 33.39426], [70.32444, 33.39035000000018], [70.32447, 33.39009000000016], [70.32439, 33.38987], [70.3239400000001, 33.38915], [70.32354, 33.388580000000104], [70.3215100000001, 33.38679000000013], [70.31666000000013, 33.38273], [70.31243, 33.37923], [70.31112000000019, 33.37762], [70.31015, 33.37402], [70.31139000000019, 33.36598], [70.31043000000011, 33.363960000000134], [70.31060000000019, 33.36371], [70.3119, 33.362470000000144], [70.31509, 33.36122000000012], [70.31800000000015, 33.35988], [70.32378000000017, 33.35648000000015], [70.32509, 33.35567], [70.32523, 33.35552], [70.32731, 33.34939], [70.32813, 33.34572000000014], [70.32831, 33.34458000000012], [70.32845, 33.34343], [70.32842, 33.34322], [70.32715000000013, 33.341830000000186], [70.32447, 33.33828], [70.32727000000011, 33.33452000000017], [70.3274, 33.33427000000012], [70.32752, 33.33402000000018], [70.32749000000018, 33.33365000000015], [70.3271848780002, 33.33211874099999], [70.32695000000012, 33.33094000000011], [70.3264, 33.33105000000012], [70.32226, 33.33198000000016], [70.32212000000015, 33.33211], [70.32205, 33.33231000000012], [70.31808000000018, 33.33497000000011], [70.31069000000014, 33.33771000000013], [70.31057000000015, 33.33798000000013], [70.31035, 33.33808], [70.31009, 33.33819], [70.30970000000013, 33.33831], [70.30947, 33.33835000000016], [70.30884, 33.33805], [70.30473000000012, 33.335730000000126], [70.30450000000013, 33.33558000000011], [70.3043300000001, 33.33541], [70.30218000000019, 33.33235], [70.30074, 33.33018], [70.29996000000017, 33.32901], [70.29819, 33.32861], [70.29777000000018, 33.32859000000013], [70.29603, 33.32839000000013], [70.29426000000018, 33.32817], [70.29272000000014, 33.32767], [70.28698, 33.32277000000016], [70.28646000000015, 33.322230000000104], [70.28625000000017, 33.32188], [70.28614000000016, 33.321580000000154], [70.28603, 33.320960000000184], [70.28598, 33.32045], [70.28602000000018, 33.319970000000126], [70.28571000000011, 33.31692], [70.2854, 33.3142], [70.28528, 33.31321], [70.28488000000016, 33.31238], [70.28472, 33.3121], [70.2844500000001, 33.31181], [70.28317287700003, 33.31044534800009], [70.28124, 33.30838], [70.27740000000017, 33.30554], [70.2731800000002, 33.30037], [70.27241, 33.29944], [70.2719100000001, 33.29898], [70.27167000000014, 33.29877], [70.27144000000015, 33.298690000000136], [70.2677000000001, 33.29925000000014], [70.26476, 33.3002], [70.26452, 33.3002800000001], [70.26421, 33.300240000000144], [70.26297000000011, 33.298960000000136], [70.26064, 33.29589], [70.26010000000014, 33.29477], [70.25738000000013, 33.290890000000104], [70.25467, 33.28744000000012], [70.25373000000013, 33.28629000000018], [70.2504400000002, 33.282420000000116], [70.24747000000013, 33.27922000000018], [70.24608, 33.27805000000018], [70.24477, 33.27701000000013], [70.24423000000013, 33.27662000000015], [70.2410300000002, 33.27463000000017], [70.23947, 33.27395], [70.23835000000014, 33.2734], [70.23533, 33.27176], [70.23511000000013, 33.27162], [70.23491, 33.27141], [70.2346500000001, 33.27103], [70.23425, 33.27042000000017], [70.22639, 33.261920000000146], [70.22101, 33.25881], [70.22020000000015, 33.25841], [70.21992, 33.258240000000114], [70.20940500000012, 33.251756000000114], [70.20913, 33.251342000000136], [70.20826, 33.24987], [70.20768, 33.24878], [70.2068, 33.24828], [70.20302, 33.2462000000001], [70.20187000000016, 33.24611000000016], [70.20154, 33.24610000000018], [70.20137000000017, 33.24612], [70.20079000000015, 33.246220000000164], [70.19855, 33.24578], [70.1873, 33.24261], [70.18716, 33.24252000000013], [70.18521000000015, 33.240610000000174], [70.18503, 33.24036], [70.18480000000017, 33.23993], [70.18473, 33.239740000000154], [70.18447, 33.23841], [70.18443000000013, 33.23817], [70.18446000000012, 33.23793000000012], [70.18454000000014, 33.23776], [70.18474, 33.23764000000011], [70.18498000000017, 33.23740000000015], [70.18505, 33.23715], [70.18521000000015, 33.236550000000136], [70.1852, 33.23645], [70.18315, 33.23604], [70.17908000000011, 33.23554], [70.17828, 33.23557], [70.17773000000017, 33.23561000000018], [70.17737, 33.23564000000016], [70.1770200000002, 33.23572], [70.17678, 33.23579000000018], [70.17489000000018, 33.23651], [70.17469000000017, 33.23665], [70.17439000000019, 33.237350000000106], [70.17417000000012, 33.237570000000176], [70.17355000000015, 33.2379600000001], [70.17313, 33.238190000000145], [70.17259000000013, 33.23845000000017], [70.17133000000013, 33.23815000000019], [70.17121000000014, 33.2380500000001], [70.1653, 33.23279], [70.16509, 33.23258], [70.16454, 33.23177], [70.16449000000017, 33.231530000000134], [70.16464627700003, 33.23065626800013], [70.16471, 33.23030000000011], [70.16481000000016, 33.23018000000013], [70.16557000000017, 33.22964], [70.16586000000018, 33.22607], [70.16610000000014, 33.22111000000018], [70.166, 33.22074000000015], [70.16587, 33.220500000000186], [70.16443000000015, 33.21864000000011], [70.16435000000013, 33.21854000000019], [70.16405000000015, 33.21841], [70.16379000000012, 33.2183], [70.16262000000012, 33.21785000000011], [70.16211, 33.21772], [70.16138, 33.217560000000105], [70.16057000000018, 33.21741000000014], [70.15964000000014, 33.21746000000019], [70.15908000000019, 33.217560000000105], [70.1524, 33.21562000000017], [70.15201000000013, 33.215450000000146], [70.14912, 33.214490000000126], [70.14893, 33.214490000000126], [70.14773, 33.215], [70.1475, 33.215210000000184], [70.14643000000012, 33.21619], [70.14631000000014, 33.21634], [70.14629, 33.21646], [70.14627, 33.21664], [70.14621, 33.21674000000013], [70.14578000000017, 33.21723000000014], [70.14479000000017, 33.21803000000011], [70.14440000000019, 33.21813], [70.14417, 33.21815], [70.14096000000018, 33.2183], [70.1407500000002, 33.21828000000016], [70.14054, 33.2181], [70.14028000000019, 33.217870000000175], [70.14008000000018, 33.21768], [70.13983, 33.21739], [70.13961000000018, 33.21711000000016], [70.13942, 33.21692], [70.13924000000014, 33.21678], [70.13832000000019, 33.21625], [70.13789000000014, 33.21609000000018], [70.13522, 33.21579], [70.12918000000013, 33.21454000000017], [70.11970679100017, 33.20470742800018], [70.1196900000001, 33.20469000000014], [70.11956252100015, 33.204782712], [70.11947, 33.20485], [70.11894, 33.20584], [70.11842000000019, 33.20679000000018], [70.11831000000012, 33.206940000000145], [70.11754793300008, 33.207271677000165], [70.11638000000016, 33.20778], [70.11369000000013, 33.20878000000016], [70.11351000000019, 33.20883], [70.11208000000016, 33.20897], [70.10704, 33.20909], [70.1057, 33.20909], [70.10550000000018, 33.209050000000104], [70.10483000000016, 33.20683000000014], [70.10460000000018, 33.20586000000014], [70.10444, 33.20582], [70.09808000000015, 33.20503], [70.09535, 33.20574000000016], [70.09126, 33.20804], [70.08718000000016, 33.21106], [70.08399, 33.21435], [70.07918000000012, 33.21873000000011], [70.07346, 33.21983000000017], [70.07328, 33.21983000000017], [70.0731400000002, 33.21981000000011], [70.07218000000017, 33.21956], [70.07147, 33.21932], [70.0713600000002, 33.219240000000184], [70.06252000000012, 33.212790000000155], [70.06213000000014, 33.21250000000015], [70.06213000000014, 33.21237000000019], [70.06213000000014, 33.21216], [70.06223, 33.21076], [70.06225000000012, 33.2105], [70.06227000000018, 33.21030000000019], [70.0623, 33.21008], [70.06241, 33.2098], [70.063, 33.20921], [70.0631200000002, 33.20913000000019], [70.06323, 33.20906], [70.06341, 33.209], [70.0635400000001, 33.209], [70.0637200000001, 33.20899000000014], [70.06396, 33.20892], [70.06478, 33.20868], [70.06492, 33.2086], [70.06498, 33.208520000000135], [70.06514000000016, 33.20811000000015], [70.06516, 33.20778], [70.06516, 33.20755], [70.0650800000002, 33.20732000000015], [70.03983000000017, 33.16425], [70.0361700000002, 33.15918000000016], [70.02069000000012, 33.13844000000012], [70.01826000000017, 33.13884000000013], [70.0180600000001, 33.13892], [70.0179, 33.13901], [70.01776000000018, 33.13914000000011], [70.01364000000018, 33.141820000000166], [70.0079, 33.14434000000011], [70.00730000000016, 33.14454000000012], [70.00470000000013, 33.14518000000015], [70.00426000000016, 33.14512000000019], [70.00179, 33.14454000000012], [69.99991000000011, 33.14371], [69.99618, 33.14197000000013], [69.99606, 33.14175], [69.9951, 33.1407], [69.99500000000012, 33.14061], [69.99295000000012, 33.13931000000014], [69.9926500000002, 33.13926], [69.99245000000013, 33.139280000000156], [69.99209000000019, 33.13932], [69.98974, 33.13968], [69.98959000000013, 33.140020000000106], [69.98946, 33.14032], [69.98935000000017, 33.14047], [69.98601000000019, 33.14197000000013], [69.98153, 33.141820000000166], [69.98131000000018, 33.14176000000015], [69.98112, 33.14167], [69.9795400000001, 33.14014], [69.97713000000016, 33.13765000000012], [69.9735500000001, 33.13363], [69.97339000000017, 33.13321], [69.97309, 33.13298], [69.9729500000002, 33.13292], [69.9727700000002, 33.13287], [69.9718, 33.13261000000017], [69.97059000000013, 33.13237], [69.95652000000018, 33.13143], [69.94602, 33.13129], [69.94269, 33.131420000000105], [69.9405200000001, 33.13197000000014], [69.93933, 33.13175], [69.93675, 33.13012], [69.93624000000017, 33.12896000000018], [69.9369, 33.12443000000013], [69.93426000000011, 33.120080000000144], [69.93395, 33.12022000000013], [69.93328, 33.12047], [69.93288000000018, 33.12060000000014], [69.93216000000012, 33.12075000000016], [69.93027, 33.120950000000164], [69.92431, 33.119], [69.92385000000013, 33.11813], [69.92547, 33.11539], [69.92603, 33.11501], [69.92644, 33.1148], [69.92684, 33.11461000000014], [69.92750000000018, 33.11415000000011], [69.92778, 33.11363], [69.928677, 33.110238], [69.92875600000019, 33.10978300000011], [69.928662, 33.10957], [69.92588, 33.10507], [69.92487842100007, 33.10497912300008], [69.92070000000012, 33.1046], [69.91907, 33.10536], [69.91742000000016, 33.106020000000115], [69.91469, 33.10564000000011], [69.91403000000014, 33.10495], [69.91296, 33.10406000000012], [69.91178000000014, 33.103880000000174], [69.90285, 33.10256], [69.90150000000011, 33.102390000000185], [69.9013100000002, 33.10237000000012], [69.89646000000016, 33.1022200000001], [69.89314, 33.10325], [69.89286, 33.103470000000186], [69.89266, 33.10351], [69.8916200000001, 33.10367000000019], [69.89135000000016, 33.10364], [69.88810000000018, 33.1024900000001], [69.88180000000011, 33.09999000000016], [69.87881000000016, 33.09468], [69.87671000000012, 33.09392000000014], [69.87563000000011, 33.09385], [69.87286, 33.0939800000001], [69.86773000000017, 33.09556], [69.86725, 33.09573000000012], [69.86710000000011, 33.09582000000012], [69.86695, 33.09592], [69.86668000000014, 33.09625000000017], [69.8665, 33.09647], [69.86518, 33.09757000000013], [69.85816, 33.0982800000001], [69.85802000000018, 33.09817], [69.85783, 33.09802], [69.85739000000012, 33.09779], [69.85646, 33.09731000000011], [69.85627000000017, 33.09732], [69.85564000000011, 33.09739000000019], [69.85551, 33.09742000000017], [69.85528000000016, 33.09748000000013], [69.85291000000018, 33.098770000000115], [69.84949000000017, 33.10005000000018], [69.84443, 33.10096000000016], [69.84296, 33.10120000000012], [69.8373000000002, 33.09964000000019], [69.83483, 33.1014100000001], [69.82712, 33.10506], [69.82698, 33.105050000000176], [69.82681000000014, 33.10501], [69.82620000000014, 33.10498], [69.82546000000019, 33.10499000000016], [69.8234000000001, 33.10504], [69.82327, 33.105050000000176], [69.82311, 33.10508000000016], [69.82107, 33.10577], [69.82026000000019, 33.10613000000018], [69.81916000000012, 33.10669000000013], [69.81681, 33.10826], [69.8151, 33.10948], [69.81438, 33.11008000000015], [69.81373, 33.11068], [69.80948000000012, 33.11496000000017], [69.80934000000013, 33.11513000000019], [69.8029000000002, 33.12363], [69.80282000000011, 33.124200000000144], [69.80272000000019, 33.1251400000001], [69.79941, 33.13041], [69.79855000000015, 33.13115000000016], [69.798216895, 33.13127646700008], [69.79560000000015, 33.13227000000012], [69.79533000000015, 33.13236000000012], [69.79509000000019, 33.132380000000126], [69.79322000000019, 33.13174000000015], [69.7930300000001, 33.13159000000013], [69.79268000000013, 33.13115000000016], [69.79253000000011, 33.13066000000015], [69.79262000000011, 33.1305], [69.79270000000014, 33.130150000000185], [69.79273000000018, 33.12997], [69.79265, 33.12911000000014], [69.7926, 33.128940000000114], [69.79253000000011, 33.12879], [69.7924, 33.128530000000126], [69.79147000000017, 33.126770000000135], [69.7913400000001, 33.12654], [69.79115000000019, 33.12628000000012], [69.79104000000012, 33.12617], [69.79082, 33.12596], [69.79076, 33.12595000000016], [69.79013000000015, 33.12610000000012], [69.78936, 33.12629], [69.78913000000017, 33.12637], [69.78902000000016, 33.12641000000019], [69.78890000000018, 33.12646], [69.78858000000014, 33.12663], [69.78807, 33.12687], [69.78741000000014, 33.12706000000014], [69.78497, 33.12745], [69.78390000000019, 33.12749000000019], [69.78362, 33.12744000000015], [69.77987000000013, 33.12529], [69.77160000000015, 33.122210000000166], [69.76966, 33.11961000000014], [69.76802, 33.11802], [69.76778, 33.11784], [69.76733000000019, 33.11762000000016], [69.76590000000016, 33.11737], [69.75771, 33.117160000000126], [69.75022, 33.117160000000126], [69.74507000000011, 33.11564], [69.73996, 33.11454], [69.73537, 33.113910000000146], [69.7349, 33.11243], [69.73479, 33.11197], [69.73480000000018, 33.11134], [69.73518000000013, 33.10998], [69.73546, 33.10938000000016], [69.73551, 33.10923000000014], [69.7356, 33.10895000000011], [69.73571000000015, 33.10855], [69.73358000000013, 33.10715], [69.73243000000019, 33.10648], [69.73134, 33.10557], [69.73126000000019, 33.1054400000001], [69.73075, 33.104440000000125], [69.7303800000002, 33.10332], [69.73030000000017, 33.103040000000135], [69.73018000000019, 33.10218], [69.73074000000014, 33.09946000000019], [69.73132000000015, 33.09572], [69.73133000000013, 33.09547], [69.73126000000019, 33.09526000000017], [69.73116, 33.09504], [69.73041000000018, 33.09363000000013], [69.73026, 33.09357000000011], [69.72984, 33.09343], [69.72816000000017, 33.09336000000013], [69.72787000000017, 33.09341], [69.7276, 33.09351000000015], [69.7273, 33.09364], [69.72717000000017, 33.09372], [69.72703000000013, 33.09387], [69.72659000000016, 33.094090000000165], [69.7263500000002, 33.09419], [69.7261700000002, 33.094180000000165], [69.71554000000015, 33.093100000000106], [69.71501000000018, 33.09293], [69.71473, 33.09284000000014], [69.71218000000016, 33.09132000000011], [69.71195000000012, 33.09118], [69.71161, 33.09092], [69.71142000000015, 33.09054], [69.70968, 33.09003000000013], [69.70605, 33.09020000000015], [69.70544, 33.09023000000019], [69.7048, 33.09135], [69.70399, 33.092420000000175], [69.70372, 33.09271000000018], [69.70339, 33.09297], [69.70248, 33.09328000000011], [69.70095, 33.09356], [69.70080000000019, 33.09356], [69.69483, 33.09297], [69.69391000000013, 33.09236], [69.69376000000017, 33.09226], [69.69334, 33.09213000000017], [69.6908, 33.092020000000105], [69.69067000000013, 33.09204000000017], [69.69049000000012, 33.09213000000017], [69.68771000000015, 33.09448], [69.68512, 33.09733000000017], [69.6830700000001, 33.097600000000114], [69.68061000000017, 33.09710000000018], [69.68045, 33.09695000000016], [69.6803000000001, 33.09684000000016], [69.67981, 33.09652000000011], [69.6793300000001, 33.09634000000017], [69.67642, 33.09622000000019], [69.67603, 33.09625000000017], [69.67579000000012, 33.096290000000124], [69.67569, 33.09639], [69.67190000000016, 33.10073000000011], [69.67178000000018, 33.10088], [69.67167000000012, 33.10090000000014], [69.6708, 33.10097], [69.67015000000015, 33.101], [69.66915000000017, 33.10096000000016], [69.66903000000019, 33.10095], [69.66459, 33.10009], [69.66166, 33.094960000000185], [69.65806, 33.08974000000012], [69.65782000000013, 33.08958], [69.65769000000017, 33.08955], [69.65393000000012, 33.089380000000176], [69.65365, 33.0894], [69.6528400000002, 33.08974000000012], [69.64763, 33.09346], [69.64336, 33.09674], [69.64320000000015, 33.09699000000012], [69.643, 33.0972000000001], [69.64202, 33.0981000000001], [69.64179000000019, 33.09823], [69.64163, 33.0982800000001], [69.64149, 33.0982800000001], [69.63702, 33.09814], [69.63269, 33.098000000000184], [69.63205, 33.09808], [69.63150000000019, 33.0981900000001], [69.62956, 33.09868000000017], [69.62936, 33.09880000000015], [69.62933, 33.09905], [69.6292600000001, 33.0993], [69.62908000000016, 33.09947000000017], [69.62819, 33.09989], [69.62429000000014, 33.10097], [69.62229000000019, 33.10097], [69.62188, 33.10094], [69.62144, 33.1008], [69.62109, 33.100660000000175], [69.62081000000012, 33.100500000000125], [69.61376000000018, 33.10065], [69.61215, 33.10079000000013], [69.60785, 33.10092], [69.60776, 33.10092], [69.60744, 33.10088], [69.60546000000016, 33.10043000000019], [69.60457, 33.10011000000014], [69.60451, 33.10001], [69.60405, 33.09932000000015], [69.6037500000001, 33.09888000000018], [69.60333000000014, 33.09852], [69.60310000000015, 33.09838000000019], [69.60265, 33.09823], [69.60171, 33.09799], [69.60105000000016, 33.09802], [69.6004400000001, 33.09805], [69.59705000000014, 33.098240000000146], [69.58957, 33.099270000000104], [69.58498000000014, 33.100620000000106], [69.58437, 33.10082000000011], [69.58416000000011, 33.10091000000011], [69.58343000000013, 33.10179], [69.58276000000012, 33.10274000000015], [69.58260000000018, 33.102920000000154], [69.58248, 33.10291000000018], [69.57573784000016, 33.100760877000084], [69.57539000000014, 33.10065], [69.57523, 33.10055000000017], [69.5738600000002, 33.09968], [69.57368, 33.09956000000011], [69.57346000000013, 33.0994], [69.57327, 33.09920000000017], [69.57316, 33.09907], [69.57279000000011, 33.09855], [69.57267000000013, 33.0982800000001], [69.57237, 33.09628000000015], [69.57247000000012, 33.09604000000019], [69.57257, 33.09581], [69.57271, 33.09566], [69.57284, 33.0954], [69.57328000000018, 33.09443], [69.57333, 33.09417000000019], [69.57307, 33.092980000000125], [69.57226000000014, 33.089790000000164], [69.57182000000017, 33.08849], [69.57021, 33.08753], [69.56960000000015, 33.08736], [69.5657, 33.08352], [69.56153000000018, 33.07768], [69.56143, 33.0761], [69.56134, 33.07587], [69.55935000000011, 33.07202000000018], [69.5581800000001, 33.0713300000001], [69.55801, 33.071260000000166], [69.55776, 33.0712], [69.55371, 33.069250000000125], [69.55243, 33.06848000000019], [69.55199, 33.06818], [69.551, 33.06749000000019], [69.5493, 33.0662], [69.54914000000014, 33.06601000000012], [69.54870000000017, 33.065470000000175], [69.54809000000012, 33.06434000000013], [69.54805, 33.06421], [69.54589, 33.0619200000001], [69.5416200000002, 33.05866], [69.53662, 33.05387000000019], [69.53640000000013, 33.05375], [69.52551, 33.04953], [69.52533000000011, 33.049460000000124], [69.5242, 33.04885000000013], [69.52363000000014, 33.048500000000104], [69.52264, 33.04774], [69.51929000000018, 33.04516000000018], [69.51651, 33.041770000000156], [69.5115300000001, 33.03452000000016], [69.51123000000018, 33.03385000000014], [69.50726000000014, 33.031520000000114], [69.50585000000018, 33.029440000000136], [69.5047, 33.02753000000018], [69.50167000000016, 33.02284], [69.49994, 33.02041000000014], [69.49810000000019, 33.02042], [69.49628, 33.02068], [69.49563421100004, 33.00827162500008], [69.49446000000012, 32.985710000000154], [69.49537, 32.93306], [69.49895362800015, 32.925211112000056], [69.50253662800009, 32.917422112000054], [69.506119, 32.909633], [69.50601, 32.90946000000014], [69.50575, 32.909250000000156], [69.50527000000017, 32.90892], [69.50519, 32.90464], [69.50532, 32.90073], [69.50672, 32.89577], [69.50351000000018, 32.89052], [69.50102, 32.88978], [69.50065000000018, 32.88979000000012], [69.49834000000016, 32.88902000000019], [69.49787, 32.88882000000012], [69.49764000000016, 32.88857], [69.49678, 32.88755], [69.49633000000011, 32.88688000000019], [69.4962300000002, 32.8864], [69.49631, 32.88592000000017], [69.49675, 32.8855], [69.49787, 32.88493000000017], [69.4981600910001, 32.88481104500016], [69.50443, 32.88224], [69.50495000000012, 32.88216000000011], [69.51425000000012, 32.881100000000174], [69.51462000000015, 32.88106], [69.51497000000018, 32.88115], [69.51552, 32.8814], [69.51597000000015, 32.8817], [69.51627, 32.88214], [69.51674, 32.88253], [69.51703, 32.882710000000145], [69.51861, 32.8834], [69.51904000000013, 32.883550000000184], [69.51938000000018, 32.88349], [69.52405, 32.88160000000016], [69.53066000000018, 32.88046000000014], [69.53117000000015, 32.88027], [69.5344600000002, 32.8781], [69.5399300000002, 32.87572000000017], [69.54245000000014, 32.875990000000115], [69.54376000000019, 32.87628000000012], [69.54403000000013, 32.87636], [69.54466000000019, 32.876580000000104], [69.54558000000014, 32.87635], [69.54618, 32.87581000000017], [69.54639, 32.87551000000019], [69.54667, 32.87505000000016], [69.53701184100004, 32.872535113000026], [69.52735422700016, 32.87001947800013], [69.51769715800003, 32.8675030980001], [69.50804063500016, 32.864985971000124], [69.49838465800013, 32.862468097000146], [69.48872922600003, 32.85994947800003], [69.47907434000001, 32.857430112000145], [69.46942, 32.85491000000019], [69.46326, 32.85067], [69.46279, 32.849130000000116], [69.46189000000015, 32.84363000000013], [69.46207000000015, 32.8432], [69.4625400000001, 32.84231000000017], [69.46287, 32.841850000000136], [69.46317, 32.84158000000019], [69.4636, 32.84143], [69.4641, 32.841290000000186], [69.46467000000013, 32.84124000000014], [69.46511000000015, 32.841290000000186], [69.46540000000016, 32.84124000000014], [69.46553, 32.8411], [69.46625000000012, 32.84014], [69.46727000000016, 32.83876], [69.46847000000014, 32.83616], [69.46844000000016, 32.83604], [69.46779314700018, 32.83576413600019], [69.46708, 32.83546], [69.46485000000013, 32.83471], [69.46225, 32.83384000000012], [69.46189000000015, 32.83392], [69.46139, 32.83394], [69.46065, 32.83389], [69.46005000000014, 32.83384000000012], [69.45956000000012, 32.83377], [69.45922, 32.83365], [69.45886000000013, 32.83346000000017], [69.45771000000019, 32.83282000000014], [69.45742000000018, 32.83253000000013], [69.45722000000012, 32.83233], [69.45714, 32.83195], [69.45719000000014, 32.83155], [69.45733000000018, 32.83069000000012], [69.45745000000016, 32.83031000000011], [69.45794000000018, 32.82905000000011], [69.45739000000015, 32.82665000000014], [69.4555, 32.82514], [69.45246, 32.82343], [69.45082000000014, 32.822330000000136], [69.45045, 32.82207000000011], [69.44945000000013, 32.82135], [69.44913, 32.821100000000115], [69.44720000000012, 32.81928000000016], [69.44689, 32.81892], [69.4466300000002, 32.81858000000017], [69.44637000000017, 32.81818], [69.44622, 32.81786000000011], [69.44521, 32.815430000000106], [69.44518000000011, 32.81495000000018], [69.44524000000013, 32.81413], [69.44436000000013, 32.81012], [69.44148, 32.80428], [69.44120000000015, 32.80397000000016], [69.44096000000019, 32.80384], [69.43711000000013, 32.80226], [69.43678000000017, 32.80215], [69.42676000000017, 32.80077], [69.42604000000011, 32.80077], [69.41994, 32.800870000000145], [69.41642000000013, 32.80121], [69.41600000000017, 32.8013], [69.41558, 32.8015], [69.41515, 32.8018100000001], [69.4148100000001, 32.80206], [69.4143000000002, 32.80227000000019], [69.41345, 32.80255], [69.41277, 32.80274000000014], [69.4122, 32.80287], [69.4117700000001, 32.80286000000012], [69.41156000000018, 32.80278], [69.40750000000014, 32.80114], [69.40724000000012, 32.80099000000013], [69.40679, 32.80051], [69.40656000000018, 32.80013], [69.40634000000011, 32.797890000000166], [69.40638000000018, 32.79765], [69.40658, 32.79731], [69.40663000000012, 32.79696000000013], [69.40662000000015, 32.79653], [69.40654000000012, 32.79553], [69.40612, 32.79335], [69.4057800000001, 32.79230000000018], [69.40493000000015, 32.78985000000017], [69.40418, 32.78867], [69.40368, 32.78814], [69.40113000000014, 32.78664000000015], [69.39792000000011, 32.78495], [69.39312000000012, 32.7821100000001], [69.39118000000019, 32.78059000000013], [69.39007, 32.777920000000165], [69.39047000000011, 32.77713000000017], [69.3906600000002, 32.77562000000012], [69.38995, 32.77223000000015], [69.38987, 32.77195], [69.38905000000017, 32.77047000000016], [69.38897000000014, 32.76666], [69.391, 32.76447], [69.39111, 32.76432], [69.39241, 32.761560000000145], [69.39330000000012, 32.758520000000146], [69.39793, 32.75542000000013], [69.40202, 32.75315], [69.40452000000016, 32.75009], [69.40650000000016, 32.74659], [69.40619, 32.746070000000145], [69.40593, 32.74548000000016], [69.4058700000001, 32.74519000000015], [69.40616000000011, 32.74269], [69.40644, 32.74215000000015], [69.40672, 32.74174000000016], [69.40701000000013, 32.74148000000014], [69.40808000000015, 32.74137], [69.4097000000001, 32.74123], [69.41127000000017, 32.74106], [69.41145000000012, 32.74101000000013], [69.41822000000019, 32.737590000000125], [69.41848, 32.73743], [69.42114, 32.735360000000185], [69.4212, 32.735200000000134], [69.42105, 32.73489], [69.42083000000014, 32.73453000000012], [69.42052, 32.73404], [69.4203700000001, 32.733680000000106], [69.41973, 32.73209], [69.41969000000012, 32.73185], [69.41978000000012, 32.73175], [69.42496, 32.72792], [69.42529000000019, 32.72769000000011], [69.4257, 32.72750000000019], [69.42832, 32.72667], [69.42849000000012, 32.72665], [69.42876, 32.72669000000013], [69.43322000000018, 32.72917000000018], [69.43363000000016, 32.729560000000106], [69.4340000000002, 32.73001], [69.43425000000013, 32.73038], [69.43445000000014, 32.73062], [69.43509000000017, 32.73086000000018], [69.43570000000017, 32.73094], [69.4378, 32.731], [69.43810000000013, 32.73095000000018], [69.4404, 32.73012], [69.44135000000011, 32.72972], [69.44172, 32.729530000000125], [69.4419400000001, 32.72931], [69.44197, 32.72893], [69.4419400000001, 32.72841000000017], [69.4418500000001, 32.72791000000018], [69.44170000000014, 32.72750000000019], [69.44164000000012, 32.72687000000013], [69.44165, 32.72274000000016], [69.4417600000001, 32.72241], [69.44214000000011, 32.721570000000156], [69.44289, 32.72054], [69.44331000000011, 32.72017000000017], [69.44386000000014, 32.71942], [69.44414, 32.71892], [69.44535000000013, 32.7119100000001], [69.44369000000012, 32.70839000000018], [69.44310000000013, 32.70741], [69.44279, 32.70725000000016], [69.43819000000013, 32.705650000000105], [69.43784000000016, 32.70567000000017], [69.43761000000012, 32.70572], [69.43618, 32.705960000000175], [69.43541000000016, 32.70595], [69.43518000000012, 32.70593], [69.43503000000015, 32.7058], [69.43428000000011, 32.70481], [69.43421000000018, 32.70458], [69.43518000000012, 32.69979000000018], [69.43747, 32.69349000000011], [69.43647, 32.68903], [69.43808000000013, 32.68668000000014], [69.4413, 32.68461], [69.44649000000015, 32.67964], [69.44697, 32.67918], [69.44745000000017, 32.67868], [69.45246, 32.67161], [69.45281000000011, 32.67052], [69.45354, 32.667640000000176], [69.45394000000016, 32.66540000000015], [69.45398000000012, 32.66514000000012], [69.45375, 32.65829000000019], [69.45105000000012, 32.6532], [69.45089, 32.65301000000011], [69.44471000000016, 32.647], [69.44455, 32.64692000000019], [69.44414, 32.64684000000011], [69.44362000000018, 32.64675000000011], [69.44315, 32.64667], [69.44016, 32.646360000000186], [69.43905, 32.64633], [69.43868, 32.64634000000012], [69.43693000000019, 32.64642], [69.43395000000015, 32.64653], [69.4335200000001, 32.64652000000012], [69.43305, 32.64643000000012], [69.42923, 32.64463], [69.42859, 32.64394000000016], [69.4284300000001, 32.64353000000017], [69.42847, 32.64312000000018], [69.42875000000015, 32.641720000000134], [69.42885, 32.64145000000019], [69.42916000000014, 32.64122], [69.42938, 32.64109], [69.42965, 32.641070000000184], [69.43008, 32.64074], [69.43134, 32.63943], [69.43143, 32.63931], [69.43137000000019, 32.63902], [69.43009000000018, 32.635270000000105], [69.42992000000015, 32.63491000000016], [69.42725000000019, 32.63259], [69.42562000000015, 32.63125000000019], [69.42432, 32.62959000000018], [69.42170000000016, 32.62493], [69.42014, 32.618950000000154], [69.4162500000001, 32.61466000000013], [69.41572, 32.61419000000012], [69.41542000000015, 32.61397], [69.4144800000002, 32.61339], [69.41353, 32.61285], [69.41257, 32.61255000000017], [69.41235000000017, 32.612530000000106], [69.41180000000014, 32.61249000000015], [69.41146, 32.61243000000019], [69.41053, 32.61224], [69.40908000000013, 32.61124000000012], [69.40828, 32.60956], [69.40801, 32.60856], [69.40803903000017, 32.60803332100011], [69.40808000000015, 32.60729000000015], [69.40869, 32.605790000000184], [69.4089100000001, 32.60542000000015], [69.40913000000018, 32.60533000000015], [69.4117700000001, 32.60449000000011], [69.4130300000001, 32.60409], [69.4134000000002, 32.60327], [69.40682, 32.59514], [69.40394, 32.59162000000015], [69.4036200000001, 32.59174000000013], [69.40325, 32.59173], [69.40294000000017, 32.59167], [69.39865, 32.58807], [69.39851, 32.58795], [69.39850000000013, 32.58759000000015], [69.39855000000017, 32.58689000000015], [69.39679, 32.5824], [69.39184000000012, 32.57563000000016], [69.38908, 32.574180000000126], [69.38858, 32.57402000000019], [69.38821000000013, 32.57404], [69.38558000000012, 32.57333000000011], [69.38360000000011, 32.571020000000146], [69.38337, 32.57068], [69.38317, 32.57034000000016], [69.38302, 32.569970000000126], [69.38278, 32.568740000000105], [69.38278, 32.56842000000012], [69.38307, 32.56633], [69.38363, 32.56498], [69.38399, 32.56103], [69.38394000000017, 32.56074], [69.38379, 32.56046], [69.38363, 32.56022], [69.38346, 32.55999], [69.38326, 32.559850000000154], [69.38306000000017, 32.55982000000017], [69.38218000000018, 32.55987], [69.3748000000001, 32.56038000000012], [69.3744, 32.56046], [69.37254000000019, 32.56129], [69.36883000000017, 32.56137000000018], [69.36502, 32.56101], [69.3644, 32.56095], [69.36289, 32.5603], [69.36231000000015, 32.55989000000011], [69.36187000000018, 32.55959000000013], [69.36123000000015, 32.55918000000014], [69.35783, 32.55768], [69.35719000000017, 32.55747], [69.35659, 32.55740000000014], [69.35493, 32.55773], [69.35291, 32.55798000000016], [69.35181, 32.558], [69.35054, 32.55802000000011], [69.35037, 32.55798000000016], [69.34993, 32.55783], [69.34739, 32.556290000000104], [69.3461, 32.55531], [69.34412, 32.55386000000016], [69.31171000000018, 32.54047], [69.31126, 32.54055], [69.31104000000016, 32.54065000000014], [69.31085, 32.54091000000017], [69.31039, 32.54187000000019], [69.30982000000012, 32.543020000000126], [69.30965, 32.54328000000015], [69.30948, 32.54346], [69.30921000000012, 32.54367], [69.30888000000016, 32.543860000000166], [69.3063800000001, 32.54515000000015], [69.30607, 32.54529000000019], [69.30554, 32.545440000000156], [69.30536, 32.54545], [69.30513, 32.54542], [69.30498, 32.54529000000019], [69.30485000000016, 32.54509000000013], [69.30473000000018, 32.5449], [69.30422, 32.54418], [69.30321000000015, 32.543020000000126], [69.30298000000016, 32.54277], [69.29906000000017, 32.540790000000186], [69.29534, 32.53926], [69.29079000000013, 32.53690000000017], [69.29105000000015, 32.53665000000012], [69.29177, 32.53594000000015], [69.292, 32.5356000000001], [69.29206, 32.53526], [69.29196000000013, 32.53494], [69.28948000000014, 32.531440000000146], [69.28937, 32.5313000000001], [69.28925, 32.53118000000012], [69.28293000000014, 32.52762000000013], [69.28246000000013, 32.52752], [69.28203, 32.52751], [69.28177, 32.52759], [69.2816, 32.52775], [69.28125, 32.52819], [69.28104, 32.52852000000013], [69.28080000000011, 32.52879], [69.2805100000001, 32.528960000000154], [69.27997000000016, 32.52915], [69.27959, 32.52920000000012], [69.27821, 32.52923], [69.27469073800017, 32.52113021800011], [69.2711721070001, 32.51303032600015], [69.2689166780001, 32.50783732500008], [69.2676541080001, 32.50493032600019], [69.2641367390001, 32.496830218000184], [69.26062000000019, 32.48873], [69.2554826940002, 32.48310354800009], [69.25034602800008, 32.47747688100003], [69.24521, 32.47185000000013], [69.245184, 32.471796], [69.24479000000014, 32.470970000000136], [69.24445, 32.4702], [69.24413, 32.46959000000015], [69.24141, 32.465360000000146], [69.24131000000011, 32.465240000000165], [69.241, 32.46499], [69.24012, 32.46461], [69.23972, 32.46453], [69.23963, 32.46447], [69.23900000000015, 32.46251], [69.23780000000016, 32.45767000000012], [69.23782, 32.4573], [69.2378900000001, 32.45698], [69.23821000000015, 32.455710000000124], [69.23831, 32.455330000000174], [69.23879000000017, 32.45461], [69.24237, 32.4505], [69.24248000000011, 32.44981000000013], [69.24255, 32.44931000000014], [69.24270000000018, 32.44739], [69.24267, 32.44627000000014], [69.2426, 32.44569000000013], [69.24252, 32.44508], [69.24315000000013, 32.44091], [69.2453300000002, 32.43033], [69.24634, 32.42811], [69.24651000000011, 32.427790000000186], [69.24665000000016, 32.42765000000014], [69.2469, 32.42751], [69.24796, 32.42477], [69.24852, 32.41969], [69.24843, 32.41922], [69.24815000000012, 32.41793], [69.24817000000019, 32.41555000000017], [69.248246, 32.41541200000012], [69.26817346100017, 32.379246957000134], [69.27703, 32.36329000000012], [69.27807000000018, 32.36076], [69.27784000000014, 32.35926000000012], [69.27784000000014, 32.35866], [69.27803, 32.35743], [69.27856, 32.355400000000145], [69.2803300000001, 32.34889], [69.28063, 32.348030000000165], [69.2809, 32.34738], [69.28126000000015, 32.347190000000126], [69.28145, 32.34685], [69.28165, 32.346360000000175], [69.282, 32.34454], [69.28240000000017, 32.33912000000015], [69.28255000000013, 32.33704000000017], [69.28255000000013, 32.33633], [69.2823800000001, 32.331050000000175], [69.28176000000013, 32.32429000000019], [69.28119, 32.324030000000164], [69.28106000000014, 32.32376], [69.28063, 32.32269000000014], [69.28062000000011, 32.322450000000174], [69.28089000000011, 32.31986000000012], [69.28132000000016, 32.31649000000016], [69.28144000000015, 32.31593], [69.2816, 32.31552], [69.28182000000015, 32.31526], [69.28266000000019, 32.31428000000011], [69.2835500000001, 32.313], [69.28368000000017, 32.312810000000184], [69.28357000000017, 32.31118], [69.28347, 32.31089], [69.28059000000013, 32.30886], [69.27981000000011, 32.3085200000001], [69.27871, 32.30805000000015], [69.27821, 32.30797], [69.27790000000016, 32.30783], [69.27666, 32.307140000000174], [69.27647000000013, 32.30672], [69.27656000000013, 32.30360000000019], [69.27871, 32.29338000000013], [69.27904000000012, 32.29271000000011], [69.27942000000013, 32.29237], [69.27976, 32.29195], [69.27992000000012, 32.29145000000011], [69.28017, 32.28994], [69.28054, 32.287500000000136], [69.28069, 32.286420000000135], [69.28066, 32.28623], [69.28013, 32.28541], [69.27986000000016, 32.28522000000015], [69.27944000000019, 32.28515], [69.27651, 32.28413], [69.27343000000013, 32.28247000000016], [69.27185000000014, 32.28113000000013], [69.27174, 32.28095000000019], [69.27169, 32.2807600000001], [69.27147000000014, 32.279760000000124], [69.27149, 32.2795], [69.27171, 32.27828], [69.2718, 32.27794000000017], [69.27215000000012, 32.276970000000176], [69.27248, 32.27676], [69.27295, 32.27472000000017], [69.2733, 32.27211], [69.27307000000019, 32.269350000000145], [69.27289, 32.26877000000013], [69.27226000000013, 32.26679], [69.27161000000018, 32.26524], [69.27134, 32.26483], [69.27089000000012, 32.2641], [69.27073000000019, 32.26380000000012], [69.27026, 32.261], [69.27106250999998, 32.25486347400005], [69.27176000000014, 32.24953000000016], [69.2721900000002, 32.2436100000001], [69.27236, 32.24229], [69.27241, 32.24193], [69.27258000000018, 32.24159], [69.27357000000018, 32.24056000000013], [69.27404000000018, 32.24021000000016], [69.27436000000017, 32.239980000000116], [69.27461, 32.23778000000016], [69.27468000000016, 32.23657], [69.27468000000016, 32.23325000000017], [69.27465000000018, 32.23282000000012], [69.27447, 32.23137], [69.27439000000015, 32.23113], [69.27277, 32.228900000000124], [69.27241, 32.22843000000012], [69.27196, 32.22795], [69.27155, 32.22756], [69.27108, 32.22746000000018], [69.27053000000018, 32.22738000000015], [69.26973, 32.22559000000018], [69.2705000000002, 32.221120000000155], [69.27116, 32.2195200000001], [69.27171, 32.21824], [69.27525, 32.20528000000013], [69.2761200000001, 32.20199], [69.27674, 32.1994], [69.27726000000013, 32.19276000000019], [69.27742, 32.18928], [69.27725, 32.186890000000176], [69.27681000000018, 32.18454], [69.27663, 32.18399], [69.27634, 32.18341], [69.27592, 32.18278], [69.27568000000014, 32.18265], [69.27476, 32.18238], [69.27433000000019, 32.182280000000105], [69.27389000000016, 32.18226], [69.27369000000016, 32.18217], [69.27349000000015, 32.1817], [69.27334000000013, 32.18112], [69.27331000000015, 32.18037], [69.27332, 32.17729], [69.2730600000001, 32.17436000000015], [69.27283, 32.17261], [69.27171, 32.1678], [69.27117, 32.166230000000155], [69.27046, 32.16371], [69.27012000000019, 32.16189], [69.27027000000015, 32.15671], [69.27105, 32.15219], [69.27124000000015, 32.15149], [69.27186, 32.15067], [69.2721900000002, 32.15002], [69.273, 32.14792], [69.27313, 32.147240000000124], [69.27334000000013, 32.14589000000012], [69.27311000000014, 32.144020000000125], [69.27251, 32.1424], [69.27254, 32.14121000000017], [69.27281000000016, 32.139720000000125], [69.27298000000019, 32.13891000000012], [69.27397, 32.136300000000176], [69.27546, 32.12994], [69.2762100000001, 32.12644], [69.27646, 32.12592000000018], [69.27711000000016, 32.12601000000018], [69.27755000000013, 32.126240000000166], [69.27788, 32.12651000000017], [69.27821, 32.1267], [69.27853, 32.12668000000019], [69.27881000000014, 32.1264900000001], [69.27938, 32.12572000000017], [69.27959, 32.12542000000019], [69.28119, 32.12250000000017], [69.28141000000011, 32.12194], [69.28203, 32.11969], [69.28266000000019, 32.11745000000013], [69.28276000000011, 32.11719000000011], [69.28424000000018, 32.113880000000165], [69.28633, 32.11004], [69.28652000000017, 32.10954], [69.28669000000019, 32.10804000000013], [69.28648, 32.106810000000166], [69.28655000000015, 32.10622000000018], [69.28876, 32.101900000000114], [69.29193000000015, 32.09823], [69.29236, 32.09784000000013], [69.2927600000001, 32.097430000000145], [69.2930600000002, 32.096900000000176], [69.293, 32.096410000000105], [69.2927600000001, 32.09612], [69.29240000000016, 32.095700000000136], [69.29192, 32.0952400000001], [69.29182, 32.09499], [69.29214000000013, 32.09412], [69.29288, 32.09234000000015], [69.29322000000013, 32.09195], [69.29442000000012, 32.09117000000015], [69.29593000000017, 32.08951000000013], [69.29616, 32.08915000000019], [69.29632, 32.088570000000175], [69.29615, 32.08829], [69.29305000000011, 32.08708000000013], [69.29222000000016, 32.08677], [69.29167000000012, 32.08675], [69.29033, 32.08677], [69.29000960300016, 32.086397539000075], [69.28873, 32.08491], [69.28822000000014, 32.08158], [69.28708000000012, 32.07295], [69.28707, 32.07267000000013], [69.28708000000012, 32.06512], [69.28727, 32.06359], [69.28739000000019, 32.06294000000014], [69.28748000000019, 32.06253000000015], [69.28860000000014, 32.05944000000011], [69.2889, 32.059110000000146], [69.28953000000018, 32.05901], [69.28978, 32.05885000000012], [69.29131000000018, 32.0548], [69.29135000000014, 32.05442], [69.29127, 32.054030000000125], [69.29038000000014, 32.050810000000126], [69.29007, 32.0503], [69.28974000000011, 32.04996000000017], [69.2894500000001, 32.04925], [69.28938, 32.04894000000013], [69.28962000000013, 32.04515], [69.29023000000018, 32.04382000000015], [69.29045, 32.04355], [69.29079000000013, 32.04342], [69.29119, 32.043440000000146], [69.29138000000012, 32.04325], [69.29153, 32.04252], [69.29155000000014, 32.042040000000156], [69.2917000000001, 32.03755], [69.2917900000001, 32.03466], [69.29190000000017, 32.03387], [69.29202000000015, 32.033180000000186], [69.29345000000012, 32.02651], [69.29427000000015, 32.02315], [69.29443, 32.02279], [69.29519, 32.02162], [69.29509000000013, 32.0184], [69.29509000000013, 32.01284000000015], [69.29531, 32.01097000000016], [69.29538000000014, 32.01069], [69.29556000000014, 32.01032], [69.2959100000001, 32.01011], [69.29784000000012, 32.00958], [69.29847000000018, 32.00942000000015], [69.30041000000011, 32.00564], [69.30034000000018, 32.0052], [69.30000000000013, 32.00256], [69.30004, 31.994190000000174], [69.30062, 31.990740000000187], [69.3010900000001, 31.98943000000014], [69.30198000000019, 31.98785000000015], [69.30242000000015, 31.98708], [69.30261, 31.98679], [69.30478, 31.987930000000176], [69.30633, 31.98877], [69.3072800000001, 31.989], [69.3086, 31.989050000000134], [69.31128000000012, 31.988960000000134], [69.3114900000001, 31.98872000000017], [69.31241, 31.987120000000118], [69.31268000000017, 31.98662000000013], [69.31303000000014, 31.985180000000184], [69.31329000000017, 31.98376000000013], [69.31311, 31.982640000000174], [69.31299, 31.981480000000147], [69.31398, 31.97758], [69.31415, 31.97708], [69.31508000000014, 31.97469000000018], [69.3176600000001, 31.969790000000103], [69.31917000000016, 31.96705], [69.3195300000001, 31.96545], [69.31979000000013, 31.964261], [69.31979000000013, 31.964260000000138], [69.31873000000019, 31.96119000000016], [69.31824000000012, 31.96035000000012], [69.31759000000017, 31.958850000000155], [69.31932000000012, 31.953820000000178], [69.32082290600016, 31.951827774000037], [69.32083789500007, 31.951807905000067], [69.32118958400008, 31.9520800680001], [69.32454681400003, 31.95444297800003], [69.33043670700005, 31.95962142900015], [69.33082580600018, 31.960212708000142], [69.33167266800007, 31.958347321000076], [69.33196258500016, 31.957769394000138], [69.3323898320001, 31.957376480000107], [69.33349609400011, 31.95636558500007], [69.33723449700011, 31.95412445100004], [69.33834838900009, 31.953559875000053], [69.34114074700017, 31.952140807999967], [69.34179687500011, 31.951829910000185], [69.34679412800017, 31.95195579500006], [69.34967804000019, 31.95327568099998], [69.35229475400018, 31.95458632100008], [69.36201477100013, 31.96020317100016], [69.36299133300014, 31.960985184000094], [69.36400233600006, 31.96179233400011], [69.36441803000014, 31.96211433400009], [69.36737060500008, 31.96437263500013], [69.36785888700018, 31.964761734000092], [69.36849975600018, 31.96527481100003], [69.36943243100018, 31.965621495999983], [69.37202453600014, 31.96657943700012], [69.37486649400012, 31.966645186000164], [69.37946319600013, 31.965656281000122], [69.37992095900006, 31.965557098000033], [69.38931274400005, 31.96274566699998], [69.39392089800015, 31.962368011000024], [69.39435577400008, 31.962368011000024], [69.39503479000012, 31.962368011000024], [69.39559173600003, 31.962368011000024], [69.3982162480001, 31.962806702000194], [69.40000915500019, 31.963106155000162], [69.40357971200012, 31.963703156000065], [69.40443420400015, 31.963638306000064], [69.4093017580002, 31.963270187000035], [69.4157562260001, 31.962783813000158], [69.4253692630001, 31.96262741099997], [69.4287719730001, 31.962757111000087], [69.42993927000015, 31.962800980000054], [69.43286895800009, 31.962915421], [69.438591003, 31.963945389000173], [69.44708252000015, 31.96658515900009], [69.45549774200009, 31.966688156000146], [69.46449279800004, 31.965862274000017], [69.4700164790001, 31.96535491900005], [69.47126770000017, 31.965230942], [69.48124694800003, 31.966087341000105], [69.4975814820001, 31.969518661000166], [69.51042938200015, 31.972724915000015], [69.51127213100017, 31.97295644200011], [69.51197814900013, 31.973251343000072], [69.51580047600015, 31.974853516000053], [69.51881408700018, 31.97610664400014], [69.52311706500006, 31.975599289000172], [69.5237579350001, 31.974748611000166], [69.52552032500012, 31.97272110000017], [69.52982330300017, 31.967235565000067], [69.53524780300012, 31.96065330500005], [69.5358963010001, 31.95983505200013], [69.53727722200006, 31.95929718000002], [69.54040527300015, 31.958101273000125], [69.54134368899997, 31.957748413000047], [69.54615239500015, 31.95668846900014], [69.5487594600001, 31.95611381499998], [69.55091095000012, 31.95755767800017], [69.5523679480001, 31.958545499000138], [69.55915832500011, 31.963479996000103], [69.56345367400019, 31.966890335000073], [69.57026196400005, 31.970820756000137], [69.57250976600005, 31.97180175800014], [69.5827941890002, 31.976289749000102], [69.58608245800019, 31.977945328000033], [69.588134766, 31.979351044], [69.58950805700005, 31.980255127000135], [69.59072876000005, 31.981044769000107], [69.592605591, 31.982896805000053], [69.59434509300007, 31.98461341900014], [69.59571075400015, 31.985250473000065], [69.59763336200007, 31.986921310000014], [69.6005783080002, 31.990528107000102], [69.60391235400004, 31.99461746200018], [69.60873413100012, 31.99847793600003], [69.61040496800007, 31.998899460000075], [69.61196572400007, 31.99974813500006], [69.61907959000013, 32.00137710600012], [69.62029266400015, 32.00175476099997], [69.62562561000016, 32.00453567500006], [69.62600002200003, 32.004763012000126], [69.62921905500019, 32.00724029500003], [69.63031292200003, 32.00986290300011], [69.63059234600007, 32.012435913], [69.63065338100006, 32.01298522900015], [69.63173675500013, 32.016181946000074], [69.63256835900006, 32.017631531], [69.63284301800013, 32.01810455300006], [69.6332092290001, 32.01874160800014], [69.63578796400009, 32.022262573000035], [69.63800048800016, 32.025146484000174], [69.64022064200003, 32.02803039600008], [69.64243316700004, 32.030597687000125], [69.64353942900004, 32.03251647900004], [69.6435089110002, 32.03570175200008], [69.64347839400006, 32.03793335000017], [69.64454650900007, 32.04303741500013], [69.6456747960001, 32.044669566000096], [69.6467590330002, 32.04623794600019], [69.64863586400014, 32.047657013000105], [69.64973449700017, 32.048492432000046], [69.65564461300016, 32.05044088900007], [69.6590499880001, 32.05238723800005], [69.66001129200004, 32.05321502700008], [69.66146087600009, 32.05466461200001], [69.6620407100001, 32.055110931000115], [69.66719055200002, 32.0613670350001], [69.67042541500007, 32.064491272000055], [69.67288970900006, 32.06686401400009], [69.676834106, 32.07067489600007], [69.67954841900018, 32.07294377500017], [69.6817398070001, 32.07343292200005], [69.68241882300015, 32.07358551000004], [69.68317413300014, 32.073673248000034], [69.68851470900006, 32.074306488], [69.69467926000004, 32.075035094999976], [69.70814514200009, 32.07672500600012], [69.70948028600003, 32.07673645000017], [69.71070861800007, 32.07697296100008], [69.71272277800011, 32.07679367100019], [69.71667480500014, 32.07665634200009], [69.72026062000009, 32.07671737700008], [69.7249908450001, 32.07748413100012], [69.73696136500018, 32.078205109000066], [69.73964691200007, 32.07886123700018], [69.74217987100013, 32.07960128800005], [69.74394989000012, 32.08012008700007], [69.74491882300009, 32.08040618900014], [69.74879660100015, 32.08159123900015], [69.75087850400018, 32.08232907400014], [69.75713348400006, 32.083759308000026], [69.764968872, 32.08636093100006], [69.76868438700006, 32.08956909200003], [69.77317047100013, 32.09055709800009], [69.77580261200006, 32.089298248000034], [69.77732086200007, 32.0873985290001], [69.77883148200004, 32.08581543000014], [69.77996063200004, 32.08582305900018], [69.78257751500007, 32.08584213300014], [69.78482055700005, 32.08649444600019], [69.78779602100002, 32.08874130200013], [69.78965759300007, 32.09003067000003], [69.79414367700014, 32.09101486200012], [69.79676055900012, 32.09166717500017], [69.79899597200011, 32.09295654300007], [69.80421447800006, 32.095218658000135], [69.80570983900003, 32.09554672200011], [69.80758667000015, 32.095561981], [69.8094635010001, 32.09461593599997], [69.81508636500013, 32.09433364900019], [69.81845092800006, 32.094673157000045], [69.82257080100015, 32.09501647899998], [69.82743072500011, 32.09632110600006], [69.83377838100006, 32.098590851000154], [69.84387970000012, 32.09960937500006], [69.84986114500003, 32.10060119600013], [69.85248565700016, 32.10061645500008], [69.85398864700016, 32.099670410000044], [69.85400390600006, 32.09807968100017], [69.85254669200015, 32.09361267100019], [69.84510803200016, 32.08719635000017], [69.84066009500009, 32.082069397000055], [69.834770203, 32.06961059600013], [69.82742309600008, 32.05363845800002], [69.82299804700017, 32.0456504820001], [69.81929016100014, 32.042121887000064], [69.81818389900008, 32.04020309400005], [69.81745910600006, 32.03669357299998], [69.81411743200016, 32.03380584700017], [69.807052612, 32.02866363500016], [69.80294799800004, 32.02704620400016], [69.79997253400006, 32.025432587000125], [69.79998016400015, 32.02415847800012], [69.8003692630001, 32.02257156400009], [69.80602264400005, 32.01846694900007], [69.81291198700018, 32.013469696000186], [69.8200607300002, 32.00905227700002], [69.82646942100013, 32.00367736800018], [69.84525299100017, 31.99455833400009], [69.85651397700019, 31.990167618000044], [69.86401367200017, 31.987981796000042], [69.87526702899999, 31.983589172000052], [69.88052368199999, 31.981708527000137], [69.8827972410001, 31.978218079000158], [69.88282775900012, 31.97439575200019], [69.88136291500007, 31.96961021400017], [69.87876892100002, 31.9667282100001], [69.87693786600016, 31.9622573850001], [69.875488281, 31.956197739000174], [69.87291717500011, 31.950448990000154], [69.86849975600006, 31.942140579000068], [69.86256408700001, 31.93637275700013], [69.85738372800012, 31.930288315000155], [69.85331726100003, 31.92484855700019], [69.85259246800018, 31.921340942000143], [69.85308075000006, 31.907646179000096], [69.85313415500013, 31.90159606900005], [69.85469818100006, 31.89364051800004], [69.85582733200016, 31.89205551100008], [69.86255645800003, 31.892095566000137], [69.86719512900004, 31.891693115000123], [69.87095642100002, 31.888849258000107], [69.8769607540001, 31.885381699000163], [69.88257598900009, 31.88414001500007], [69.88780212400002, 31.88512611400006], [69.89339447000003, 31.886751175000143], [69.89898681600016, 31.888376236000056], [69.90232086200018, 31.891262054000094], [69.90750122100008, 31.89797973600008], [69.91231536900011, 31.903739929000153], [69.91638946500007, 31.90885925300006], [69.92157745400004, 31.914621353000086], [69.9260177610002, 31.921016693000013], [69.93193817100013, 31.92933082600007], [69.93565368700007, 31.931898117000117], [69.93900299100005, 31.934146881000174], [69.9457168580002, 31.93609428400009], [69.95393371600011, 31.937412262000123], [69.95954132100019, 31.93744087200014], [69.96328735400004, 31.936822891000077], [69.96331024200015, 31.933095932000185], [69.96332550000017, 31.931726456000035], [69.96336364700005, 31.925674438000044], [69.9634017940001, 31.920578003000173], [69.96157074000013, 31.915153503000056], [69.9597778320001, 31.90463256800001], [69.9568481450001, 31.89633560200008], [69.95645312800019, 31.89450556600019], [69.95429992700008, 31.88644790600017], [69.95433044400005, 31.882625580000138], [69.95434570300017, 31.88007926900019], [69.95586395300018, 31.876901627000166], [69.9570159910001, 31.872766495000178], [69.95703125000006, 31.870855331000143], [69.95592498800016, 31.868938446000072], [69.95370483400018, 31.86574173000008], [69.94924163800016, 31.862850189000028], [69.94478607200011, 31.859004974000072], [69.94181823700012, 31.856122971000104], [69.93997192400002, 31.853563309000037], [69.93925476100014, 31.849737167], [69.93893432600015, 31.843406677000075], [69.93975830100004, 31.832580566000047], [69.94292450000012, 31.80902671800004], [69.94523620600006, 31.798847198000146], [69.9467620850001, 31.794713974000103], [69.94902038600014, 31.791858673000036], [69.95389556900005, 31.788700104000043], [69.95690155000017, 31.786167145000036], [69.9576568600001, 31.784259796000185], [69.95767974900014, 31.781393051000066], [69.95585632300009, 31.77565002400013], [69.95177459700005, 31.772125244000165], [69.94843292200005, 31.770196915000042], [69.94661712600009, 31.762861252000164], [69.94667053200004, 31.755535126000098], [69.94708252000004, 31.750440598000125], [69.94935607900015, 31.745355606000032], [69.94976043700018, 31.740898132000154], [69.95092773400006, 31.734535217000087], [69.95136261000016, 31.725936890000185], [69.95069122300009, 31.71605873100009], [69.95008850100015, 31.69692993199999], [69.94950866700015, 31.6739921570001], [69.94669342000003, 31.651361465000036], [69.94531250000017, 31.63638496400017], [69.9455108640002, 31.60899162300018], [69.94455719000018, 31.58700943000008], [69.94372482400007, 31.56788795300008], [69.94365692100001, 31.566328049000163], [69.9403762820001, 31.55739212000003], [69.93967437700019, 31.551017761000082], [69.93971252400007, 31.545602798000175], [69.94274139400005, 31.53924942000009], [69.94725799600019, 31.531948090000128], [69.95549011200006, 31.525939941000104], [69.9614868160001, 31.520236969000052], [69.9652404790001, 31.51643371600005], [69.97120666500007, 31.514554977000103], [69.97827911400003, 31.513954163000164], [69.99130249000007, 31.51401901200012], [70.00991821300016, 31.512836456000116], [70.01513671900011, 31.511587143000042], [70.01813507100019, 31.508098602000132], [70.02078247100002, 31.50142097500003], [70.02307891800007, 31.49187660200016], [70.0302200320001, 31.480125427000132], [70.0321350100001, 31.47185325600003], [70.03819274900013, 31.45531845100004], [70.04385376, 31.442285538000192], [70.04429626500013, 31.434968948000176], [70.04696655300006, 31.423831940000127], [70.05041503900014, 31.406967163000104], [70.05242405000018, 31.398348504000126], [70.05308532700008, 31.395511627000133], [70.05714416500018, 31.38957977300015], [70.05831146200006, 31.38948440600018], [70.0670103720002, 31.388102938000088], [70.06939697300004, 31.387723923000067], [70.07304382300015, 31.388237000000174], [70.07526397700019, 31.389413834000038], [70.07756042500012, 31.39245224000007], [70.07855987500005, 31.399259567000115], [70.07873535200008, 31.40360260000017], [70.08105468700006, 31.40726280200016], [70.09059906000005, 31.410087585000042], [70.09504699700011, 31.412441254000157], [70.0973663330002, 31.416099548000147], [70.097671509, 31.42354774500012], [70.09727478000013, 31.43163871800016], [70.09474945100004, 31.441034317000117], [70.09497833300014, 31.446619034000094], [70.0958023070001, 31.449081421000187], [70.09799957300015, 31.44963645900009], [70.10089874300007, 31.4495506290001], [70.11094665500008, 31.446765900000173], [70.11384582500017, 31.44668006900008], [70.11586761500013, 31.44289016700003], [70.11783599900008, 31.43786048900006], [70.11840820300017, 31.43411445600003], [70.12187957800006, 31.43028259300013], [70.12470245400004, 31.42833328200004], [70.12902069100005, 31.427581787000122], [70.13124847400007, 31.428758621000156], [70.13210296600005, 31.431840897000086], [70.13365173300002, 31.434278488000075], [70.13662719700005, 31.43605423000008], [70.14234161400009, 31.43401718100006], [70.14524078400012, 31.43393135100007], [70.14958953900015, 31.433799744000055], [70.15189361600011, 31.436838150000142], [70.1527404790001, 31.43991851800007], [70.15429687500011, 31.44235801700006], [70.16159057600004, 31.443380355999977], [70.167388916, 31.443204880000053], [70.17103576700003, 31.44371604900016], [70.17401123000013, 31.445489883], [70.1800918580002, 31.45214080800008], [70.1832427980001, 31.458257675000027], [70.18782806400009, 31.463712692000115], [70.19240570100004, 31.469165802000077], [70.19766235399999, 31.47335434000007], [70.20361328100006, 31.476902007999968], [70.21324157700019, 31.481578827000135], [70.22357177700013, 31.485610962000067], [70.22888183600014, 31.49104118300005], [70.23647308300019, 31.498886108000136], [70.24102783200004, 31.503717422000193], [70.24559021000005, 31.50854682900001], [70.25211334200009, 31.508346558000085], [70.25719451900017, 31.508188248000124], [70.26078796400003, 31.50745582600007], [70.26210784900007, 31.504306793000012], [70.26190185500008, 31.4993419650001], [70.26527404800015, 31.47624397300018], [70.26749420200014, 31.46001815800014], [70.27198791500007, 31.44620704700003], [70.27645874000007, 31.431774139000083], [70.27861785900012, 31.414306641000053], [70.2786254880001, 31.39752769500018], [70.27600097700014, 31.383493423000175], [70.27330017100013, 31.37114906300019], [70.26850128200016, 31.34333419800015], [70.2663421630001, 31.326622009000175], [70.26582336400008, 31.31421089200012], [70.26805877700008, 31.29860496499998], [70.26786041300016, 31.276861191000023], [70.27017974900002, 31.26311874400011], [70.27203369100016, 31.25560379000018], [70.27179718000019, 31.25001716600019], [70.27006530800008, 31.24323654200009], [70.26337432900004, 31.239093781000065], [70.2588500980001, 31.234886169000106], [70.25724792500012, 31.23120689400008], [70.25711822500006, 31.228103638000164], [70.257659912, 31.22373771700012], [70.26186370800002, 31.22049903900006], [70.26679229700005, 31.21723938000008], [70.27024841300005, 31.213401794000163], [70.2684631350001, 31.206596375000117], [70.26248168900008, 31.201124191000133], [70.26737213100006, 31.188756943000044], [70.2875137330002, 31.165496826000094], [70.29260253900009, 31.167840958000056], [70.30988311800019, 31.174806595000064], [70.31761099800008, 31.177033327000117], [70.31870867100008, 31.17734961300016], [70.32350308800017, 31.178731090000156], [70.33401194200019, 31.181759140000054], [70.33487027900003, 31.182006464000096], [70.33694748100015, 31.18260461000017], [70.33754560800014, 31.18275859200014], [70.34149977500005, 31.183752446000142], [70.35216669600004, 31.186433508000107], [70.35262235000005, 31.186548034000168], [70.35411329200014, 31.186922693000156], [70.35663604000018, 31.187552417], [70.35754051100014, 31.18777818700005], [70.35993666000007, 31.18837630200005], [70.36155473700006, 31.188780198000075], [70.364767841, 31.18958223700014], [70.36602364800012, 31.18989570500014], [70.36898878800014, 31.190634039000088], [70.3697496150001, 31.19080166400005], [70.37094921400012, 31.191065630000026], [70.37222430500003, 31.19134620800014], [70.37338339900003, 31.191601261000187], [70.38071441700015, 31.193214417000092], [70.39403533900008, 31.196363449000046], [70.40454101600005, 31.199834824000106], [70.40399169900019, 31.20596122700016], [70.40499877900004, 31.21261024500012], [70.40962982200011, 31.218605042000092], [70.41353607200006, 31.225387573000035], [70.41847229000007, 31.235933304000127], [70.42272949200009, 31.24494171100008], [70.42415618900009, 31.246549606000144], [70.42296600300017, 31.24847221400006], [70.4237976070001, 31.250019073000033], [70.42465972900015, 31.251220703000172], [70.4277191160001, 31.253810883000085], [70.42874908400006, 31.256299973000182], [70.42922210699999, 31.259790421000105], [70.43003082300015, 31.26362991299999], [70.43054962200017, 31.26577949500006], [70.43251037600004, 31.26856041000019], [70.43663024900013, 31.272489548000067], [70.43897247300009, 31.276109695000173], [70.44013214100016, 31.27819061300005], [70.44671630900012, 31.286109924000073], [70.44883728000019, 31.290519714000084], [70.45021820100015, 31.294050217000063], [70.4519729610002, 31.294750213999976], [70.45514679000019, 31.295129776000124], [70.45761108400012, 31.29600906400009], [70.46031951900017, 31.296800613000073], [70.46485137900015, 31.297430038000016], [70.46736145000006, 31.29784965500005], [70.47075653100006, 31.29854011500015], [70.48079681400009, 31.299840927000105], [70.490066528, 31.300069809000036], [70.49482727100019, 31.301130295000064], [70.49981689500004, 31.302310944000112], [70.50144195600012, 31.30223083500016], [70.50628662100013, 31.303289413000186], [70.51045990000017, 31.30410003700007], [70.51394653300008, 31.304340363000108], [70.52039337200017, 31.304750443000103], [70.52481079100016, 31.306089401], [70.52821350100015, 31.309160233000114], [70.52893829300012, 31.311660767000035], [70.52909851100003, 31.313800812000068], [70.53159332300004, 31.317350388000136], [70.53486633300014, 31.318979263000188], [70.53809356699998, 31.320930481000175], [70.53971862800006, 31.322790146000102], [70.54106903100018, 31.32431030300006], [70.54061126700014, 31.326019287000065], [70.54274749800004, 31.329259872000193], [70.54509735100004, 31.33313942], [70.54492775900002, 31.335665006000113], [70.54552459700005, 31.33559417700019], [70.55081176800007, 31.335531235000133], [70.55472564700017, 31.338108063000163], [70.55841827400008, 31.340154648000123], [70.56208038300014, 31.340459824000163], [70.56574249300007, 31.340415955000026], [70.56897735600012, 31.339332581000065], [70.57460784900013, 31.335777283000084], [70.582672119, 31.33149719200003], [70.58995819100016, 31.32966613800005], [70.59767150900012, 31.328874588000133], [70.6013107300002, 31.32778358500019], [70.60291290300017, 31.32637023900014], [70.6044769290001, 31.32286453200004], [70.60566711400008, 31.3211059570001], [70.60768890399999, 31.320035934000146], [70.61014556900017, 31.32139968900009], [70.61139679000019, 31.323127747000058], [70.61344146700003, 31.323799133000193], [70.61427307100007, 31.324834824000163], [70.61631012000015, 31.325159073000123], [70.61995697000009, 31.324764252000193], [70.62359619100016, 31.32332420300014], [70.62881469700011, 31.319774628000175], [70.6344757080002, 31.317611694000107], [70.6413879390002, 31.317873001000123], [70.6482772280001, 31.31760636900009], [70.65479278600009, 31.317354202000104], [70.6661682130001, 31.317209244000026], [70.672660828, 31.31642913800016], [70.67509460400015, 31.316049576000182], [70.67877197300004, 31.31739616400006], [70.68083190900012, 31.318765640000038], [70.685035706, 31.32672882100013], [70.69123840300017, 31.33257484400002], [70.69860839800003, 31.335617065000122], [70.70475006100008, 31.337978363000104], [70.71084594700011, 31.33789825400015], [70.71775817900004, 31.337806702000023], [70.72547912600004, 31.337705612000036], [70.73236846900011, 31.336566925000056], [70.73399353000019, 31.33619689900013], [70.73520660400004, 31.335832596000103], [70.73843383800005, 31.33474350000006], [70.74044036900005, 31.332973480000135], [70.74119567900004, 31.32982635500008], [70.7423172, 31.324581146000128], [70.74344635, 31.31968498200007], [70.74502563500005, 31.31687545800014], [70.74895345300013, 31.31487787200001], [70.75347900400004, 31.312576294000053], [70.76110839800015, 31.310667038000133], [70.7660293580002, 31.309617996000043], [70.77087402300003, 31.30815696700006], [70.77474212700014, 31.305744934000018], [70.77890014600018, 31.308206558000165], [70.78176879900013, 31.311443329000156], [70.78356170700016, 31.314487457000155], [70.78511810300012, 31.319032668999967], [70.78710174600002, 31.32785224900016], [70.78792571999998, 31.33286666900011], [70.78754425000005, 31.33578109700005], [70.7866058350001, 31.338438034000035], [70.78533935500013, 31.342304230000025], [70.78484344500015, 31.34460640000009], [70.78504943800004, 31.34680557300004], [70.78556823700006, 31.34840202300012], [70.78650665300012, 31.350130081000145], [70.78789520300006, 31.351016998000034], [70.7898559570001, 31.351795197000058], [70.79563903800016, 31.353153229000156], [70.80001831100003, 31.35386848400009], [70.80269622800017, 31.354421616000025], [70.80522155800003, 31.35604667700011], [70.80812072800012, 31.35855293300017], [70.81058502200005, 31.361413956000035], [70.81078338600014, 31.361829758000113], [70.81298065200002, 31.36646652200011], [70.81372070300006, 31.36977386500007], [70.81318664600002, 31.37305069000007], [70.81388092000009, 31.375543594000078], [70.81705474900008, 31.377525330000083], [70.82303619400017, 31.37799263000005], [70.82928466800007, 31.377861023000094], [70.83486175500013, 31.381795883000052], [70.83540580400012, 31.383013354000127], [70.83618164100011, 31.386268616], [70.83613586400014, 31.388374329000044], [70.83473205600012, 31.389631271000155], [70.83296203600008, 31.39039802600007], [70.82920074500015, 31.391977310000186], [70.82701110800008, 31.39283371000016], [70.82733154300001, 31.39390754700014], [70.82833099400005, 31.395784378000087], [70.83021545399998, 31.396898270000065], [70.8332901, 31.396800995000092], [70.83569335900017, 31.396659851000095], [70.83992767300003, 31.39669036900017], [70.84207153300014, 31.397176743000102], [70.84296417200005, 31.398696899000072], [70.84271240200019, 31.400846481000144], [70.8419342040001, 31.401968002000103], [70.84262085000006, 31.4042949680001], [70.84320068400007, 31.40620231600019], [70.84305572500006, 31.409471512000096], [70.84207153300014, 31.412921906000122], [70.8421401980001, 31.417669296000042], [70.84226226800007, 31.422594070000173], [70.84248352100013, 31.42483139000018], [70.84363555900006, 31.42572403000014], [70.84504699700017, 31.42598915100018], [70.84712982200011, 31.425533295000093], [70.84927368199999, 31.425258636000024], [70.85141754200009, 31.425745010000128], [70.8598861690001, 31.426568985000188], [70.87169647200005, 31.42666626000016], [70.87577819800009, 31.427682877000166], [70.87960052500006, 31.42932701100011], [70.8826904300002, 31.43074989300004], [70.88400268600009, 31.432178497000166], [70.88546752900004, 31.433382034000147], [70.88641357400007, 31.434318542000028], [70.88992309600019, 31.435651779000125], [70.89264679000013, 31.43734359700011], [70.893066406, 31.438774109000178], [70.8935470580002, 31.44038391100014], [70.89240264900008, 31.442537308000055], [70.88979339600013, 31.44424819900013], [70.88729095500008, 31.44479370100015], [70.88468170200014, 31.4465045930001], [70.8843765260001, 31.448474884000177], [70.88496398900014, 31.45120430000003], [70.88575744600013, 31.45388793900014], [70.88733673100018, 31.45773506200004], [70.88840484600013, 31.46205902100013], [70.88915252700014, 31.466087341], [70.89046618300011, 31.470508768000172], [70.89080047600015, 31.471633911000083], [70.89270019500003, 31.47579193100006], [70.8953247070001, 31.47941017200003], [70.89711761500013, 31.48244857800006], [70.89738464400011, 31.484104156000114], [70.89671325700004, 31.485584259000063], [70.895042419, 31.486709595000093], [70.892486572, 31.48783683800002], [70.88997650100009, 31.488382339000168], [70.88317871100003, 31.489480972000024], [70.88150787400008, 31.489845276000153], [70.87989044199998, 31.490386963000105], [70.87869262700008, 31.492361069000026], [70.87702941900017, 31.494247437000126], [70.8769378660001, 31.49769592300015], [70.87689209000007, 31.500560760000155], [70.8767013550002, 31.504411697000023], [70.87686920200014, 31.507232666000107], [70.87629699700011, 31.50907135000017], [70.8734283450001, 31.510646820000147], [70.87149810800014, 31.511638641000047], [70.86930084200009, 31.51249694800009], [70.86941528300002, 31.51361465500014], [70.87004089400006, 31.514240265000183], [70.87211608900003, 31.51446342500003], [70.87587738000013, 31.51440620400018], [70.87781524700017, 31.51417541500018], [70.88168335000017, 31.512954712000123], [70.88722229000018, 31.512889862000122], [70.89643096900016, 31.512411118000102], [70.8983154300002, 31.512763977000077], [70.9000930790001, 31.513519287000065], [70.90093231200018, 31.514097214000174], [70.90162658700018, 31.51642417900007], [70.90220642100019, 31.51839256300019], [70.90201568600008, 31.52224350000006], [70.90118408200004, 31.52394676200015], [70.89962005600012, 31.525430679000067], [70.89356231700009, 31.529033661000142], [70.89028167700008, 31.531463623000093], [70.88642120400016, 31.534206390000122], [70.8840179440001, 31.536632538000106], [70.8823089600001, 31.540624619000084], [70.88069915800014, 31.542688370000064], [70.8794937130001, 31.543901443000152], [70.8763580320001, 31.5445842740001], [70.87358856200012, 31.54499626200004], [70.87165069600019, 31.545225143000096], [70.87003326400009, 31.54576873800005], [70.86936187700007, 31.547248840000123], [70.87031555200019, 31.55046844500015], [70.8711547850001, 31.552570343000127], [70.87226867700008, 31.554805756000064], [70.87294769300013, 31.55561065700016], [70.87409973100006, 31.55650138900012], [70.87546539300007, 31.556587219000107], [70.87760925300017, 31.557071686000143], [70.87908172600004, 31.55827713000008], [70.88013458300003, 31.55957222000012], [70.88087463400007, 31.56131553600011], [70.88104248000008, 31.564136505000192], [70.88005360600016, 31.56630185800003], [70.87985992400013, 31.569320679000157], [70.88033294700011, 31.57093048100012], [70.88127899200015, 31.57186698900017], [70.882904053, 31.57208633400012], [70.88484191900017, 31.57185554500012], [70.88709259000012, 31.57269859300004], [70.889930725, 31.57474899300007], [70.89087677000003, 31.57644844100014], [70.89161682100007, 31.578952789000084], [70.89184570300017, 31.582714081000063], [70.89279174800004, 31.584411621000186], [70.8938446040001, 31.584945679000157], [70.89745330800008, 31.5851116180001], [70.8988189700001, 31.58595848100009], [70.89940643300014, 31.587926865000043], [70.89946746800013, 31.590389252000136], [70.89868927000003, 31.592271805000053], [70.89597320600018, 31.595148087000155], [70.89467620800019, 31.597524643000156], [70.89233398400017, 31.60089111300016], [70.89202880900007, 31.60362434400008], [70.89120483400018, 31.606849670000145], [70.88828277599998, 31.60900878900003], [70.88571929900007, 31.61013793899997], [70.88327026400003, 31.612384796000185], [70.88354492200006, 31.615562439000087], [70.88417816200018, 31.61771011400009], [70.88483899300007, 31.618759084000033], [70.88671112100008, 31.621730804000038], [70.88935089100016, 31.625513077000107], [70.890716553, 31.6263580320001], [70.89167022700008, 31.629579544000023], [70.89136505100004, 31.632312775000116], [70.88970184300007, 31.63419914200017], [70.88781738300014, 31.635368347000167], [70.88488769500003, 31.636005402000023], [70.88300323500005, 31.637176514000146], [70.88253784200003, 31.637849808000055], [70.88291168200004, 31.639101028000027], [70.88413238500004, 31.643217087000153], [70.88719940200008, 31.65055084200003], [70.89052581800013, 31.657255173000124], [70.89437866200007, 31.664228439000112], [70.89906311000004, 31.67101860000014], [70.9025599470001, 31.675675024000157], [70.90422821000004, 31.677896500000088], [70.90770721400014, 31.68209266700012], [70.910118103, 31.68347358700015], [70.91774749800004, 31.687900543000126], [70.92115783700007, 31.688873291000164], [70.9244003300002, 31.68854713400009], [70.93529510500002, 31.68618011500007], [70.941314697, 31.6854400630001], [70.94289398200004, 31.686241150000058], [70.94363403300008, 31.68798446700015], [70.94248962400013, 31.690137863000132], [70.94149780300006, 31.691305161000116], [70.93542480500014, 31.692626953000058], [70.93317413300008, 31.693305969000107], [70.93260192900016, 31.6943836210001], [70.93193054200009, 31.696624756000176], [70.93280029300001, 31.702531815000157], [70.93466186500007, 31.709556580000083], [70.93621063200004, 31.716266632000156], [70.93864440900006, 31.720689774], [70.94117736800013, 31.72394943200004], [70.94233703600014, 31.72560310400013], [70.94543078900006, 31.727670178999972], [70.94706726100009, 31.728763580000134], [70.95206451400014, 31.731296539000027], [70.95468902600004, 31.732629776000124], [70.95590210000006, 31.73446083100015], [70.95717620800013, 31.73723220800008], [70.95763397200017, 31.740142822000166], [70.95945739700011, 31.7477474210001], [70.96104431200007, 31.751592636000055], [70.96236419700011, 31.753019333000054], [70.96383666999998, 31.754222870000035], [70.96578216600005, 31.755514145000063], [70.97035980200008, 31.75737571700006], [70.97404480000017, 31.760004044000027], [70.97624969500004, 31.761426926000183], [70.97789001500007, 31.763927460000104], [70.98001861600005, 31.770322800000088], [70.98103332500011, 31.773721695], [70.98235321000016, 31.775148392], [70.98392486600017, 31.77594947800003], [70.98608398400012, 31.77643203700012], [70.9893798830002, 31.776439667000034], [70.99137244100007, 31.77644491000018], [70.99300384500003, 31.776449203000084], [70.99673461900016, 31.776969910000105], [70.99900054900007, 31.778572083000086], [71.00073242200011, 31.779909134000093], [71.00148010300006, 31.78241348300014], [71.0026550290001, 31.7863483430001], [71.00324249300002, 31.78755569500015], [71.00833850500015, 31.795156068999972], [71.01259613000008, 31.801506042000028], [71.01714325000012, 31.80751228300005], [71.01885762400019, 31.811685991000047], [71.02052307100007, 31.815740585000185], [71.02392578100006, 31.826181412000096], [71.02738189700017, 31.838397980000025], [71.02955627400007, 31.844017029000156], [71.03176116900016, 31.852254868000045], [71.03275299100017, 31.85647392300018], [71.03398895300012, 31.862705231000064], [71.03546142600015, 31.86792755099998], [71.03784942600004, 31.870929718000127], [71.041183472, 31.874126434000175], [71.04545593300014, 31.87610817000018], [71.05612182600004, 31.880256653000117], [71.06062316900005, 31.881832123000095], [71.06228637700019, 31.88302803], [71.06254577600009, 31.88463592500011], [71.06256866500013, 31.88725280799997], [71.06212616000016, 31.889873505000025], [71.06053924600013, 31.896526337000182], [71.05940246600005, 31.90076255800011], [71.05990600600018, 31.90418052700005], [71.0613479610002, 31.906785965000154], [71.06302642800006, 31.908584595000093], [71.06546020500008, 31.911376953], [71.0683288570001, 31.914373398000066], [71.06882476800018, 31.91638374300004], [71.06719207800012, 31.91880989100008], [71.06604766800012, 31.922039032000157], [71.06468200700016, 31.927282333000107], [71.0651931760001, 31.930902481000146], [71.06617736800018, 31.934921265000128], [71.06722259500003, 31.938869476000036], [71.06814575200013, 31.942354202000104], [71.06880310399998, 31.94415754900018], [71.07101440399998, 31.950223923000124], [71.06914520300018, 31.96133804300007], [71.06800553400006, 31.966610964000154], [71.06747436500012, 31.969068527000047], [71.06668090800008, 31.97058677700005], [71.06977081300005, 31.98235130300003], [71.0704498290001, 31.98718071000019], [71.07214355500008, 31.998908997000058], [71.06986999500009, 32.008152008000025], [71.06878662100013, 32.01810455300006], [71.06629943800016, 32.020462036000026], [71.06501007100013, 32.02318573000014], [71.06332397500006, 32.025905609000176], [71.06324768100018, 32.02865600600012], [71.06320953400012, 32.03002929700017], [71.06598663300014, 32.031806946000074], [71.0679124450001, 32.03246493200015], [71.06919097900004, 32.03290176400003], [71.0756530760001, 32.033031464000146], [71.08088684100017, 32.03382110600012], [71.08483886700014, 32.03699874900019], [71.08840942400008, 32.039474487000064], [71.09040710300008, 32.04533502600009], [71.09065246600005, 32.046054840000124], [71.0905838010001, 32.04846191400003], [71.09056091300016, 32.049491882000154], [71.09048461900011, 32.05224227900004], [71.09161377000015, 32.05536270100015], [71.09394073500005, 32.05884552000009], [71.09587097200017, 32.06232452400019], [71.09652710000006, 32.0663642880001], [71.09835815400004, 32.073280334], [71.09989166300005, 32.07640457200006], [71.10171508800016, 32.08366394000012], [71.10235595700016, 32.08986663800016], [71.10442525700017, 32.09327809400014], [71.10700225800014, 32.09752655000011], [71.10971069300012, 32.102050781000116], [71.11203002899998, 32.105880737000064], [71.11359405500008, 32.10797500600006], [71.11339569100005, 32.1151924130001], [71.11252594000007, 32.11758422900016], [71.11083221400008, 32.120300293000184], [71.10794830300017, 32.12230682400019], [71.10588836700003, 32.123641968000186], [71.10382843000008, 32.124977112000124], [71.10256195100015, 32.12701797500017], [71.10247039800015, 32.130455017000145], [71.10239410400004, 32.13320541400009], [71.10620117200011, 32.1418800350001], [71.10762786900011, 32.14913177500006], [71.1095504760001, 32.152606964000086], [71.11143493700013, 32.1578025820001], [71.1121597290001, 32.16091537500017], [71.11295318600008, 32.161617279000154], [71.11450958299997, 32.16371154800015], [71.11653900100004, 32.163749695000035], [71.12428283700007, 32.16149520900018], [71.13080596900011, 32.159900665000066], [71.1429595950001, 32.15945053100012], [71.14657592800012, 32.16020965600012], [71.15172576900017, 32.164436340000066], [71.15566253700007, 32.16864013700018], [71.15935552400003, 32.174600705000046], [71.16148376500018, 32.17803573600014], [71.16748809800004, 32.184295654000096], [71.16983032200005, 32.18743896500001], [71.17298126200012, 32.19093704200003], [71.17531204300019, 32.196935654000185], [71.17646789600013, 32.19910812400019], [71.1764450070001, 32.20010376000016], [71.17641449000018, 32.201099396000075], [71.17639160200008, 32.202095032000045], [71.1754837040001, 32.20307159400005], [71.17430786200015, 32.20496763900013], [71.17333984400017, 32.20651626600011], [71.17182922400002, 32.20822906500018], [71.16816711400008, 32.21363830600018], [71.16715240500008, 32.21884536700014], [71.1666793820001, 32.22555923500005], [71.16652679400005, 32.231529236000085], [71.16913604700005, 32.24353027300015], [71.17077636700003, 32.24804306000004], [71.17302703900009, 32.25157165500008], [71.17615509, 32.25536346400003], [71.17899322500011, 32.258903503000056], [71.18121337900016, 32.26367569000013], [71.18461608900014, 32.268222809000065], [71.18976593000014, 32.27305221600005], [71.1943969730001, 32.27537918100012], [71.19791412400002, 32.27688598599997], [71.20080566400003, 32.27843475300017], [71.20456695600018, 32.280498505000025], [71.2065658570001, 32.282527924000135], [71.20825958300009, 32.285049438000044], [71.20989227299998, 32.290058136000084], [71.21150207500017, 32.29556655900012], [71.2137374880001, 32.300086975000056], [71.21598053000008, 32.30411529500009], [71.21823883100012, 32.30739212000003], [71.22311401399998, 32.31171798700012], [71.22914886500007, 32.316558838], [71.23976135300012, 32.32621765100009], [71.26092108199998, 32.34321035199997], [71.26736450200008, 32.3483848570001], [71.27176666300005, 32.35241699200003], [71.27609252900004, 32.355484009000065], [71.28096008300008, 32.36054992700019], [71.28266906700009, 32.36257171600005], [71.28437042200005, 32.36484527600004], [71.28580474900019, 32.36611557000015], [71.28784179700017, 32.36690139800015], [71.29047393800005, 32.36744689900007], [71.29459381100014, 32.36702346800013], [71.29784393300014, 32.36608505200013], [71.30196380600006, 32.365661621000186], [71.31137085000017, 32.36508560200019], [71.31549072300004, 32.3649101260001], [71.32108306900005, 32.36426162700013], [71.32255554200009, 32.36404037500017], [71.32900238000008, 32.36440658600014], [71.33248138400018, 32.36645889300007], [71.33567810100004, 32.367759705000026], [71.33768463100017, 32.36953735400016], [71.33910369900019, 32.37155532800011], [71.34021759000007, 32.374065399000074], [71.340049744, 32.38078308100006], [71.33878326400003, 32.38449478100006], [71.3375625610002, 32.38646316500018], [71.33667107600007, 32.38722821600015], [71.33455658000008, 32.389148712000065], [71.33036041300011, 32.39280700700016], [71.3285293580002, 32.395515441999976], [71.32725524900019, 32.39947509800004], [71.32712554900013, 32.404701233000026], [71.32991027800006, 32.41097259500003], [71.3310012820001, 32.414230347000114], [71.33331298800005, 32.41576385500019], [71.33566284200015, 32.41580581700009], [71.33979797400013, 32.41488266000016], [71.34303283700018, 32.41469192500011], [71.34533691400014, 32.416477203000056], [71.34438324000013, 32.41969299300018], [71.33962249800004, 32.42185211200007], [71.33604431200007, 32.424278259000175], [71.33455658000008, 32.42499542200005], [71.33451843300003, 32.42649078400018], [71.33531951900005, 32.42974090600012], [71.33608245800002, 32.43448257400007], [71.33947753900003, 32.4434852600001], [71.34197998000002, 32.44925689700011], [71.34341430700016, 32.45699691800007], [71.34362030000005, 32.45910263100012], [71.343673706, 32.459674835000044], [71.34400177000015, 32.461490631000174], [71.34675478700012, 32.469650499000124], [71.3474960330002, 32.47184753400006], [71.34973907500012, 32.480136871000184], [71.35138702400013, 32.48973083500016], [71.3526992800002, 32.4969902040001], [71.35302734400017, 32.49854660000011], [71.35211944600019, 32.49959182700019], [71.35059356700015, 32.49960708600008], [71.34753418000003, 32.499633789000086], [71.34233856200007, 32.50019836399997], [71.33837890600017, 32.502052307000156], [71.3368453980001, 32.505931854000096], [71.32841491700003, 32.526546478000114], [71.32528686500007, 32.53238678000014], [71.32347869900019, 32.53395462000003], [71.31800079300007, 32.53438949600013], [71.31297302200005, 32.533657074000075], [71.30565643300014, 32.53333282500017], [71.29878997800017, 32.53222656200006], [71.29785919200003, 32.53068542500017], [71.2978363040001, 32.52874755900007], [71.29782104500003, 32.52758407600015], [71.30007171600016, 32.52446746800001], [71.30002594000013, 32.52097702000009], [71.29998016400003, 32.516716003], [71.29674530000011, 32.51364135699998], [71.29399871800001, 32.51327514600018], [71.28990173300008, 32.514087677000134], [71.28533172600004, 32.51412582400019], [71.28031158400017, 32.514167786000144], [71.27664947500011, 32.51342010500019], [71.27480316200018, 32.511886597000114], [71.27294158900008, 32.508800507000046], [71.27198028600003, 32.504547119000165], [71.27005004900013, 32.49564743000019], [71.26908111600017, 32.49100494400011], [71.265419006, 32.49026107800006], [71.26222229000018, 32.49028396600016], [71.25675964400011, 32.491878510000106], [71.25268554700011, 32.49462509199998], [71.24724578900015, 32.49815750100015], [71.24319458000002, 32.50361633300008], [71.23821258500004, 32.50753402700008], [71.23277282700008, 32.511066437000125], [71.23196256400007, 32.51204092400019], [71.23226967300019, 32.51245314200003], [71.23402461500007, 32.514504650000106], [71.23552712800017, 32.51671884399997], [71.23679351800013, 32.51892852800006], [71.24693298300019, 32.53665161100014], [71.24794769300013, 32.539440155000136], [71.24886322000009, 32.54135894799998], [71.24890136700014, 32.54450988800011], [71.17960017900003, 32.59106703500015], [71.17867279100005, 32.59169006299999], [71.17623138400012, 32.59159088100017], [71.17476654100017, 32.59162139900019], [71.17359161400003, 32.592029572000115], [71.17111969000013, 32.59336090100004], [71.16866302500017, 32.59489059400005], [71.16665649400016, 32.596630096000126], [71.16557312000003, 32.59753036500007], [71.16393280000005, 32.59907913200004], [71.16320800800008, 32.60033035300012], [71.16274261500007, 32.601139069000055], [71.16253662100007, 32.602519989000086], [71.16333770799997, 32.6050415040001], [71.16475677500006, 32.60697937000003], [71.16702270500014, 32.60728073100017], [71.16811370800008, 32.607810974000074], [71.16895294200009, 32.60900878900014], [71.16837310800008, 32.61323165900018], [71.16813659700011, 32.61595916700003], [71.16793060300012, 32.6171188350001], [71.16760253899997, 32.61880111700003], [71.1663970950001, 32.62131118800011], [71.16500854500015, 32.62279892000009], [71.16378021200018, 32.62387085000017], [71.16208648700012, 32.62524032600015], [71.16139221200012, 32.626621246000184], [71.16055297900004, 32.62770080600018], [71.15976715100004, 32.62942886400015], [71.15908050500008, 32.63090133700001], [71.15783691400014, 32.633060455000134], [71.15705871600005, 32.63621139500009], [71.15656280500014, 32.63788986200012], [71.15628814700017, 32.64075851400003], [71.15595245399999, 32.64279937700019], [71.15545654300007, 32.645339966000165], [71.15515899700017, 32.64664840700016], [71.15505981400003, 32.64794158900003], [71.15666198700018, 32.649749756000176], [71.15770721400008, 32.65185928300019], [71.15572357200006, 32.65227890000017], [71.15387725800008, 32.6519813540001], [71.15196228000008, 32.651119232000156], [71.14972686800002, 32.65153884900013], [71.1484069820001, 32.65201187100001], [71.14782714800009, 32.654491425], [71.1479187010001, 32.65600967400013], [71.14787292500006, 32.657859802000075], [71.14816284200015, 32.659290314000145], [71.15573883100018, 32.67311096200007], [71.15724182100018, 32.67510986300016], [71.1544494630001, 32.67436981200012], [71.15223693800004, 32.673648834000176], [71.15088653600009, 32.67343902600004], [71.14967346200007, 32.67361068700012], [71.14766693100006, 32.67465972900004], [71.14669799800009, 32.675670624000134], [71.14467620800013, 32.67742919900002], [71.14269256600011, 32.67853927600015], [71.14095306400009, 32.67972946200001], [71.13993835400015, 32.681598663000045], [71.14000701900005, 32.68302154500003], [71.13881683300019, 32.68622970600018], [71.13765716600005, 32.687740326000096], [71.13655090300011, 32.68936920200002], [71.13607788100006, 32.69104003899997], [71.13536834700011, 32.69247818000008], [71.13401794400005, 32.69483947800006], [71.13449096700003, 32.69750976600017], [71.13633728000008, 32.70235061600016], [71.13697052000009, 32.704128265000065], [71.13765716600005, 32.705699921000075], [71.13791656500013, 32.707599640000126], [71.13954925500019, 32.70748901400003], [71.1398853550001, 32.70883014100008], [71.14124298100018, 32.710319519], [71.14261627200005, 32.71068954500009], [71.1429358150001, 32.713465234000125], [71.14396667500012, 32.72241973900003], [71.14330291700009, 32.723808288999976], [71.14243316700009, 32.72595977800012], [71.14218902600004, 32.72735977200011], [71.14205169700011, 32.728599548000034], [71.14125061000004, 32.73007965100004], [71.1395568850001, 32.73236084000001], [71.13873291000004, 32.733371735000105], [71.13693237300004, 32.73493957500017], [71.13593292200005, 32.7356681820001], [71.13453674300007, 32.73656082200006], [71.13260650600012, 32.73802948000008], [71.13211756100009, 32.7391651640001], [71.13188171400003, 32.73971176100014], [71.13139343300003, 32.740810394000164], [71.13005065900012, 32.74243927000009], [71.12325286900011, 32.74985885600012], [71.12167358400006, 32.75220871], [71.1229629520002, 32.75394821200007], [71.12364959700005, 32.754688263000105], [71.12435150100004, 32.75642013500004], [71.12465667700008, 32.75714874300007], [71.12470245400004, 32.75807189900007], [71.12460327100007, 32.759689331000175], [71.1244812010001, 32.760150909000174], [71.12412262000004, 32.761661530000026], [71.12323761000016, 32.76306915300006], [71.12272644000012, 32.763851166000165], [71.12226104700011, 32.76480102500017], [71.12103271500007, 32.76969909700006], [71.12069702100018, 32.77074050900006], [71.120567322, 32.77283096300005], [71.12104797400019, 32.77384948700012], [71.12111663800016, 32.77505111700003], [71.12014007600004, 32.77711105300011], [71.11903381300004, 32.77814865099998], [71.11765289300018, 32.77951812700019], [71.11601257300003, 32.781600952000076], [71.11546325700004, 32.78248977700002], [71.11476135300006, 32.78422164900013], [71.11457824700017, 32.78503036500007], [71.11450195300006, 32.786991119000106], [71.11430358900003, 32.78863143900014], [71.1137237550002, 32.789920807000044], [71.11341095000012, 32.790378571000076], [71.11168670700005, 32.792129517000035], [71.11145782500012, 32.792678833000025], [71.11112976100014, 32.79301071200018], [71.11067199700011, 32.79317092900004], [71.10990905800008, 32.79359054600019], [71.1089630130001, 32.79426956200007], [71.10871887200005, 32.795021057000156], [71.10845947300015, 32.80418014500003], [71.10851287800006, 32.80559158300008], [71.10793304400005, 32.80670929000013], [71.10738372800006, 32.80765152000009], [71.10674285900006, 32.80849075300017], [71.10559845000012, 32.80952835100004], [71.1065063480001, 32.80963134800015], [71.11029052700013, 32.810031891000165], [71.11466217000009, 32.80955886800018], [71.11830902100013, 32.80768966700015], [71.12213897700013, 32.806228638000164], [71.12557220500014, 32.80649185200008], [71.129882812, 32.80733871500007], [71.13211822500017, 32.808799744000055], [71.13368988000008, 32.81100082400013], [71.13281250000011, 32.81650924700017], [71.13334655800008, 32.81993103000002], [71.13361358600014, 32.82231903100018], [71.13329315200014, 32.82514190700016], [71.13301849400011, 32.82738113400006], [71.13375091600017, 32.83295059200009], [71.13571929900002, 32.836109161000024], [71.1364669800002, 32.837680817000034], [71.13694000200007, 32.84054946900011], [71.13702853600012, 32.8418197900001], [71.13716888400018, 32.84820938100006], [71.13725280799997, 32.851810455000134], [71.1374588010001, 32.85615158100012], [71.13804626500018, 32.859981537000124], [71.13874816900017, 32.86283111600011], [71.14141082800012, 32.865470886000026], [71.1427536010001, 32.86838913000008], [71.14317321800013, 32.87096023599997], [71.14334869400005, 32.87472152700008], [71.14363098100006, 32.88000106800018], [71.1440734860002, 32.8835411070001], [71.1449279790001, 32.888050079000095], [71.14389801000004, 32.88983154300007], [71.14301300000017, 32.890640259], [71.1415863040001, 32.89406967200017], [71.14111328100012, 32.897159576000035], [71.14179229700017, 32.90137100200013], [71.14203643800005, 32.90596008299997], [71.14129638700018, 32.91151046800013], [71.14227294900013, 32.91740989700003], [71.14235687300015, 32.91799926800019], [71.14277648900008, 32.92137908900014], [71.14391326900017, 32.92559051500007], [71.14559936500001, 32.928550720000146], [71.14826965300017, 32.931728363000104], [71.15167236300016, 32.93503952000003], [71.15532684300018, 32.937519073000146], [71.15859222400013, 32.94041824300018], [71.1595611570001, 32.941711426000154], [71.159950256, 32.94372940100004], [71.15911102300015, 32.944999695000035], [71.15911865200013, 32.947921753], [71.16030120800013, 32.95048904400005], [71.16361236600017, 32.95669937100013], [71.16548919700011, 32.96020126300016], [71.16887664800015, 32.96335983299997], [71.17192840600006, 32.96429061900011], [71.17472076400003, 32.9658699040001], [71.17687988300003, 32.96728897100019], [71.18076324500004, 32.96965026900017], [71.18491363500004, 32.97248077400013], [71.18663229500015, 32.97407743500003], [71.1873168950001, 32.97436142000015], [71.1886367800002, 32.97552871700003], [71.18995666500007, 32.97599029500003], [71.19180297900004, 32.97672462500003], [71.19329834000007, 32.97692108200005], [71.19557952900004, 32.97723007200017], [71.19740295400004, 32.977600098000096], [71.20163726800007, 32.97739028900003], [71.20606231700003, 32.97774887100002], [71.21125030500008, 32.97893905600017], [71.21582031200012, 32.97988891600011], [71.21820068400007, 32.98054122900015], [71.21955108600008, 32.98109817500006], [71.22200012200005, 32.98318862900015], [71.22290039100017, 32.984889984000176], [71.22502136200006, 32.98772811900005], [71.22765350300017, 32.98825073200004], [71.2304382320001, 32.98994064300018], [71.23242950399998, 32.99153900100009], [71.23384857200017, 32.99285888700007], [71.2351379390002, 32.993770599000186], [71.23597717299998, 32.99528884900019], [71.23773956300016, 32.997020721000126], [71.23947143600003, 32.99618148800005], [71.24138641400003, 32.99468994100005], [71.24205780000011, 32.99477005000017], [71.24253845200013, 32.99533081100009], [71.24305725100015, 32.99589920000017], [71.24376678500005, 32.99702835100004], [71.244308472, 32.99888992300009], [71.25003051800007, 33.00028991700009], [71.25047302200011, 33.00003051800002], [71.25106811500001, 32.99969863900003], [71.25193786600016, 32.999401093000074], [71.25321960400015, 32.99879074100005], [71.25486755400004, 32.99821090700004], [71.25630950900012, 32.998279572000115], [71.25746917700013, 32.99869918799999], [71.25897216800007, 32.99945068400018], [71.25991821300005, 32.99988937400008], [71.26033020000017, 33.000179291000165], [71.26293945300012, 33.00104141200018], [71.26566314700005, 33.00180816700015], [71.26957702600015, 33.00294876099997], [71.27237701400003, 33.00365066500018], [71.27607727100019, 33.00463867200011], [71.28061675999999, 33.00585174600013], [71.28471374500015, 33.006771088000164], [71.28872680699999, 33.00793075600018], [71.293716431, 33.00933837900004], [71.2976303100001, 33.01076889000018], [71.30063629200015, 33.01163101200012], [71.30284881600005, 33.01240920999999], [71.30612182600015, 33.013149261000024], [71.3100280760001, 33.014221191000104], [71.31382751500013, 33.01551055900018], [71.31548309300013, 33.01613998400012], [71.31823730500014, 33.016700745000094], [71.31804657000004, 33.013309479000156], [71.31743621800018, 33.011188507000156], [71.31719970700004, 33.00917816200018], [71.31675720200013, 33.00680923500005], [71.31754303000014, 33.00231933600003], [71.32010650600017, 33.00114822400013], [71.32171630900001, 33.00014114400011], [71.32250976600005, 32.999488831000065], [71.32301330600012, 32.99908065800014], [71.32373809800009, 32.99866104100016], [71.32504272500012, 32.99795913700018], [71.32684326200012, 32.996978760000104], [71.32943725600018, 32.995780945000035], [71.33167266800001, 32.994949341000165], [71.3354721070001, 32.99359130900007], [71.337837219, 32.99242019700017], [71.3405838010001, 32.99158096300016], [71.34368133500004, 32.99134826700009], [71.35189056400009, 32.99085998500004], [71.35530090300006, 32.990798950000055], [71.35723114000018, 32.99140930200008], [71.3582534790001, 32.99206161500018], [71.3593826290001, 32.992820740000184], [71.36170196500018, 32.994720459000064], [71.36348724400017, 32.99605941800007], [71.36483764600018, 32.99721908600014], [71.36673736600017, 32.99885940600012], [71.36834716800013, 33.000036240000156], [71.36979675300006, 33.00131988500004], [71.37127685500013, 33.002529144000164], [71.3743667600001, 33.004718781000065], [71.37592315700016, 33.00579071000004], [71.37763977100008, 33.003929138000046], [71.37975311300016, 33.002830505000134], [71.38211822500011, 33.00143051100014], [71.38507843000014, 32.99908828700012], [71.38658142100007, 32.99908065800014], [71.38786315900006, 32.99934005700004], [71.38905334500015, 32.99958038300019], [71.39067840600006, 33.000339508000025], [71.39290618900009, 33.00090026900017], [71.39602661100014, 33.00202941900011], [71.39842987100008, 33.003459930000076], [71.40100860600018, 33.00537872300015], [71.4042816160001, 33.0071411130001], [71.4055023190001, 33.01036071800013], [71.40751647900015, 33.00938034100011], [71.41005706800013, 33.00865936300016], [71.41364288300008, 33.00828933700012], [71.41649627700008, 33.00762939500004], [71.4194183350001, 33.006031036000024], [71.4211273190001, 33.004608154000096], [71.42283630399999, 33.0035705570001], [71.42636871300016, 33.00307083100017], [71.42829895000006, 33.00320053100006], [71.43221283000008, 33.004001617000085], [71.43476104700017, 33.005210876000035], [71.43657684300013, 33.00651168799999], [71.43835332000009, 33.00740326600004], [71.43860626200006, 33.00753021200006], [71.44207763700018, 33.00946044900019], [71.44435882600015, 33.01116180399998], [71.44627380400016, 33.01232910200014], [71.44835662800017, 33.01329040500019], [71.45137786900017, 33.01480102500011], [71.45398712200011, 33.016498566000166], [71.45626831100014, 33.018760681000174], [71.45829772899998, 33.02108001700003], [71.45923018200017, 33.02261939200014], [71.45958709700011, 33.02320861800007], [71.46119689900007, 33.027549744000055], [71.46296691900017, 33.030200958000194], [71.46307373000019, 33.03261947600015], [71.46318054200015, 33.03469085699999], [71.46396637000015, 33.039009094000164], [71.46513366700003, 33.0416793820001], [71.46708679200003, 33.04430007900015], [71.46894073500005, 33.04468917800011], [71.47238159200009, 33.045539856000175], [71.47466278100012, 33.046199799000135], [71.4760971070001, 33.04814910900012], [71.474739075, 33.04949951200001], [71.47221004200014, 33.050446113000135], [71.46962738000013, 33.05152893100018], [71.46803283700007, 33.05347061200018], [71.466629028, 33.05567169200003], [71.46334075900018, 33.059631348000096], [71.4609603880001, 33.06111145000017], [71.46029663100018, 33.06282043500005], [71.46035003700018, 33.065158844], [71.46079254200009, 33.067050934000065], [71.46108245800008, 33.068820953000056], [71.45968627900015, 33.069869994999976], [71.4560470580002, 33.06990051300005], [71.45365905800014, 33.06922912599998], [71.45126342800017, 33.06819915800003], [71.44886016800012, 33.067298889000085], [71.44673919700006, 33.06660080000012], [71.4443206790001, 33.06698989900008], [71.44138336200018, 33.06909942600009], [71.44177246100014, 33.07155990600012], [71.441329956, 33.07429122900004], [71.4401931760001, 33.0725593570001], [71.43835332000009, 33.072541597000054], [71.4382171630001, 33.07254028300014], [71.43608856200012, 33.07397842400019], [71.43324279800004, 33.07680892900004], [71.43213653599997, 33.07868957500017], [71.42957305900006, 33.07973098800011], [71.4278717040001, 33.082790375], [71.42721557600015, 33.08561515800005], [71.42613220200002, 33.08826065100004], [71.42617034900007, 33.09014129600013], [71.42489624000007, 33.09188842800006], [71.42326355000017, 33.09326171900011], [71.4234924320001, 33.09383773800005], [71.42397215900013, 33.0950091950001], [71.42591095, 33.09798049900007], [71.42817688000008, 33.100448608000136], [71.42965698199998, 33.10226059000013], [71.43190765400004, 33.10485076900011], [71.43300628700013, 33.10689926100014], [71.4333724980001, 33.10866928100006], [71.43329620400004, 33.11167907700019], [71.43443298300019, 33.11312103300014], [71.43678283700012, 33.11545944200009], [71.43767051100019, 33.11678409000007], [71.4382629390002, 33.11766815200002], [71.44059753400018, 33.12007904100011], [71.44315338100017, 33.11985015900018], [71.44547271700003, 33.119380951000096], [71.44721984900019, 33.120491028], [71.44824981700015, 33.122348785000156], [71.44956060000015, 33.125973061000025], [71.45229339600013, 33.13019943200004], [71.45017242400013, 33.13142013500004], [71.44857025100004, 33.13267898600003], [71.44873809800015, 33.134559631000116], [71.44721221900011, 33.13594055200008], [71.44547271700003, 33.136901855000076], [71.44307708700006, 33.13811874400017], [71.44125366200012, 33.13941955600012], [71.44100952100007, 33.14225006100014], [71.44180297900016, 33.14648819000007], [71.44180297900016, 33.1507492070001], [71.43913269000012, 33.152301788000045], [71.43675994900019, 33.15396118199999], [71.43546295200008, 33.15528869600007], [71.43311309800015, 33.15882110600012], [71.43280792200011, 33.160720825], [71.43302154500014, 33.16405868500016], [71.43206787100007, 33.165550232000044], [71.43150329600019, 33.16868972800006], [71.431228638, 33.17063903800005], [71.43049621600017, 33.17301178000008], [71.43163299600008, 33.17522811900005], [71.43460845900017, 33.177238464000084], [71.43576049800015, 33.179080963], [71.43599700900012, 33.181018829000095], [71.43434143100006, 33.18288040200002], [71.43260192900004, 33.183849335], [71.42993927000009, 33.184211731000175], [71.42765045200008, 33.184040070000094], [71.42489624000007, 33.182781219000105], [71.42253875700015, 33.182609558000024], [71.4209976200001, 33.183498383000085], [71.41902160600006, 33.18540954600007], [71.41747283900003, 33.18709945700016], [71.41541290300012, 33.18751907300009], [71.41325378400012, 33.1877288820001], [71.41087341300005, 33.18888092000003], [71.40962982200011, 33.19029998800005], [71.4070434570001, 33.19380950900006], [71.40850830100015, 33.196098328000176], [71.40894317600015, 33.1997795100001], [71.41040039100017, 33.20190811200018], [71.41100311300016, 33.20409011800007], [71.40924072300015, 33.20700073200004], [71.41104126, 33.20919036900011], [71.4124526980001, 33.21068954500015], [71.41416931200018, 33.21446991000005], [71.41291809100011, 33.21583175699999], [71.41177368200005, 33.219070435000106], [71.41348266600005, 33.221641541000054], [71.41448974600007, 33.22328186000016], [71.41599273700018, 33.22549057000009], [71.41776275600017, 33.2267913820001], [71.41928863499999, 33.22568130500014], [71.42165374800004, 33.22615051300005], [71.42408752400013, 33.22745895400004], [71.42672729500015, 33.226669312000126], [71.43084716800007, 33.22920990000017], [71.431022644, 33.231578827000135], [71.43282318100006, 33.23495101900011], [71.43353271500013, 33.236679077000076], [71.43493652300009, 33.23868942300015], [71.43717193600008, 33.23989105200019], [71.4402465820001, 33.23836135900018], [71.44270324700005, 33.23915100100015], [71.44458007800017, 33.240428925], [71.44493866000016, 33.24014282200005], [71.44578552200011, 33.238399506000064], [71.44417572000009, 33.235931396000126], [71.44631195100004, 33.233600616], [71.44711303700007, 33.23181152300003], [71.44528961200007, 33.230899811000086], [71.44391632100007, 33.229679108000084], [71.44283294700011, 33.227241516], [71.44480133100012, 33.226188660000105], [71.44821167000009, 33.22536087000003], [71.44914245600017, 33.223770142000035], [71.4493713380001, 33.220970154000156], [71.45236969000007, 33.219779968000125], [71.45465087900004, 33.219528198000035], [71.4575805660001, 33.219619751000096], [71.461578369, 33.21937942500011], [71.46433258100018, 33.21891021699997], [71.46991729700005, 33.21844863899997], [71.47286987300009, 33.21781921400003], [71.47704315200014, 33.21685028100006], [71.47852325400004, 33.21566009500003], [71.4806213380001, 33.21456909200009], [71.48238372800006, 33.21461105300011], [71.4843063350001, 33.21490097000003], [71.48848724400005, 33.21596145600017], [71.49191284199998, 33.215869904000044], [71.49269104000007, 33.21358108500016], [71.49120330800008, 33.210510254000155], [71.49011993400018, 33.208469391000165], [71.49120330800008, 33.20655059800009], [71.49407959000001, 33.20693969700005], [71.49665069600013, 33.20748901400009], [71.4990463260001, 33.207199097], [71.50089263900003, 33.20758056600005], [71.50134277300015, 33.205509186000086], [71.49978637700013, 33.203990936000025], [71.49997711200001, 33.19961166400009], [71.5020904540001, 33.19910049400005], [71.50541686999998, 33.198600769], [71.50788116500007, 33.19974136400015], [71.51107788100006, 33.199241638000046], [71.51344299300018, 33.19828033400006], [71.51782226600005, 33.19713974000018], [71.52127075200008, 33.19773101800007], [71.52382659900007, 33.20022964500015], [71.52468872100019, 33.20206069900013], [71.52377319300012, 33.20389175400004], [71.5223922730001, 33.20503997800017], [71.52039337200017, 33.20465087900004], [71.51896667500012, 33.206531525], [71.51811218300014, 33.20845031700014], [71.51625061000004, 33.211719513000105], [71.51560974100005, 33.21355056800019], [71.51506042500006, 33.21535873400006], [71.51614379900019, 33.21722030600006], [71.51905059800009, 33.21675109900008], [71.5231781010001, 33.218238831000065], [71.52710723900009, 33.22018051100014], [71.53270721400008, 33.22307968100017], [71.53608703600014, 33.22463989300013], [71.54149627700014, 33.22645950300006], [71.54662323000008, 33.22771072400013], [71.55290222200017, 33.22851944000007], [71.55597686800019, 33.227340698000035], [71.55610656700003, 33.22399139400005], [71.5577163700001, 33.22103881800018], [71.55980682400019, 33.22040176400003], [71.56424713100017, 33.21706008900003], [71.56799316400003, 33.213691711000024], [71.57259368900009, 33.209140778000176], [71.57498168900014, 33.206489563000105], [71.57617187500006, 33.204959869], [71.57747650100015, 33.202999115000125], [71.58262634300013, 33.19810104400017], [71.58669281000005, 33.195350647000055], [71.59098815900006, 33.19232940700016], [71.59600830100015, 33.189529419000166], [71.5998001100001, 33.18741989100005], [71.6025314330002, 33.18421936000016], [71.60201263400018, 33.18196106], [71.60162353500004, 33.17837905900018], [71.60070037800011, 33.17391967800006], [71.59957122800017, 33.169960022], [71.59839630100004, 33.1672706600001], [71.59841918900014, 33.164878845000146], [71.5991897580002, 33.16254043600003], [71.59963226300016, 33.159088135000104], [71.60043335000006, 33.154388428000175], [71.60092926000004, 33.14960098300014], [71.60176086400014, 33.14435958900003], [71.6021499630001, 33.140769958000135], [71.60272979700011, 33.13623046900017], [71.60301208499999, 33.13325882000004], [71.60492706300016, 33.13124084500015], [71.60723114000012, 33.13130950900012], [71.60884094200009, 33.129989624000075], [71.61180877700008, 33.1258316040001], [71.61338043200016, 33.12364959700017], [71.61582946800013, 33.12162017800017], [71.61669158900014, 33.11988067600015], [71.61947631800007, 33.11634826699998], [71.62155151399998, 33.113231659000064], [71.62277221700003, 33.11193847699997], [71.62638092000009, 33.1078186040001], [71.62687157800019, 33.106983077000166], [71.62812805200002, 33.105430603000116], [71.62973785399998, 33.10309982299998], [71.63207244900019, 33.0983200070001], [71.63218689000013, 33.095111847000055], [71.63182830800014, 33.09257888800016], [71.63382720900006, 33.088069916000165], [71.63726043700007, 33.08549118000013], [71.64100647000015, 33.08330154400011], [71.64447784400011, 33.08140182500006], [71.64720153800005, 33.079719543000124], [71.65068054200015, 33.0782508850001], [71.65381622300015, 33.07617187500006], [71.65820312500006, 33.073490143000015], [71.66397857700008, 33.07207870500014], [71.67003631600011, 33.07128143300008], [71.67429351800007, 33.070919037000124], [71.67775726300005, 33.06991958600008], [71.68192291300011, 33.068248749000134], [71.68401336700009, 33.06692886400009], [71.68570709200014, 33.06612014800015], [71.6887435910001, 33.06433868400018], [71.69264984100005, 33.062641144000054], [71.69735717800006, 33.06193924000007], [71.70358276400003, 33.06118011500007], [71.70966339100016, 33.060909271000014], [71.71372985800008, 33.06024169900007], [71.71669769300007, 33.05998992899998], [71.71848297100013, 33.05982971200018], [71.71808624300019, 33.06076049800009], [71.71737670900012, 33.062988281000116], [71.71602630600017, 33.06723022500006], [71.71485900900018, 33.071620941000106], [71.71420288100006, 33.07518005400016], [71.71405792200005, 33.0770301820001], [71.71336364700005, 33.08306884800004], [71.71286773700007, 33.087848663000045], [71.71246337899998, 33.090629578000176], [71.71215820300017, 33.093509674000074], [71.7115478520002, 33.10226059000013], [71.71385955800014, 33.112018585000044], [71.71900176999998, 33.11978149400011], [71.72454071000016, 33.125839233000136], [71.73117065400004, 33.130649567000034], [71.73558807400013, 33.13373184200009], [71.74186706500018, 33.13830947900004], [71.74623870800013, 33.14192962600015], [71.7478866580002, 33.144100189000085], [71.74891662600015, 33.145988464000084], [71.74939727800017, 33.147129059000065], [71.75013732899998, 33.14783859300013], [71.75193786600005, 33.15050888100012], [71.75272369400005, 33.152130127000135], [71.75379180900006, 33.15385055500019], [71.75581359900019, 33.15710067700019], [71.75733184800009, 33.16078949000013], [71.75826263400006, 33.164188385000045], [71.75914764400005, 33.167129517000035], [71.76011657700002, 33.17044067400019], [71.76069641100008, 33.17317962600015], [71.76093292200017, 33.17721176100008], [71.76110839800015, 33.18027877800006], [71.7612991330002, 33.18267059300018], [71.76141357400013, 33.18547058100006], [71.76103973400012, 33.18790054300018], [71.76027679400005, 33.190429687], [71.75937652599998, 33.1934204100001], [71.75856018100006, 33.19607162500017], [71.75695800800008, 33.19903183000008], [71.75671784100001, 33.19967919200019], [71.75583648700012, 33.20204162600004], [71.755126953, 33.20468139600018], [71.75420379600013, 33.20690155000017], [71.75305938700018, 33.20883178700012], [71.75198364300019, 33.21072006200012], [71.74996948200004, 33.21274185200008], [71.74854278600014, 33.21393966700015], [71.74600219700017, 33.21623992900004], [71.74315643300008, 33.21881103500016], [71.74156951900005, 33.22034072900004], [71.7396011350001, 33.221820831000116], [71.73690795900018, 33.224590302000024], [71.73372650100004, 33.22689056400009], [71.73088073700012, 33.229290009000124], [71.72834777800006, 33.23104095500008], [71.72514343300003, 33.233409882000046], [71.72221374500009, 33.23587036100014], [71.71920776399998, 33.238559723000094], [71.71655273400006, 33.24124145500008], [71.71385955800014, 33.244869232000156], [71.71282959000018, 33.24665069600013], [71.71190643300008, 33.248340607000046], [71.71179962200006, 33.2501297], [71.7098312380001, 33.25244903600009], [71.70847320600018, 33.25537109400011], [71.70883941699998, 33.25904083300003], [71.70948028600003, 33.26216125500014], [71.70892334000013, 33.26583862300009], [71.70812225300017, 33.2707099910001], [71.70723724400005, 33.275051117000146], [71.70620727500017, 33.27738952600009], [71.70574188200015, 33.28002166700014], [71.7053527830002, 33.28221893300008], [71.70509338400012, 33.28490829499998], [71.70659637500006, 33.288238525000054], [71.7078628540001, 33.289440155000136], [71.71016693100006, 33.29087829600007], [71.7127685550002, 33.29235076900011], [71.71568298300014, 33.294521332000045], [71.71819305400004, 33.29602050800008], [71.72039794900013, 33.2970008850001], [71.72232818600008, 33.299221039000145], [71.72431945800014, 33.30199050900012], [71.72624969500009, 33.30485916100014], [71.72907257100007, 33.31010818500016], [71.7303619380001, 33.315921783000135], [71.73037719700017, 33.31813049300007], [71.73042297400013, 33.32435989400011], [71.73000335700016, 33.32619094800009], [71.72881317100007, 33.329570770000146], [71.72724151600016, 33.33398056000016], [71.72608947800006, 33.335300446000076], [71.72377592800012, 33.336844521000046], [71.72322082500011, 33.33731079100005], [71.72116088900003, 33.33769989000001], [71.718238831, 33.33744812000015], [71.71621704100005, 33.33771133400006], [71.71465301500018, 33.33898925800014], [71.71531677200011, 33.3408317570001], [71.71652221700009, 33.343189240000186], [71.71775485900014, 33.34471352300011], [71.71925354000007, 33.346851349000076], [71.71985626200018, 33.34862136800007], [71.72064209000018, 33.35110855100004], [71.72476959200009, 33.354660034000176], [71.72708129900013, 33.356819153], [71.72978210400004, 33.35942077600009], [71.73271942100018, 33.36241149900019], [71.73564910900012, 33.36545181300005], [71.74389648400012, 33.36774063100006], [71.74707794200009, 33.36941146900011], [71.75028991700003, 33.37039947500011], [71.75459289600013, 33.37250137300015], [71.75936889600007, 33.374961853000116], [71.76133728000008, 33.37596893300014], [71.76232910200008, 33.37646865800019], [71.766342163, 33.378700256000116], [71.7737426760001, 33.38274002100013], [71.77658844000018, 33.38410949700011], [71.78350067100007, 33.38684845000017], [71.78617165700007, 33.387823837000155], [71.78777313200015, 33.38840866100003], [71.79210662800006, 33.38977813700018], [71.79592132600004, 33.391601562000176], [71.80052948000008, 33.39410018900003], [71.80581665000005, 33.396800995000035], [71.8075863360001, 33.39789359700018], [71.81033325200019, 33.39958953900003], [71.8153381350001, 33.402050018000125], [71.81997680700005, 33.403690338000104], [71.82412719700011, 33.40531921400009], [71.82872009300013, 33.40747070300017], [71.83235168500005, 33.409141541000054], [71.83500671400009, 33.40890121500007], [71.83740997300009, 33.4081611630001], [71.84150695800008, 33.40594101000016], [71.84809112500011, 33.403919220000034], [71.8519287110002, 33.403240204000156], [71.85386657700013, 33.403488159000176], [71.85720062300015, 33.404479980000076], [71.85903167700013, 33.40594101000016], [71.8626480100001, 33.408470153999986], [71.86505889900019, 33.41025161700003], [71.8669281010001, 33.411750793000124], [71.87008667000009, 33.416519165000125], [71.87046814000018, 33.419109344000105], [71.87061309800009, 33.4238510130001], [71.86966705300006, 33.427120209000066], [71.86849975600006, 33.43050003100012], [71.86802808900018, 33.43199431000005], [71.86670684800004, 33.43618011500007], [71.86657714800015, 33.439399719], [71.8668594360002, 33.44242095900006], [71.8674163820001, 33.44501876800018], [71.86837005600012, 33.44720077500011], [71.86942291300011, 33.449981689000026], [71.87410736100014, 33.45515060400004], [71.87638855000012, 33.45643997200011], [71.88095092800012, 33.45819091800007], [71.88658142100019, 33.459728241000164], [71.89289856000016, 33.46189117400013], [71.89482879600018, 33.46319961500012], [71.89618682900016, 33.4645195010001], [71.90036010700015, 33.46932983400012], [71.90260314900013, 33.473171234000176], [71.90441894500009, 33.47602844200014], [71.90469360400016, 33.47883987400007], [71.90491447000011, 33.480103158000134], [71.90519714400006, 33.481719971000075], [71.9059906010001, 33.48492050200008], [71.90776062000009, 33.485591888000044], [71.90981292700013, 33.48614883400012], [71.91150665300012, 33.48662948600008], [71.91448211700015, 33.48751068100012], [71.91760253900003, 33.48809814500004], [71.92005920400015, 33.48873901400003], [71.92285919200003, 33.48958969100016], [71.92527008100012, 33.490810394000164], [71.927116394, 33.49200058000008], [71.92855072000003, 33.49320983900003], [71.93125915500002, 33.496200562000126], [71.93781280500014, 33.49964141800007], [71.93878936800002, 33.50059890700015], [71.94116973900009, 33.502941132000046], [71.94351196300005, 33.50450134300013], [71.94738006600011, 33.507400513000164], [71.94967651400003, 33.50994110100004], [71.9517974850001, 33.51208114600013], [71.95346069300007, 33.51398086500018], [71.95556640600012, 33.516841888000044], [71.95767211900016, 33.51988983200016], [71.95993804900007, 33.5239982600001], [71.9618682860002, 33.52709960900012], [71.96349334700011, 33.53018188500005], [71.96565246600011, 33.53326034500003], [71.96708679200015, 33.53659057600015], [71.96645355200013, 33.541168213000105], [71.96515655500019, 33.544651031000114], [71.96367645300012, 33.548751831000175], [71.96240997300015, 33.549968719000105], [71.961870552, 33.55048057800013], [71.96066284200009, 33.551628113000106], [71.95948028600014, 33.552738190000014], [71.95777130100004, 33.55506897000015], [71.9566802980001, 33.55910110500008], [71.95503234900008, 33.56188964800015], [71.95394897500017, 33.56480026200012], [71.95198822000003, 33.57049942000003], [71.95424652100007, 33.57434845000017], [71.95732116700009, 33.57649993900009], [71.96066284200009, 33.57828140300006], [71.96540832500006, 33.57936096200012], [71.97026825000012, 33.58045959500015], [71.97499084500015, 33.58300018300008], [71.97660827600015, 33.584781647], [71.97837066700004, 33.586799622000115], [71.97937011700014, 33.58995819100005], [71.97998046900017, 33.594158173000096], [71.9804382320001, 33.59825897200005], [71.9800567630001, 33.60309982300009], [71.97972106900005, 33.604938507000156], [71.97940826399997, 33.60860061600005], [71.97905731200007, 33.61188888500004], [71.97952270500014, 33.616378784], [71.97952270500014, 33.61920166000016], [71.97876739500015, 33.6227111820001], [71.97899627700008, 33.62546157800011], [71.97949981700003, 33.629119873000036], [71.97953033400012, 33.631671906000065], [71.98065948500005, 33.633419037000124], [71.98419952400013, 33.637081146000185], [71.98577117900004, 33.639049530000136], [71.98578643800016, 33.64226913500016], [71.985122681, 33.644340515000124], [71.98372650100015, 33.64706039400005], [71.9820022580002, 33.65102005000011], [71.98164367700014, 33.653839111000025], [71.98150634800004, 33.65605163600003], [71.98121643100012, 33.659370422], [71.98216247600016, 33.66304016100014], [71.9842681880001, 33.66606903100012], [71.98664093000014, 33.66836929300018], [71.98869323700006, 33.670440674000076], [71.98986816400003, 33.67221832300015], [71.9921722410001, 33.67419815100004], [71.99389648400006, 33.675270081000065], [71.99548339800009, 33.67615890500008], [71.9976272580002, 33.67684936500018], [71.9989700320001, 33.69297409100011], [72.00083923300014, 33.70054626500013], [72.00280761700009, 33.708118439000145], [72.00498962400007, 33.712265015000014], [72.00685882599998, 33.71444702100007], [72.0080032350001, 33.71527481100003], [72.00932312000015, 33.71533966100003], [72.00999259100001, 33.71464393300005], [72.0102564280001, 33.714293793000024], [72.01076568700006, 33.71355415000005], [72.01210784900007, 33.713798523000094], [72.01338958700006, 33.71453857400013], [72.016113281, 33.716369628999985], [72.01754973100003, 33.71751373700016], [72.02021789600008, 33.72023010300006], [72.02324676500012, 33.723651886000084], [72.02519989000018, 33.72628021200012], [72.02697753900009, 33.72879028300008], [72.02822113000008, 33.73130035400004], [72.02957153300014, 33.732978821000074], [72.0321731570001, 33.73598861700003], [72.03397369400017, 33.73770141600011], [72.03469085700004, 33.739589691000106], [72.03497314500015, 33.741409302000136], [72.03488159200015, 33.743751526000096], [72.03481292700002, 33.74542999300019], [72.03547668500005, 33.748291016], [72.03610992400013, 33.75001144400011], [72.03571319600019, 33.75045013400012], [72.0365524290001, 33.751770020000095], [72.03800201400003, 33.75283050500019], [72.03978729200014, 33.75355911300005], [72.04363250700004, 33.75457000700004], [72.04885101300016, 33.75545120200002], [72.05232238800005, 33.75593948400012], [72.05449676500012, 33.75708007800017], [72.05683898900014, 33.757850647000055], [72.06887817400013, 33.75994110100004], [72.07209014900008, 33.76213073700018], [72.07627105700016, 33.7646598820001], [72.07926940900006, 33.76802062999997], [72.08000183100012, 33.77069091800013], [72.079292297, 33.772571564000145], [72.07675933800016, 33.775909424000076], [72.07376861600011, 33.78013992300009], [72.07176146100005, 33.782669348000184], [72.07412719700005, 33.784931183000026], [72.07911682100007, 33.78709030200008], [72.08612823500005, 33.78757095300011], [72.09612274199998, 33.785350800000174], [72.10498809800009, 33.78207016000016], [72.11440277100019, 33.779079437000064], [72.12798309300013, 33.774768829000095], [72.1404037480001, 33.771831512000176], [72.14241343800012, 33.77152048200003], [72.14359283400017, 33.771488190000184], [72.14922332800012, 33.77108001700009], [72.15804290800008, 33.76987075800014], [72.16448974600007, 33.76889038100012], [72.17289733900003, 33.76729965200019], [72.18003845200013, 33.76411056500001], [72.18273925800014, 33.76285934400016], [72.19300079300018, 33.76205825800014], [72.19992828400007, 33.76361084000018], [72.20182037400008, 33.76420974700005], [72.20284020500003, 33.76433837200011], [72.20404052700002, 33.76448822000009], [72.20690918000014, 33.7653007510001], [72.21058654800015, 33.76618957500011], [72.21090698199998, 33.76776123000019], [72.20987701400003, 33.76961898800005], [72.20916748000013, 33.771820068000125], [72.2100830080002, 33.77322006200012], [72.21222686800013, 33.773548126000094], [72.21511840800014, 33.77331161500018], [72.22171020500008, 33.770359039000084], [72.22627258300008, 33.76784133900014], [72.2331771850001, 33.76420974700005], [72.23889160200014, 33.76216888400006], [72.24371190300013, 33.76174945100007], [72.24404970100016, 33.762124696000114], [72.24478912400014, 33.76295089700017], [72.24491882300015, 33.763919830000134], [72.24478912400014, 33.764831543000184], [72.24352264400017, 33.76791000400004], [72.24160766600016, 33.77098846400003], [72.24073028600003, 33.772480011000084], [72.23795318600014, 33.77835083000008], [72.2349472050002, 33.7840614320001], [72.23429870600012, 33.78630828900009], [72.23459625200019, 33.791000366000105], [72.23474884000007, 33.79261016800007], [72.23549652100019, 33.79747009300013], [72.23586273199999, 33.79981994600013], [72.23603820800014, 33.802509308000026], [72.2363128660001, 33.80570983900009], [72.23683929400016, 33.81066894500009], [72.23709869400011, 33.81536102300015], [72.23735809300018, 33.81975936900011], [72.237510681, 33.82397079500004], [72.23795318600014, 33.82756042500006], [72.23834991500019, 33.83105087300004], [72.23832615499998, 33.8387804570001], [72.23808288600003, 33.840518951000035], [72.23683929400016, 33.845718384000065], [72.23594665500013, 33.85055923500016], [72.236930847, 33.854469299000186], [72.2380599980001, 33.85678100600006], [72.23905632100019, 33.8616034800001], [72.23943328900015, 33.862339020000036], [72.2399063110002, 33.866348267000035], [72.239143372, 33.869609833000084], [72.23703002900004, 33.87345123300008], [72.23465728800011, 33.8772201540001], [72.23224639900019, 33.88164901700003], [72.23078918500005, 33.888481140000124], [72.23153686500012, 33.891929626000035], [72.23275756800012, 33.89451980600012], [72.23375701900011, 33.89976882899998], [72.23452714100006, 33.90053499900017], [72.2357330320001, 33.90108871500013], [72.23705291699997, 33.90150833100006], [72.24004364000007, 33.90327072100018], [72.24349975600006, 33.90504074100011], [72.24899292000015, 33.907749176000095], [72.25106048599997, 33.90896987900015], [72.25508117700002, 33.91172027600004], [72.26229095500008, 33.915000916000054], [72.26811981200018, 33.917839050000055], [72.27580261200012, 33.92205810500019], [72.27994539400004, 33.92418227100006], [72.28179168700012, 33.92512893700007], [72.28639221200018, 33.92742919900013], [72.2871170040001, 33.92779922500006], [72.287925, 33.92824697700013], [72.29134368900014, 33.93014144900019], [72.29929351800007, 33.93441009500009], [72.30536651600016, 33.937320709], [72.30931854200014, 33.940208435000045], [72.3159484860002, 33.94417190600018], [72.3197326660001, 33.94675827000009], [72.32187652600004, 33.947879791000105], [72.32301330600012, 33.948150635000104], [72.32546234100016, 33.947490692000144], [72.32849884000012, 33.94659042400008], [72.3313217160001, 33.946041106999985], [72.33359383900006, 33.94530610800001], [72.3344268800002, 33.94517898599997], [72.33879089400011, 33.94417190600018], [72.34068298300008, 33.9449882510001], [72.34654235800019, 33.94707870500008], [72.35169982900015, 33.94918060300006], [72.35482025100009, 33.950298309000175], [72.35800933800004, 33.95145034800004], [72.3629302980001, 33.953338623000036], [72.36663055399998, 33.95468139600018], [72.36837845700012, 33.95535366700011], [72.36881256100014, 33.95552062999997], [72.37138366700009, 33.956321716], [72.37335968000008, 33.956871033000084], [72.375022888, 33.95740890500019], [72.378303528, 33.95967102100013], [72.3785324100001, 33.9608688350001], [72.37863159200015, 33.96366882300015], [72.37840271000005, 33.965099335], [72.37841796900017, 33.96685028100012], [72.37848663300014, 33.96833038300019], [72.37866973900003, 33.97079086300005], [72.37975311300016, 33.971210480000025], [72.38091729500019, 33.97150170500004], [72.38198254700006, 33.971552405000125], [72.3824234010001, 33.97180938700012], [72.38356781000005, 33.97211074800009], [72.38495636000016, 33.97240066500018], [72.386550903, 33.972839355000076], [72.38791656500007, 33.973098755000024], [72.38937377899998, 33.97338867200011], [72.3910217290001, 33.973789215000124], [72.39333343500005, 33.9743499760001], [72.39508819600002, 33.97480011], [72.39647674600019, 33.97520828200004], [72.39775848400018, 33.97542953500016], [72.39993286100002, 33.97595977800006], [72.40135192900004, 33.97628021200006], [72.40249633800016, 33.97774887100019], [72.40252685500008, 33.979320526000095], [72.40270233200016, 33.98096084600013], [72.40267944300012, 33.98234176600016], [72.40278625500008, 33.983718872000054], [72.40297699000013, 33.98577880900007], [72.40313720700016, 33.987651825000114], [72.40322113000008, 33.98984909100005], [72.40323638900003, 33.99185180699999], [72.40323638900003, 33.99341964700005], [72.40326690700005, 33.99460983300014], [72.4031906130001, 33.99663925200008], [72.40312957800012, 33.99800872800006], [72.40248870800002, 34.00017166100008], [72.40244293200016, 34.000728607000156], [72.40258789100017, 34.002010345000144], [72.40232849100005, 34.00386810300017], [72.40232576700015, 34.00515674300004], [72.40384674100005, 34.006000519000054], [72.40518188500005, 34.006561279000096], [72.40686035200008, 34.00645065300017], [72.40866088900015, 34.00579071000004], [72.41043853800005, 34.00524139400005], [72.41217804000007, 34.004791260000104], [72.4134674070001, 34.004360199000075], [72.41493988000013, 34.00384903000014], [72.41706848100017, 34.00352096600017], [72.41954803500016, 34.002929687000176], [72.42135620099998, 34.00254821800013], [72.42353057900016, 34.001850128000115], [72.42469024700017, 34.00141143800005], [72.42642211900011, 34.00093078600008], [72.42720794700011, 34.000801086000024], [72.42808360700008, 34.00053007400015], [72.42925262500017, 34.00051879900019], [72.43119812000015, 34.00043869000001], [72.43267059300018, 34.00038147000009], [72.43406677200016, 34.000469208000084], [72.4367904660001, 34.000488281000116], [72.43904876699997, 34.00067901600005], [72.44161224400011, 34.000640869000165], [72.44313812300015, 34.000179291000165], [72.4440231320001, 33.99816131600005], [72.44590759300013, 33.99541854900008], [72.44721984900019, 33.99390029900002], [72.44782257100013, 33.99267959600019], [72.44876861600017, 33.99147033700007], [72.45330810500013, 33.99254989600013], [72.45767974900019, 33.99330520700016], [72.4645919800002, 33.99499130200013], [72.47091246000019, 33.99673563600004], [72.47267150900018, 33.99721908600009], [72.4784469600001, 33.998329163], [72.48319244400017, 33.999729156000114], [72.48548889200009, 34.00024032600015], [72.48966217000009, 34.0014495850001], [72.49762725800008, 34.000179291000165], [72.50161743200005, 33.99845886200018], [72.50312042200005, 33.99760055500013], [72.50488281200018, 33.99716949500015], [72.50711822500017, 33.99731826800013], [72.50846862800006, 33.99734115600006], [72.51017761200006, 33.997138977000134], [72.51228332500011, 33.99702835100004], [72.51432037400019, 33.99703979500009], [72.5165863040001, 33.99700164800004], [72.51963806200018, 33.99689102200011], [72.52115631100008, 33.9966812130001], [72.52295684800015, 33.99663925200008], [72.52456665000011, 33.99679184000007], [72.5257720950001, 33.99774932899999], [72.52658844000007, 33.99861908000014], [72.52793121300004, 33.99961090100004], [72.52895355200019, 34.00027847300004], [72.53011322000003, 34.00075149500009], [72.53157806400009, 34.0009613040001], [72.53282165500019, 34.00072097800012], [72.5340728760001, 34.00016021699997], [72.53556823700006, 33.99916076700009], [72.53948974600007, 33.99694061300005], [72.54062652599998, 33.99642944300007], [72.54174804700017, 33.99570846600017], [72.54295349100005, 33.99514007600004], [72.54434204100005, 33.99533081100009], [72.54624176100003, 33.99664115900015], [72.54808044400016, 33.997539520000146], [72.5488763210002, 33.997947509000085], [72.54956817600015, 33.99824905400004], [72.54953765900007, 33.997009277000075], [72.54911041300005, 33.99501037600015], [72.5491784620001, 33.993830854000066], [72.54945373500004, 33.99332046500018], [72.54876709000013, 33.99332046500018], [72.5486707930001, 33.98898744400009], [72.55091095000006, 33.982769012000176], [72.55068206800013, 33.97800064100005], [72.550086975, 33.975009918000126], [72.55375671400014, 33.95547103900009], [72.55883026100008, 33.95956039400011], [72.57800293000008, 33.95557022100007], [72.58267974900008, 33.95331955000012], [72.58821868900009, 33.953239441000164], [72.58999633800016, 33.95156097400013], [72.5939407350001, 33.95032119800004], [72.59829711900011, 33.951278687000126], [72.60344696000016, 33.95344924900013], [72.60402047500008, 33.95334339900006], [72.60685730000006, 33.95281982400019], [72.61225691200008, 33.95107123200006], [72.61489105200008, 33.9502182010001], [72.62132263200004, 33.948799133000136], [72.62494659400005, 33.94826889], [72.62724304200015, 33.94686889600018], [72.62933349600013, 33.94606018100018], [72.63204193100012, 33.94503021200012], [72.63395690900012, 33.94430923500005], [72.63878631600011, 33.94110107400007], [72.64048767100007, 33.938781738000046], [72.6422805790001, 33.936920166], [72.64878845200008, 33.93349075300006], [72.65255737300009, 33.931098938000105], [72.65288201800001, 33.93067939500014], [72.65332794200015, 33.928611755000134], [72.65297699000007, 33.925121307000154], [72.64971923800016, 33.92280960100004], [72.64707946800007, 33.920860291], [72.64473724400005, 33.919528961000026], [72.63310241700009, 33.91654968300003], [72.63063049300001, 33.91611862200017], [72.62802887000015, 33.915409088000104], [72.62972259500003, 33.91267013500004], [72.62921142600015, 33.9096908570001], [72.63014984100005, 33.907600403000174], [72.62655639600018, 33.90282821699998], [72.6193313600001, 33.896610260000045], [72.61663055400015, 33.896900177000134], [72.60804748500004, 33.891529083000194], [72.61010742200006, 33.88573074300007], [72.60578155500014, 33.88209152200011], [72.60601043700007, 33.87712097200006], [72.60948944100016, 33.87512970000017], [72.61348492200011, 33.87554054500015], [72.61464691200013, 33.87565994300007], [72.6175537110002, 33.87541961700009], [72.62286377000004, 33.874759674000074], [72.62962341300005, 33.87714004500015], [72.63377380400016, 33.88021087600009], [72.6382064820001, 33.87314987200011], [72.64270782500012, 33.87047958400018], [72.64090728800011, 33.865528107000046], [72.64335632300015, 33.86204910300012], [72.64414215100015, 33.85750961300005], [72.65574646000005, 33.86447143600009], [72.66179657000009, 33.86186981200012], [72.6664123540001, 33.86285018900014], [72.66985321000004, 33.8644599910001], [72.67395782500012, 33.86618042000009], [72.67752838100012, 33.86672973600008], [72.68582153300008, 33.86917877200017], [72.68723297100018, 33.871120453000174], [72.69296264600001, 33.871379852000075], [72.69334905500011, 33.871562844000096], [72.69881468600016, 33.87530288300019], [72.69996643100018, 33.876091003000056], [72.70677948000014, 33.88050842300015], [72.70889282200005, 33.88232040400004], [72.70938873300014, 33.88908004800015], [72.70858001700003, 33.891929626000035], [72.70691680900006, 33.89480972300004], [72.70733599300013, 33.89659931600005], [72.70810699500015, 33.89989090000006], [72.70433807400013, 33.90254974400017], [72.70511627200005, 33.905689240000186], [72.70928192100018, 33.905158997000115], [72.71308898900003, 33.904708862000064], [72.71565246600017, 33.90528869600013], [72.71883345000009, 33.905470669000124], [72.73105621300004, 33.906169891000104], [72.73451995800019, 33.90628814700011], [72.73573303200004, 33.90848922700013], [72.73413085900006, 33.9103584290001], [72.73124694800009, 33.911849976000155], [72.72740173300019, 33.913520813000105], [72.72471618700018, 33.914569855000025], [72.72305297900004, 33.91643905600006], [72.72389221200012, 33.919689178], [72.72596740700016, 33.92144012500006], [72.7287826540001, 33.92341995200013], [72.73301696800019, 33.92673111000005], [72.735092163, 33.92876052900016], [72.73773193400001, 33.93095016500013], [72.74330139200003, 33.93455886800007], [72.74388885500008, 33.937381744], [72.74651336700015, 33.93682861300016], [72.74958038300008, 33.93849945100004], [72.75650787400014, 33.94647979700005], [72.75894165000005, 33.94887161300005], [72.76226806600016, 33.95365905800014], [72.76525116000005, 33.952201843000125], [72.76864624000012, 33.94952011100008], [72.76865019000007, 33.94951848300013], [72.77211761500018, 33.94808960000012], [72.77533721900011, 33.94615173300008], [72.77851104700017, 33.94345855700004], [72.78113818600002, 33.94233970900018], [72.78235626200012, 33.941791534], [72.78381347700014, 33.93976974500015], [72.78607940700005, 33.93154907200005], [72.78735351600005, 33.92692184400016], [72.78923797599998, 33.92399978599997], [72.78903961200012, 33.9201507570001], [72.78636932400013, 33.91712188700012], [72.78366851800013, 33.91547012300009], [72.77951812700019, 33.9148292540001], [72.77665710399998, 33.914958954000156], [72.77014923100006, 33.91527175900018], [72.77725982700002, 33.90322113000008], [72.78009033200004, 33.902381897], [72.78288269000012, 33.901180267000086], [72.78555297899999, 33.899280548000036], [72.78894805900006, 33.89804077100018], [72.78965759300019, 33.89355087300015], [72.79139709500004, 33.89157867400013], [72.79324340800014, 33.889488220000146], [72.7942276, 33.887058258000025], [72.8029632570001, 33.884860992000085], [72.80573272700008, 33.88521957400013], [72.8072172900001, 33.88689745800019], [72.80883789100017, 33.888729095000144], [72.81691964400011, 33.88824287300008], [72.82964689300007, 33.88747710700011], [72.83274078400018, 33.88729095499997], [72.83329010000017, 33.881439209000064], [72.83376312300015, 33.87894821200007], [72.83376297100011, 33.87894767800003], [72.8326187130001, 33.874931334999985], [72.832046509, 33.872699738], [72.83162689200003, 33.86980819700011], [72.83136749300013, 33.864379883000026], [72.83158313500007, 33.86283956200003], [72.83139038100012, 33.86151886000005], [72.83155059800009, 33.85882949800009], [72.83328247100013, 33.85363006600011], [72.83528137200005, 33.851879120000035], [72.83614349400017, 33.845268250000174], [72.83506774900007, 33.84193038900008], [72.83178710900006, 33.83985137900004], [72.83162689200003, 33.842899323000154], [72.82911682100007, 33.845809937000126], [72.82498931900017, 33.845199585000046], [72.82093048100006, 33.844661713000164], [72.81796264600013, 33.844509125000116], [72.81844329800009, 33.83742141700009], [72.82022094700017, 33.83470153800016], [72.82111358600002, 33.83127975500014], [72.82190004800009, 33.829082877000076], [72.82232666000004, 33.82816696200007], [72.82256317100018, 33.82757186900011], [72.82788085900017, 33.826190948000146], [72.83078002900004, 33.82614135700004], [72.83319854700011, 33.825801849000186], [72.84239959700011, 33.83319854700005], [72.84687805200019, 33.83348083500016], [72.84979248000008, 33.8316688540001], [72.84966278100012, 33.82629013100012], [72.85082244900013, 33.82455062900004], [72.85388183600003, 33.82394027700019], [72.85753631600011, 33.82369995100004], [72.859619141, 33.82460022000015], [72.8718338010001, 33.82590866100014], [72.87118013700018, 33.82265499800013], [72.87013244600013, 33.81744003300008], [72.86961071000007, 33.81490479900009], [72.86763000500008, 33.81230926500007], [72.86621856700003, 33.80923843400012], [72.863243103, 33.805381775000114], [72.8609390260001, 33.803050995000035], [72.85906219500015, 33.800910950000116], [72.85695648200004, 33.798431396000126], [72.85537719700005, 33.79710006700003], [72.85234832800018, 33.79730987500017], [72.84706115700016, 33.800239563000105], [72.845329285, 33.80147171000016], [72.84174346900016, 33.80281066900005], [72.83966827400013, 33.80052948000019], [72.83838653600014, 33.79877090500008], [72.83593750000017, 33.79664993300008], [72.83307647700013, 33.793720244999975], [72.83016204800015, 33.7909088130001], [72.8287506100001, 33.78852081300005], [72.8272705080002, 33.785541534000174], [72.82652282700008, 33.7828407290001], [72.82224232000016, 33.77905227400004], [72.82166290300012, 33.77830886800018], [72.82734680200008, 33.77040100100004], [72.82940673799999, 33.763328552000075], [72.83217620800019, 33.76253128100012], [72.83538818400001, 33.763168335000046], [72.83818817100013, 33.763889313], [72.84149932900004, 33.764930725000056], [72.84435272200011, 33.76462173500005], [72.84496307400019, 33.762550354000155], [72.84707641600005, 33.76218032800011], [72.85124969500015, 33.764369965000185], [72.85270690900006, 33.766571045000035], [72.85202026400003, 33.76934051500001], [72.85540771500007, 33.76942062400019], [72.85758209200014, 33.77022934000013], [72.86216735800008, 33.769760132000044], [72.86499786399997, 33.76773834200009], [72.86753082300004, 33.76208114600007], [72.87072753900003, 33.76079940800008], [72.87590789800015, 33.76158142100019], [72.88067627000015, 33.76399993900009], [72.8887329100001, 33.76644897500006], [72.88970947300015, 33.7639389040001], [72.88841247600004, 33.76194000200013], [72.88829773700002, 33.76181556400013], [72.88629150400004, 33.75963974000001], [72.88289642300009, 33.75851821900005], [72.88073730500014, 33.75749969500015], [72.88667297400019, 33.75286102300004], [72.8887329100001, 33.751251221000075], [72.89228057900004, 33.750461578], [72.91198730500008, 33.74776840200013], [72.91479151400006, 33.74803547], [72.9168167110002, 33.746719359999986], [72.9208068850001, 33.746269226000095], [72.923866272, 33.7456016540001], [72.92606353800011, 33.737159729000155], [72.92053985600012, 33.73447036700003], [72.9164199830002, 33.72937011700009], [72.92234802200016, 33.73060989400011], [72.92530822800012, 33.730571747000056], [72.92752075200008, 33.730468750000114], [72.93043953100005, 33.72987111300017], [72.934028625, 33.730178833000025], [72.94484710700004, 33.729518890000065], [72.95147705100004, 33.73062896700014], [72.95391082800006, 33.73072051999998], [72.95670124800006, 33.73107787700019], [72.956710815, 33.731079102000024], [72.95671835700011, 33.73320583100019], [72.95671844500015, 33.73323059100011], [72.95883941700009, 33.73437118500016], [72.96086883500016, 33.73514175400004], [72.96376037600004, 33.73870086700009], [72.96711731000016, 33.73960113500016], [72.97083282500017, 33.74005889900002], [72.9729232790001, 33.740200043000186], [72.97863006600005, 33.74158096300005], [72.98018646200006, 33.74365997300009], [72.99055640100016, 33.75041568300003], [72.99056243900014, 33.750419617000034], [72.99154239700005, 33.75743125500003], [72.99154663100006, 33.757461548000094], [73.00042724600002, 33.75683975200019], [73.00724792500012, 33.76029968300003], [73.00993347200017, 33.75822067300015], [73.01195838800004, 33.758140510000146], [73.01196166800014, 33.75814038000016], [73.01291656500018, 33.76263046300011], [73.01140350300005, 33.76695675400009], [73.01139831500018, 33.76697158800005], [73.01370239300019, 33.7693099980001], [73.01553344700017, 33.77468109100016], [73.02739715600006, 33.779888153], [73.03035386800013, 33.7800768460001], [73.0344085690001, 33.78028106700003], [73.03576766600003, 33.78105114300013], [73.04192352300004, 33.78443908700018], [73.04522705100015, 33.785148621000076], [73.04762268100012, 33.784931183000026], [73.05013275100015, 33.78438186600016], [73.05581665000017, 33.784088135000104], [73.05857849100016, 33.78203964200014], [73.06368255600012, 33.784389496000074], [73.06848907500017, 33.78490066500018], [73.07087707500006, 33.786949158000084], [73.07569122300009, 33.789329529000156], [73.08146667500012, 33.793548584000064], [73.08367157000004, 33.79291915900012], [73.09223175000011, 33.79127883900014], [73.09290313700012, 33.78874969500015], [73.09339141800012, 33.786449432000154], [73.09474945100015, 33.783939362000126], [73.1154708860002, 33.786460876000035], [73.11791229200003, 33.78636932400008], [73.12180328400012, 33.787429810000106], [73.12326812700007, 33.78966903700018], [73.12500000000011, 33.79301071200018], [73.12768932200004, 33.79561525100013], [73.1310501100001, 33.798870087000125], [73.13481903100012, 33.80055999800004], [73.13843818200013, 33.80311509700016], [73.14112854000018, 33.80482101400003], [73.14566803000008, 33.8047103880001], [73.15260314900002, 33.81095123299997], [73.15866851800018, 33.81193160999999], [73.16414642300015, 33.81037902800017], [73.16847229000007, 33.804508209000176], [73.17163085900017, 33.808048248000034], [73.17923736600011, 33.81058883700018], [73.18477630600012, 33.809780121000074], [73.19049835200013, 33.810161591], [73.2011032100001, 33.81343841600017], [73.20933700000012, 33.81610030500008], [73.21029663100018, 33.81641006500013], [73.21161651600005, 33.815879822], [73.21317291300016, 33.81568908700012], [73.21649169900013, 33.81642913800016], [73.21840667700013, 33.81697082500011], [73.21978759800004, 33.817188263], [73.22118377700019, 33.81777954100011], [73.22403717000014, 33.81845092800012], [73.22595977800006, 33.819259644000056], [73.22801971400014, 33.820098877000135], [73.23007965100015, 33.82102966300005], [73.23104200800009, 33.82151291600019], [73.2326889040001, 33.82244873000013], [73.23594665500008, 33.823848724000186], [73.23670196500007, 33.824668884000175], [73.23703976700011, 33.824961473000144], [73.23805236800013, 33.826328278000176], [73.23885345500008, 33.82789993300008], [73.24102783200016, 33.83348083500016], [73.24157714800009, 33.83520889300013], [73.24260711700015, 33.83777999900008], [73.24336242700014, 33.83882904100017], [73.24461364700011, 33.84029007000004], [73.24581146200018, 33.84149169900007], [73.24735260000011, 33.842079163000164], [73.25086212200006, 33.84312820399998], [73.2522964480001, 33.84402084400017], [73.25388336200012, 33.84468841600011], [73.25523376500001, 33.84495925900006], [73.25686645500014, 33.84532165500002], [73.25739288300014, 33.84552002000004], [73.25939940600017, 33.845913950000124], [73.26122283900014, 33.84495925900006], [73.26271820100004, 33.843441010000106], [73.2635879520002, 33.84214019800015], [73.26512908900008, 33.83908081100003], [73.26596832300004, 33.83790969800003], [73.26731109600001, 33.83774948100006], [73.27543557100017, 33.842662481000104], [73.28235626200018, 33.84576034500009], [73.28558349600002, 33.84677124000018], [73.28774261500007, 33.847080231000064], [73.28962707500006, 33.84693908700012], [73.29129791300005, 33.84637832600015], [73.29342651400009, 33.84571075400015], [73.295089722, 33.844970703000115], [73.29588830300008, 33.844618853000156], [73.29653930700016, 33.844669342000145], [73.29821014400011, 33.84489059400016], [73.29997253400006, 33.84563064600013], [73.30209350600006, 33.84804916400003], [73.30416107200006, 33.85031890900018], [73.30690002400002, 33.85440826400003], [73.30802917500012, 33.85531997700008], [73.3099517820001, 33.85639953600014], [73.3114318850001, 33.856880188000105], [73.3147735600001, 33.85644912700002], [73.31566619900013, 33.85643005400016], [73.31671905500002, 33.85689926099997], [73.31735229500003, 33.85776901200012], [73.31823730500008, 33.85902023300014], [73.31897735600012, 33.85980987500011], [73.31958770799997, 33.860290527000075], [73.31920623800005, 33.86244964600013], [73.31778717000003, 33.86285018900014], [73.31735992400007, 33.86371994000007], [73.31890869100005, 33.865440369000055], [73.32083129900013, 33.86703109700005], [73.32306671100014, 33.86917114300019], [73.32663726800007, 33.87110900900012], [73.32787323000002, 33.872039795000035], [73.328842163, 33.87322998000019], [73.32975769000018, 33.87471008299997], [73.3305380380001, 33.876376310000126], [73.33101654100017, 33.878650665000066], [73.33116149900007, 33.8805618290001], [73.33068084700011, 33.88185882600004], [73.3295593260001, 33.88277816800007], [73.32830810500008, 33.8843383790001], [73.32752990700016, 33.88568115200013], [73.32797241200007, 33.88742065400015], [73.33029174800015, 33.88941955600018], [73.33199310300012, 33.89097976700003], [73.33302307100007, 33.89186859100005], [73.33383054100011, 33.89266481800007], [73.33471679700006, 33.893501282000045], [73.33532714800003, 33.894340515000124], [73.33618927000015, 33.8961601260001], [73.33735656699997, 33.89921951300005], [73.33820343000014, 33.900878906000116], [73.33924102800006, 33.90219116200012], [73.34028625500008, 33.90275955200008], [73.34127044700017, 33.9030990600001], [73.34245300300012, 33.90348053000008], [73.34478759800015, 33.90475082400019], [73.34681701700009, 33.90610885600012], [73.34754180900018, 33.90690994300002], [73.34800720200008, 33.907680511000024], [73.34808349600019, 33.909660339000084], [73.34828186000004, 33.91135025000017], [73.34828949000013, 33.91265106200018], [73.34764099100005, 33.91447830200019], [73.34662628200005, 33.917968750000114], [73.34662628200005, 33.91870117200017], [73.34767150900007, 33.91886138900003], [73.34915161100014, 33.91884994500015], [73.35205841100014, 33.91954040500008], [73.3530197140002, 33.92004013100018], [73.3559373650001, 33.92304292900013], [73.35677337600009, 33.92385864300013], [73.35817718500016, 33.925361633000136], [73.35999298100012, 33.92618942300004], [73.3629531860002, 33.9267692570001], [73.36419677700013, 33.92687988299997], [73.36613235000016, 33.927249629000016], [73.36664981600018, 33.927549511000166], [73.36785888700007, 33.928218842000035], [73.36839294400016, 33.928989409999986], [73.36950683600008, 33.93037033100012], [73.37149047899999, 33.93175888100012], [73.37364196800013, 33.93313980100015], [73.37506866500013, 33.934341431000064], [73.37715911900005, 33.93568038900003], [73.37840271000005, 33.936859131], [73.37935638400006, 33.938381195000034], [73.38096618700013, 33.94044876100003], [73.38215637200011, 33.941810608000026], [73.38466644300007, 33.94654846200012], [73.38510131800007, 33.94871902500006], [73.38548278800016, 33.95114898700001], [73.38581848100017, 33.95343017600004], [73.38574218700006, 33.95502853400012], [73.38549804700011, 33.95539093000008], [73.38404846200018, 33.95563125600006], [73.38218689000013, 33.955299377000074], [73.37950134300007, 33.954761505000135], [73.37753295900012, 33.95465087900004], [73.3762664790001, 33.95457077000009], [73.37437693300012, 33.95501963300018], [73.37428283700012, 33.955829620000145], [73.37640380900012, 33.95737075800014], [73.37815856900016, 33.95909881600011], [73.37816619900008, 33.96017074600019], [73.37819671600005, 33.960971831999984], [73.37870025600012, 33.96234130900007], [73.37998962400007, 33.96239852900004], [73.38192749000018, 33.96207046500007], [73.38371276900017, 33.96205902100019], [73.38543701200012, 33.962421417000144], [73.38733673100018, 33.96397018400012], [73.38848877000004, 33.96501159700006], [73.38970947300004, 33.96656036400003], [73.39082336400008, 33.968719482000154], [73.39177703900003, 33.97032928500005], [73.39219665500013, 33.97142028800016], [73.39256286600016, 33.97224044800015], [73.39341906800013, 33.97345031500015], [73.39679718000019, 33.97489929200003], [73.39803314200014, 33.97520828200004], [73.40135192900004, 33.97583007800017], [73.40263366700003, 33.975990294999974], [73.40411377000004, 33.975780487000065], [73.40466308600014, 33.97549819900013], [73.40541839600013, 33.974491119000106], [73.40601348900009, 33.97320938100012], [73.4069671630001, 33.9722290040001], [73.40836334200009, 33.9715614320001], [73.40937042200011, 33.97103118900003], [73.41123962400002, 33.969089508000025], [73.41317749000012, 33.96813964800015], [73.41422271700003, 33.967201233000026], [73.41488647500006, 33.96617126500007], [73.41474914600013, 33.96541976900005], [73.41446685800008, 33.96442031900017], [73.41481781000016, 33.962909698000146], [73.41782379199998, 33.960979462000125], [73.41816711400014, 33.95988082900004], [73.4174728390002, 33.95904922500017], [73.4162063600001, 33.95827102700008], [73.41618347200017, 33.956569672000114], [73.41767120400016, 33.95555114700011], [73.4194030760001, 33.95515823400001], [73.4208831790001, 33.955219269], [73.42259979200009, 33.955299377000074], [73.4235763550002, 33.95560073900015], [73.42414093000008, 33.956279755000025], [73.42359924300013, 33.95785903900014], [73.42276763900003, 33.959980011000084], [73.4230804440001, 33.96155166600005], [73.42362976100014, 33.96244049100011], [73.42443084700017, 33.9629898070001], [73.42549896200018, 33.963481903000115], [73.42720031699997, 33.964019775000054], [73.42884826700009, 33.96461105300011], [73.43031311000004, 33.96530914300013], [73.43129730200013, 33.966289519999975], [73.43182373000019, 33.96707916300005], [73.43247985800014, 33.96784973100006], [73.43396759000012, 33.96892166100008], [73.43538665800008, 33.96989059400005], [73.43657684300007, 33.97092056300011], [73.43743896500018, 33.97224044800015], [73.43855285600006, 33.97354888900014], [73.43948364300007, 33.974098206], [73.44029998800005, 33.974708557000156], [73.44066619900002, 33.975528716999975], [73.44052887000015, 33.97642135600006], [73.44069671600016, 33.97826004000012], [73.44158935500002, 33.97951889000018], [73.44209289600002, 33.98081970200019], [73.44239807100018, 33.981819153000174], [73.44333648700018, 33.98292923000008], [73.44373321500012, 33.98353958100006], [73.44523620600006, 33.984249115000125], [73.44680023200016, 33.98503112800012], [73.44785308800004, 33.98566818200004], [73.44901275600006, 33.98674011200012], [73.4501037600001, 33.9879188540001], [73.45094299300018, 33.988719940000124], [73.45211792000015, 33.98952865600006], [73.4530029300002, 33.99018859900008], [73.45384979200009, 33.99100112900015], [73.45433430300011, 33.991712243000165], [73.454872131, 33.99269104000007], [73.45588684100017, 33.99370956400014], [73.45667266800007, 33.99430084200003], [73.45765686000016, 33.99483871500007], [73.45877838100012, 33.995548248000034], [73.45982360800019, 33.996459961000085], [73.46032714800009, 33.99720001200012], [73.460769653, 33.99824905400004], [73.46197128300014, 33.99961471600005], [73.46321106000016, 34.00035858200016], [73.46391296400014, 34.00106811500018], [73.46470642100013, 34.00164032000015], [73.46520996100008, 34.00217056300005], [73.46399688700006, 34.003879547000054], [73.4650802610002, 34.00439071700009], [73.46836853000019, 34.00711059600013], [73.46869659400016, 34.00772857700002], [73.46956634500009, 34.00868988000008], [73.47006988499999, 34.010341644000164], [73.47154235800008, 34.011760712000125], [73.47147369400005, 34.01287841800007], [73.47144317600004, 34.0142593380001], [73.47176361099997, 34.01586151100008], [73.47190316500019, 34.016655625000055], [73.47319793700018, 34.01626968400018], [73.47456359900019, 34.01591110200019], [73.47541809100005, 34.01556015000011], [73.47672271700014, 34.01514816300005], [73.478607178, 34.01556015000011], [73.48002624500009, 34.01636123700001], [73.48288726800013, 34.01739120499997], [73.48560333300009, 34.018081665000125], [73.48696136500018, 34.01816940300006], [73.48838043200004, 34.01816940300006], [73.49057006800007, 34.0182418820001], [73.49268341100003, 34.01828002900015], [73.49429321300016, 34.01828002900015], [73.49553680400015, 34.01805114700005], [73.49655914300007, 34.01789093000002], [73.4975891110002, 34.01768112200011], [73.49877929700011, 34.017620087000125], [73.50019073500016, 34.01741027800006], [73.50089263900014, 34.017150878999985], [73.50229644800004, 34.01699066200018], [73.50321960400004, 34.01725006100003], [73.50430297900004, 34.01747894300013], [73.50473474900008, 34.01747894300013], [73.50670623800005, 34.01747894300013], [73.51129150399998, 34.01758956900005], [73.51200752900019, 34.01767306300002], [73.50942872100018, 34.02610013900011], [73.5091596050001, 34.027657024], [73.5082344810001, 34.03300903700011], [73.50754791400004, 34.036980954], [73.50722000000013, 34.03889], [73.50696001600011, 34.04420500300006], [73.5067, 34.04952], [73.50640002100005, 34.05559000300008], [73.50636921500012, 34.056213267000146], [73.50610215300009, 34.06166101900004], [73.504435409, 34.07030262100005], [73.50399067000006, 34.07261129900013], [73.50296030099997, 34.07796003100003], [73.50139000000019, 34.08611000000013], [73.49893576600016, 34.09197338400014], [73.49698114800009, 34.09665136700005], [73.49581795100005, 34.099435245000166], [73.49468911900004, 34.10549275700009], [73.49440718099999, 34.10701522000005], [73.49431, 34.10754], [73.49391953700018, 34.10962247000009], [73.49376537600011, 34.11044972500008], [73.49359150700019, 34.111382732000095], [73.49079723, 34.118370072000175], [73.48804000000013, 34.12527000000017], [73.48776152700009, 34.12764655800015], [73.48731252600015, 34.131501627000034], [73.48723197600009, 34.13219321800011], [73.48702135200006, 34.13400161400017], [73.48665, 34.137220000000184], [73.48683329700003, 34.14573334500017], [73.4870166300002, 34.154246679000096], [73.4872, 34.16276], [73.48775496600018, 34.167905003000044], [73.4881928150001, 34.17196373100012], [73.48831025400011, 34.17304865700004], [73.4882951400001, 34.17337872100018], [73.48798000000016, 34.18035], [73.48786070800003, 34.18286598100019], [73.48776346500011, 34.184989595], [73.48332367600017, 34.208602989000156], [73.48000045300012, 34.219981322000024], [73.47943067500006, 34.22193218000018], [73.47026643800018, 34.24539254400008], [73.46499489700005, 34.25888764100017], [73.46499168600002, 34.2588856860001], [73.46499, 34.25889], [73.46301815100009, 34.25768377700018], [73.46226458500007, 34.257224846000156], [73.46350627500016, 34.26639992200006], [73.46412, 34.27092000000016], [73.4647100000002, 34.27527], [73.45624218600017, 34.28041867100012], [73.45332235500007, 34.28360792800015], [73.45332134100016, 34.2836085350001], [73.45332000000013, 34.283610000000124], [73.4513995440002, 34.28475905000016], [73.44497646800005, 34.28860432800019], [73.44470273100006, 34.28880814400014], [73.43054000000018, 34.299440000000175], [73.42798027000015, 34.302041897000095], [73.41415332800005, 34.316100900000094], [73.41032678599998, 34.32209186500012], [73.40971353800006, 34.32305198600005], [73.40747415700014, 34.32838877199998], [73.4061, 34.33167], [73.40446195300012, 34.33869502700003], [73.40416052700004, 34.33998932500015], [73.40412223400017, 34.34006085100003], [73.40295, 34.34226000000018], [73.40123873000016, 34.348726053000064], [73.40054255700005, 34.35332506399999], [73.39940598300012, 34.3567428290001], [73.399154464, 34.357499164000046], [73.39854077500013, 34.36560906300002], [73.39804108300018, 34.37221381400019], [73.39815748600012, 34.3740617310001], [73.39815751800012, 34.374062244000186], [73.39837020000016, 34.37743862600013], [73.39868836500011, 34.38248958200006], [73.39972073800016, 34.39887874400006], [73.40021158300016, 34.40148828200017], [73.40057, 34.403390000000115], [73.40082000000018, 34.40471], [73.40349, 34.41332000000017], [73.40521488600018, 34.41888001500001], [73.40694, 34.42444], [73.4104908060001, 34.431496223000124], [73.41404220800013, 34.43855233400012], [73.4175942080002, 34.44560833400004], [73.42114680500003, 34.452664223000056], [73.42420974499998, 34.458746473000076], [73.42454304000012, 34.459408316000065], [73.424699465, 34.45971630200012], [73.42736218300007, 34.46743135600002], [73.4273660120001, 34.46744169400017], [73.43082, 34.47416], [73.43167421600009, 34.477248796000026], [73.43220388800017, 34.47915511500008], [73.43461334000006, 34.49510944800005], [73.43804, 34.51777], [73.43817499200009, 34.52291000200006], [73.43829065500012, 34.527313505], [73.43831023500013, 34.52804518600004], [73.43832206300004, 34.5281368310001], [73.43932648900005, 34.53536668400011], [73.44034315500011, 34.54268335100005], [73.44135187300009, 34.549941526000055], [73.4413617720001, 34.549995294999974], [73.44257416000005, 34.55435874600016], [73.44275, 34.554990000000146], [73.44553486600006, 34.55902003300008], [73.44831984300004, 34.563049774000035], [73.45555207200005, 34.56832743500013], [73.46104379900015, 34.57049387700016], [73.46428524200019, 34.57177260100008], [73.4647071890002, 34.571938892000105], [73.47264791800006, 34.5725046550001], [73.47638000000012, 34.572770000000105], [73.48714502600018, 34.572703924000166], [73.49791003500013, 34.57263689900003], [73.50867502600005, 34.572568924000166], [73.51944, 34.57250000000016], [73.52559566000014, 34.5735274860001], [73.52609102800011, 34.57360868900014], [73.53911274400014, 34.57718999400009], [73.53972662600012, 34.57735882700007], [73.54526, 34.57888], [73.54908033400011, 34.58117587400017], [73.54942023100006, 34.58138002600003], [73.55157635500012, 34.581621030000065], [73.55442906500008, 34.581938205000085], [73.55564477900015, 34.582512879000035], [73.55971000000011, 34.58443000000011], [73.56545993999998, 34.585305136000045], [73.57640481100009, 34.58697041500011], [73.58166344900013, 34.5877694830001], [73.58192073800006, 34.587730936000014], [73.58720361700006, 34.586937880000164], [73.59220893400004, 34.58483397100008], [73.59248, 34.58472000000012], [73.59386758700009, 34.583888030000026], [73.59487001600013, 34.583286336000185], [73.59725324200014, 34.58185583800014], [73.59974712200011, 34.58035892099997], [73.60081, 34.57972000000012], [73.60492517400007, 34.57619507000015], [73.60904000000016, 34.57267000000019], [73.60906993300006, 34.572644399000126], [73.61442515800007, 34.56805567800012], [73.62168416499998, 34.56518583800016], [73.62498000000011, 34.563880000000154], [73.63136, 34.563880000000154], [73.63342000000017, 34.56427], [73.63721, 34.56499000000014], [73.6411, 34.56694], [73.6445122020001, 34.57098935100015], [73.64754943500014, 34.57459371600004], [73.64999258600005, 34.577491867000106], [73.6514916930002, 34.58067898899998], [73.65444000000014, 34.58694000000014], [73.657160992, 34.594662141000015], [73.65988248800016, 34.60238421200012], [73.66260448800011, 34.61010621200006], [73.66532699200013, 34.61782814100013], [73.66805, 34.625550000000146], [73.67026987400004, 34.63027002200005], [73.67068127900006, 34.63114466700006], [73.67249, 34.63499000000013], [73.67338522300014, 34.64001809400014], [73.67442452500012, 34.64582729900002], [73.67417635900006, 34.659609401000125], [73.67415, 34.6611], [73.67413571300006, 34.661139982], [73.67137298800014, 34.668884082000034], [73.66609173400019, 34.67666026200004], [73.66432432900007, 34.67843146000007], [73.66304, 34.67972], [73.66298371200003, 34.67984772900007], [73.66252254900019, 34.68090404300011], [73.66110188200014, 34.68415813600012], [73.66360335700006, 34.6944357910001], [73.66756090400003, 34.69827589900018], [73.67210787500011, 34.702687940000146], [73.67276000000015, 34.70332000000019], [73.67538740000015, 34.70463590800017], [73.67870789400007, 34.70629730600018], [73.68220397900006, 34.708046561], [73.68773841300003, 34.71178185500003], [73.68873, 34.7124500000001], [73.69798283500018, 34.71774302], [73.69802809600009, 34.71776433000019], [73.69803543200015, 34.71777676700009], [73.70360000000016, 34.72471], [73.7047886970002, 34.72631634700019], [73.70485152800012, 34.726401134000184], [73.70915376300002, 34.73220674300012], [73.70930581099998, 34.732520032000025], [73.71111000000013, 34.73611], [73.71346000000011, 34.74387000000013], [73.71346370300012, 34.74388266200009], [73.71499490200006, 34.74638394700003], [73.7158199960001, 34.751936958000044], [73.72053497600018, 34.76721123300007], [73.7227173600001, 34.77022011100013], [73.72637922900009, 34.775268772000175], [73.72926080000008, 34.77785290800011], [73.73970187200013, 34.78721625800017], [73.7602701990001, 34.79943873000019], [73.77053810900003, 34.8016586710001], [73.77591497500015, 34.80174186400012], [73.77942498600004, 34.801795324000125], [73.78831000000014, 34.80193], [73.79942000000011, 34.8036], [73.81248000000011, 34.81027000000017], [73.81248241400016, 34.810272414], [73.81248364200007, 34.81027304100019], [73.81803295200001, 34.81582042800005], [73.82192965400003, 34.819715779000035], [73.82783132700013, 34.82408348000018], [73.82943735100014, 34.82527206400016], [73.831749232, 34.826141577000044], [73.83254875800009, 34.82644228300006], [73.83388, 34.82694], [73.83776119000004, 34.82749598100003], [73.8455364990001, 34.82860518000007], [73.8587411740001, 34.82667198000013], [73.8663800000001, 34.82555], [73.88611, 34.82444], [73.88730702900011, 34.82446742800016], [73.89832939400003, 34.82471545300018], [73.90677455400015, 34.82645726800013], [73.90776000000017, 34.82666], [73.91249, 34.82888], [73.91260014100015, 34.828958008000086], [73.92387455400012, 34.836937971], [73.92970049300015, 34.84332029600006], [73.93387000000013, 34.84582000000012], [73.93534301200015, 34.847426115000076], [73.93719392300005, 34.849435520000156], [73.94720309399997, 34.8530502160001], [73.94733615400014, 34.85306683600004], [73.94906000000015, 34.85328], [73.95013128300008, 34.85341597100006], [73.9516592540001, 34.85360682700002], [73.96665827800018, 34.85832819600017], [73.97187335799998, 34.8604484440001], [73.97554113100017, 34.861939617000075], [73.97592957000006, 34.86224811500006], [73.97774, 34.8636800000001], [73.98638000000017, 34.870540000000176], [73.98943000000014, 34.87499000000014], [73.99860000000018, 34.89138], [74.00151975400019, 34.89832503900004], [74.00405197800006, 34.90434720200017], [74.00443905200012, 34.90526685500015], [74.00735966100012, 34.90930093600008], [74.0084533160001, 34.91081154200015], [74.0102700000001, 34.91332], [74.01218900499998, 34.91520012800004], [74.01544838400014, 34.91839181200015], [74.023039675, 34.92582543700013], [74.02661594200009, 34.928666781], [74.02841000000018, 34.93009000000012], [74.03388000000018, 34.93443000000019], [74.05165000000017, 34.95555], [74.05294047199999, 34.96132486000005], [74.05525106700014, 34.971657423000124], [74.0546405990001, 34.979852285000106], [74.05415421700013, 34.98638141500015], [74.05438044400012, 34.99072552300004], [74.05443000000014, 34.99166], [74.05582, 34.9961], [74.05726, 34.99728000000016], [74.05897506300005, 34.99868039900008], [74.06330882700018, 35.00221862900014], [74.06805311500017, 35.00388191300004], [74.068873865, 35.004637229000025], [74.06889049400007, 35.00465253200014], [74.075810585, 35.008884242000136], [74.07581947300002, 35.00888813600011], [74.07655281900014, 35.009533314000066], [74.07844, 35.01119000000017], [74.08010122700011, 35.01265511000008], [74.08276401100017, 35.014997757000174], [74.0861157060001, 35.019486664000055], [74.08908, 35.02345], [74.08954000000011, 35.02407], [74.08443, 35.033610000000124], [74.08082023200018, 35.03888505600014], [74.07721, 35.04416000000015], [74.07027000000016, 35.050270000000125], [74.06535646200007, 35.05652304000006], [74.06219922500003, 35.06054355400005], [74.06026, 35.06944000000016], [74.06026, 35.07472], [74.06112186900003, 35.07924675200013], [74.06137063400013, 35.08055039400017], [74.0618049700002, 35.08147384000006], [74.065810301, 35.089989599000035], [74.07012190500006, 35.09468645700019], [74.0719297460002, 35.096655832000124], [74.08221394800006, 35.10555178200008], [74.08424076200004, 35.10663952800019], [74.08998030600014, 35.10971981400013], [74.09332065400008, 35.113050348], [74.09548332200018, 35.11419987400012], [74.10220282300003, 35.117767751000144], [74.10778116200004, 35.11993091700009], [74.11591192200007, 35.12305975800007], [74.11695201300006, 35.123212614000124], [74.12163994100013, 35.1238801400001], [74.12747000000019, 35.124710000000164], [74.12742501700006, 35.1247517700001], [74.12742587800005, 35.12475189700018], [74.12737331400018, 35.12479978000016], [74.12733000000014, 35.12484000000012], [74.12471124800015, 35.12722477400007], [74.12442141600019, 35.12748879500015], [74.12442110800015, 35.12748899100018], [74.12442, 35.12749000000014], [74.11891523600002, 35.13099512600007], [74.11341000000016, 35.13450000000017], [74.1122, 35.135270000000105], [74.1035955260001, 35.14027030800014], [74.09499, 35.14527], [74.08763526200005, 35.14818522400009], [74.08028, 35.1511], [74.07918548200013, 35.15104761300006], [74.07443122, 35.15082388299999], [74.0633004020001, 35.14677766800014], [74.06160000000011, 35.14616], [74.0557948500001, 35.14405013900017], [74.04999000000015, 35.14194], [74.04754183800009, 35.14166580600016], [74.04498323600012, 35.14138114500014], [74.04460990000013, 35.141435645], [74.03167, 35.14333000000016], [74.02777, 35.145550000000185], [74.02653708000014, 35.14732678300004], [74.02276464300019, 35.15277202000016], [74.01971310700014, 35.15582355700013], [74.01832485400007, 35.16026989500017], [74.01004425700017, 35.16786948600003], [74.00993152100011, 35.16796995400017], [74.00833000000017, 35.16944000000012], [74.00821772300003, 35.16949725600006], [74.00821278600006, 35.16950165600008], [74.00273929800017, 35.1722910040001], [74.00151529000016, 35.172915193000165], [73.9947, 35.17639000000014], [73.99306388000008, 35.17657345400005], [73.98562689300013, 35.17740734600011], [73.97655355900008, 35.17842401300015], [73.96748000000014, 35.17944000000011], [73.95973787900016, 35.18190189700016], [73.95675748600007, 35.18285038500011], [73.95526000000012, 35.18333], [73.94387, 35.19110000000012], [73.93707049800008, 35.19707519400015], [73.93549050900015, 35.19846334600004], [73.93027000000012, 35.20305000000013], [73.91554000000014, 35.20944], [73.9042718550001, 35.21118881600012], [73.90304421500014, 35.21137986100001], [73.90304030099998, 35.21137995300006], [73.90304, 35.21138000000013], [73.90260997900009, 35.21139009500018], [73.89288396600017, 35.21161931800003], [73.89109672800004, 35.21166144000017], [73.8853220200001, 35.21101968600016], [73.88234989600005, 35.21069031600007], [73.87360000000012, 35.20972000000012], [73.87052708800007, 35.20910329100013], [73.86781687800016, 35.20856172800018], [73.86534128200014, 35.20806704700004], [73.86249000000015, 35.2075], [73.85392587000013, 35.20768107400016], [73.84971762800006, 35.20777171300011], [73.84481519700012, 35.209403719000136], [73.83970518300004, 35.21110482900019], [73.83193882500018, 35.21610123000016], [73.8166329230001, 35.228810843000076], [73.81387189500009, 35.231103527000016], [73.81233880500008, 35.231936618000134], [73.80928514100003, 35.23360508700006], [73.80470000000014, 35.23611000000011], [73.79387, 35.23916], [73.78748505400006, 35.23985516800019], [73.7811, 35.240550000000155], [73.77554492400014, 35.239440128000126], [73.76999, 35.23833000000013], [73.76471, 35.23666000000014], [73.75694000000016, 35.23277000000019], [73.75438808900014, 35.230721110000104], [73.7527756770001, 35.229430420000085], [73.75108411600007, 35.22850619999997], [73.74639836900002, 35.22594604100016], [73.74629354600017, 35.22588877100003], [73.74109, 35.223050000000114], [73.73313070000017, 35.220530184000154], [73.73054398800019, 35.219712651000066], [73.727972132, 35.22081240100016], [73.72665130100006, 35.22137944200006], [73.72360272400016, 35.22499063099997], [73.72327573100017, 35.22564173500001], [73.72137300700012, 35.229430420000085], [73.71998475400011, 35.23832636999998], [73.71774067800004, 35.24413755600017], [73.71666000000016, 35.24694], [73.71515673300007, 35.252950094000084], [73.71249342800007, 35.263609596000094], [73.71128201000016, 35.26663476700003], [73.70949389000003, 35.271100086000104], [73.70649721800004, 35.278590084000086], [73.70385164200019, 35.28519003000008], [73.70349441200011, 35.28608211300008], [73.7030553510001, 35.28717854600012], [73.70248425600005, 35.288604694000185], [73.70220246900004, 35.289642845000174], [73.70004223600012, 35.297601494000105], [73.69887000000011, 35.30193000000014], [73.69825311100016, 35.30744344900006], [73.69775306500014, 35.311936508000144], [73.69914131799999, 35.33277012200011], [73.69786253600006, 35.35256315800018], [73.69765640500015, 35.35575366], [73.69720300200004, 35.36277144200017], [73.69815234500015, 35.36956148600012], [73.69830989200011, 35.37068501000016], [73.69942000000015, 35.37860000000012], [73.69942000000015, 35.38388], [73.70067491600008, 35.389295009000136], [73.70073435300009, 35.389551448000134], [73.70193419400016, 35.39471435200011], [73.70255745700013, 35.39658720800014], [73.70526076200008, 35.40471042700017], [73.70565379400006, 35.405549576000055], [73.70734488600004, 35.40915502000013], [73.70943, 35.4136], [73.7123870330002, 35.41610899800014], [73.71240373600011, 35.41612313100018], [73.71310788500017, 35.416792657000144], [73.71499490200006, 35.420547641000155], [73.72010009900015, 35.425662488000114], [73.72192306900018, 35.427488904000086], [73.72766248900007, 35.4302681530001], [73.72956844400011, 35.431191089000095], [73.73054000000019, 35.43166], [73.73139776700003, 35.43197166500016], [73.73987000000017, 35.43505], [73.74887000000018, 35.43832], [73.7608200000002, 35.4461], [73.76312018100003, 35.44860176200012], [73.76524311700018, 35.450908403000085], [73.76721154100011, 35.45304716100014], [73.76917173600003, 35.45589152399998], [73.77276455200013, 35.46110492100013], [73.77672210500009, 35.468488415000024], [73.77693225000019, 35.46888047600004], [73.77864634100018, 35.4705915990001], [73.78055, 35.47249], [73.7826271620001, 35.475846538000155], [73.78482232700009, 35.47938991500013], [73.78482670300014, 35.47939697900017], [73.78871000000015, 35.483440000000144], [73.78871931300012, 35.48345787500011], [73.78879281700017, 35.4835251880001], [73.79062205600007, 35.48711006000002], [73.79082000000011, 35.48749], [73.79489281000014, 35.4926768090001], [73.79896614300009, 35.49786347500009], [73.80138586100014, 35.50094407600017], [73.80304070400018, 35.50305020000019], [73.80677646700008, 35.504108999000096], [73.80678000000012, 35.50411], [73.80677646700008, 35.50411245000015], [73.80320707800007, 35.5065872080001], [73.80156875100016, 35.507723107000174], [73.79204745500016, 35.51432626400003], [73.78840026000012, 35.51685564700017], [73.78364355500008, 35.520154491000085], [73.78027224900006, 35.52249254100008], [73.77331461400018, 35.52249254100008], [73.77047595700003, 35.52121213200007], [73.76891776600019, 35.52050929200004], [73.76776000000012, 35.51999], [73.76112782000007, 35.52035300400007], [73.75813552100004, 35.52051774000017], [73.74748132600001, 35.52110428800006], [73.74334576100006, 35.521894228000065], [73.74165000000016, 35.522220000000175], [73.73139776700003, 35.526530598000136], [73.73109, 35.52666], [73.7310230720002, 35.52670334000004], [73.72637922900009, 35.52971538400004], [73.71970972300016, 35.53110363700006], [73.71388168000016, 35.53221031000004], [73.71337385700014, 35.53214946700007], [73.70694, 35.53138000000013], [73.70168, 35.53181000000018], [73.69720296600019, 35.53217907400011], [73.69331000000017, 35.5325], [73.68778000500009, 35.5325701270001], [73.68673037600001, 35.53258338900008], [73.68225434400006, 35.53264337799999], [73.6730362720001, 35.53276692100019], [73.66636362800011, 35.5336409840001], [73.66026369200006, 35.53444002700007], [73.65881963900006, 35.53478400400019], [73.65444000000014, 35.53583], [73.6524709970002, 35.5368887680001], [73.64927148100014, 35.53861581399997], [73.64615774900011, 35.540296555000054], [73.64414817300008, 35.54138129100011], [73.6324757180002, 35.54388276500015], [73.62809396300008, 35.54445009700015], [73.62617006400018, 35.54470016500005], [73.61986000000013, 35.545520000000124], [73.61811540800005, 35.545734808000134], [73.60785639900001, 35.54699798100012], [73.60225093200012, 35.548730005000095], [73.60210512600014, 35.548775137000064], [73.59637, 35.5505500000001], [73.58785699900011, 35.552123935000054], [73.57980723900005, 35.55361159600011], [73.57083267700017, 35.55526709000014], [73.56145381800019, 35.55437536800008], [73.55353127600011, 35.553622110000106], [73.55225000000019, 35.553500000000156], [73.55185870200012, 35.55346308500003], [73.54748452700017, 35.55304719800017], [73.54190315099999, 35.553167412000164], [73.54033570300015, 35.553201172000115], [73.5347200000001, 35.553320000000156], [73.53039736300013, 35.55430177500011], [73.52859577700013, 35.55471048200013], [73.52829473000014, 35.55482762700012], [73.52642000000014, 35.55555], [73.5186, 35.5586], [73.51857767200016, 35.55861451300012], [73.51481962000008, 35.56105463700004], [73.51388488100008, 35.561661568000034], [73.51213691000015, 35.562243676000094], [73.50539, 35.56449000000015], [73.4992151580002, 35.56654515800017], [73.49304000000012, 35.5686], [73.49303732400011, 35.56860031700012], [73.48725732300011, 35.5692855960001], [73.47886751500016, 35.57027593800012], [73.47583216400011, 35.56997007800004], [73.47331123000004, 35.569716054000025], [73.44300512100011, 35.57157479700004], [73.41442835900017, 35.5733274750001], [73.40748709500014, 35.574715728000115], [73.40138165899998, 35.57624331500017], [73.39534, 35.57775], [73.39526000000018, 35.5777700000001], [73.38557070700006, 35.58213941300005], [73.38108737400012, 35.58415846600019], [73.37849743000004, 35.58588611400012], [73.37797811200005, 35.58623253000019], [73.37606000000017, 35.58751], [73.37276000000014, 35.58971], [73.3636, 35.594150000000184], [73.35872, 35.59575], [73.35310512900008, 35.597590131000175], [73.3474900000001, 35.59943], [73.34029007300006, 35.600245215000086], [73.3330900000002, 35.60106000000013], [73.33307844200016, 35.601062270000114], [73.32777388400018, 35.60166223800019], [73.32678253200004, 35.601977307000084], [73.32413268900007, 35.60281947200019], [73.32413000000014, 35.60282], [73.32368382000016, 35.602962130000094], [73.32165444000009, 35.60360710100008], [73.29582115200014, 35.60749682800014], [73.29359666500005, 35.60908654900015], [73.29193142399998, 35.610276608000106], [73.28968848100016, 35.61078544100019], [73.28581000000014, 35.61166], [73.28110000000015, 35.613880000000165], [73.277884358, 35.61617806800007], [73.27720743200013, 35.61666126100016], [73.2555552730002, 35.628327168000055], [73.25109911300007, 35.631660284000134], [73.2489217420001, 35.632937890000164], [73.23866956900014, 35.63895350800016], [73.23648723200017, 35.64023365600019], [73.23027000000019, 35.64388], [73.22276000000016, 35.649990000000116], [73.22053, 35.65305000000018], [73.2193246000001, 35.65411430600011], [73.21723040200004, 35.655961079000065], [73.2154836740001, 35.65750143500014], [73.21360646600004, 35.65915685600004], [73.20853463400016, 35.662885515000085], [73.20039592400019, 35.668868850000024], [73.19887, 35.66999], [73.19643744900014, 35.671330495], [73.19335658500012, 35.673027267000066], [73.18525533300004, 35.67748899600002], [73.17376801900008, 35.68225813400011], [73.17157, 35.68317], [73.17133845300015, 35.683267029000035], [73.17052505400011, 35.6836055170001], [73.16137673100013, 35.68887987199997], [73.15721197200008, 35.69026812400011], [73.14988651000004, 35.69585239300005], [73.14893314300014, 35.6966354920001], [73.14637770700011, 35.69860091500004], [73.13610987600009, 35.70888511800018], [73.1328235110002, 35.71343472600006], [73.12608000000012, 35.722760000000164], [73.1252736890001, 35.724875106000184], [73.12469608100008, 35.72637906700004], [73.1216445440001, 35.73026879400004], [73.12104086000005, 35.73207700600011], [73.12103969400016, 35.73208049700014], [73.1172044220001, 35.738322803000074], [73.11720148000018, 35.738326553000036], [73.11720075900007, 35.73832876400013], [73.1172, 35.73833000000019], [73.11303218300009, 35.75110331000013], [73.11303, 35.75111000000015], [73.1116536670001, 35.75997637400013], [73.11164996400004, 35.75998970300009], [73.111648517, 35.75999491100015], [73.11164996400004, 35.76005194900006], [73.11172703400001, 35.763089906000175], [73.11192000000017, 35.77083], [73.1129431510002, 35.77796001700017], [73.11396648400006, 35.78509001700013], [73.11499, 35.7922200000001], [73.11566926300014, 35.795248038000125], [73.116478062, 35.798861527999975], [73.11747651200005, 35.80332232100005], [73.11803795600014, 35.804441912000016], [73.11841, 35.80519], [73.12012, 35.81072], [73.120340456, 35.812273944000026], [73.1205280480001, 35.81360652300009], [73.12089510800007, 35.814951642000096], [73.12262000000015, 35.82129000000015], [73.12373817000014, 35.82537024700014], [73.1243258180001, 35.82752372200008], [73.12469608100008, 35.82888057800005], [73.12523930400016, 35.83370010400006], [73.12502517700011, 35.8348696110001], [73.12497256100005, 35.835092981000116], [73.12436051500003, 35.83769127300013], [73.12435951200001, 35.837695530000076], [73.12414601800015, 35.83860162100018], [73.11804028000012, 35.84526969300015], [73.1152318180001, 35.84720843800005], [73.10637049000019, 35.85332561300004], [73.09248468800007, 35.86027669900017], [73.08483196800012, 35.862633876000075], [73.08166, 35.863610000000165], [73.07471, 35.864440000000116], [73.06915494200013, 35.86360512800013], [73.0636, 35.862770000000125], [73.05466953400008, 35.85876189200013], [73.03637832200013, 35.85054910800005], [73.03161275500008, 35.84879830000017], [73.02804553100015, 35.84748774800005], [73.02221748900007, 35.84638107500007], [73.01869547200005, 35.84451891500004], [73.01764000000014, 35.84396], [73.01749000000012, 35.84388000000018], [73.01008866600006, 35.841415582000025], [73.0083316570001, 35.840828058000056], [73.00189270600015, 35.8394362950001], [72.99803, 35.8386], [72.99662031200018, 35.838018685000065], [72.99511750800019, 35.837397735000025], [72.99331629300008, 35.83665348300008], [72.98166020900004, 35.835265231000164], [72.97637895500003, 35.83387697800015], [72.9623472610001, 35.83465779300013], [72.95870301100018, 35.83486058300008], [72.95637000000016, 35.83499], [72.94616, 35.83706], [72.93858000000012, 35.8386], [72.928865, 35.838600393000036], [72.91915, 35.8386], [72.91484586700017, 35.839167015000044], [72.89804090000018, 35.84137812700004], [72.8951362160002, 35.84137812700004], [72.89166279500012, 35.84137812700004], [72.84776257599998, 35.849717466000186], [72.84527286100013, 35.85042425600005], [72.84164173800019, 35.85145507400006], [72.83597985600011, 35.85306239300007], [72.83276706700013, 35.8539738020001], [72.82527, 35.85610000000014], [72.82418975900009, 35.85618711600006], [72.82216447400015, 35.85634614500003], [72.81109502300006, 35.857215340000096], [72.80697974000014, 35.856072655000105], [72.796096, 35.853050582000094], [72.78594027999998, 35.84850623900007], [72.77549828000002, 35.843833795000194], [72.7686987990001, 35.840791256000045], [72.76443000000012, 35.83888000000019], [72.75678420300017, 35.83680385700006], [72.75677099200004, 35.836797591000106], [72.75471362600018, 35.83582184100004], [72.73304837000012, 35.831938663000074], [72.73244885300016, 35.83179175000009], [72.71832437800009, 35.82833051500012], [72.7170315090001, 35.82790762500014], [72.69561419700011, 35.82090213900011], [72.68858000000017, 35.818600000000174], [72.68364634200015, 35.818134161000046], [72.67696476200013, 35.81749996400009], [72.67692563300017, 35.81749625000015], [72.67689837800015, 35.81749996400009], [72.67082256000009, 35.818327892000184], [72.64630817300014, 35.82750089800015], [72.63185964100012, 35.832907375000104], [72.62801078600006, 35.83434736500004], [72.61886, 35.83777], [72.61425883800018, 35.83860423700003], [72.59909968, 35.841350082000076], [72.58665318800013, 35.84360457000014], [72.58192323700018, 35.843979396000066], [72.58177036400008, 35.84399151000014], [72.57971, 35.84415000000013], [72.57500000000016, 35.84582000000012], [72.57188186500014, 35.84765264600003], [72.57026591200014, 35.84860097000018], [72.56569524000014, 35.85462053500004], [72.56498793300011, 35.855552056000136], [72.56498025400015, 35.855576613000096], [72.56317198200009, 35.860514587000125], [72.56109493100007, 35.86305320500003], [72.55970667900016, 35.86666135200005], [72.549719869, 35.880320831], [72.54915, 35.88110000000012], [72.54332030500007, 35.88526514300003], [72.53749, 35.88943000000012], [72.53052478400014, 35.892813352000076], [72.52941812600005, 35.89335028400012], [72.52923422600014, 35.89343950900013], [72.52832000000012, 35.89388], [72.52725, 35.89416000000011], [72.51666000000012, 35.89694], [72.51447129100012, 35.89881362500017], [72.51440802600013, 35.898867783000185], [72.51378536300007, 35.89940029500019], [72.51277129400006, 35.90026754600012], [72.51277142700019, 35.900268778], [72.51388451500009, 35.91054520100005], [72.51452699600003, 35.912020086000155], [72.51582221100017, 35.9149933920001], [72.519714707, 35.920965066], [72.52361000000019, 35.92694], [72.5242893680001, 35.92885502900015], [72.52499381100017, 35.93082547800003], [72.52829459400016, 35.93660427900005], [72.53498988600012, 35.94832597499999], [72.53596609000004, 35.95145489100008], [72.53637928200015, 35.952777702], [72.54095039000015, 35.96123490600007], [72.54553274900013, 35.96971292600006], [72.54752754200007, 35.97227734000012], [72.55136944700007, 35.97721514700004], [72.55721, 35.98472], [72.56456, 36.000000000000114], [72.56613215000004, 36.00496086100014], [72.56693934400005, 36.00750679700013], [72.56693934400005, 36.007507930000145], [72.5669400000001, 36.00751000000014], [72.5669400000001, 36.01222], [72.56554, 36.02167], [72.56386000000015, 36.025830000000155], [72.56342382900004, 36.026564450000194], [72.55940218000006, 36.03334008500008], [72.55502904200011, 36.03736038100004], [72.54581, 36.04584], [72.54187, 36.04865], [72.5380300000001, 36.05139], [72.52797727200004, 36.063154957000165], [72.52664072500005, 36.06471983600005], [72.52418358300014, 36.068621655000015], [72.52191280700015, 36.07222753300016], [72.5204994840002, 36.08001332800012], [72.51859000000013, 36.09055000000012], [72.51986991200016, 36.09595000900009], [72.52115, 36.10135], [72.52248, 36.10695], [72.52469987500018, 36.11139502200018], [72.52692000000013, 36.11584], [72.52750610900006, 36.11669069600009], [72.528670696, 36.118376059000184], [72.5399633670001, 36.13471855200015], [72.54225258900016, 36.140601545000095], [72.54385309400016, 36.14471462700004], [72.54412092100006, 36.1479858620001], [72.54469455900005, 36.15499228100009], [72.54278083300017, 36.163979354], [72.54191477900008, 36.16804644100017], [72.5415746700001, 36.1688096850001], [72.54078, 36.17061], [72.53969000000012, 36.17304], [72.53951000000018, 36.17431000000016], [72.53944966300008, 36.17473725000019], [72.53914, 36.17693], [72.53893000000016, 36.1806600000001], [72.53858000000014, 36.18693000000019], [72.53894997900011, 36.19147000200013], [72.53932, 36.196010000000115], [72.53942000000018, 36.19720000000012], [72.54005726500009, 36.20125392800003], [72.54025149500018, 36.20247772800019], [72.5423560540001, 36.20717421600011], [72.54274, 36.20803], [72.54358000000013, 36.21304000000015], [72.54720000000015, 36.22302], [72.5499848520002, 36.22718503400006], [72.55277, 36.23135], [72.55643799300003, 36.23600552900007], [72.55679979700017, 36.23646390000005], [72.56109493100007, 36.24190541600018], [72.56721437600004, 36.24829989200009], [72.57936269800012, 36.25625384300014], [72.58333000000016, 36.25885000000011], [72.5834543580001, 36.258903700000076], [72.5842077100001, 36.25922451200017], [72.58466972500003, 36.259421260000124], [72.59637423200013, 36.264405588000045], [72.60537070200019, 36.265805849000174], [72.61106465200004, 36.26669208700014], [72.61415, 36.267170000000135], [72.62257694500016, 36.26587726100007], [72.63100361099998, 36.26458392700016], [72.63943, 36.26329], [72.64485014400003, 36.261205123000025], [72.65027, 36.25912], [72.6614351230001, 36.259359742000186], [72.66331486300004, 36.25939936500015], [72.67690968400018, 36.26439616300007], [72.68197676300014, 36.269161149000126], [72.68636000000015, 36.27328000000017], [72.6894071530001, 36.27827533300018], [72.69273337900017, 36.281326556000124], [72.69318401400005, 36.28222329700003], [72.69320000000016, 36.28224], [72.69709000000012, 36.28762], [72.6970907490001, 36.28762114200015], [72.69709256000016, 36.28762295500019], [72.69830276100004, 36.28883425300006], [72.69968053400004, 36.291566720000105], [72.69992469400017, 36.2920509490001], [72.70026, 36.29271], [72.70274, 36.29566], [72.70294847100018, 36.295907962000115], [72.70913702600018, 36.30326029400004], [72.71803297600013, 36.30825669500018], [72.72172635400017, 36.309806845000026], [72.72247002700016, 36.3101189730001], [72.72664000000015, 36.31186], [72.73293982799999, 36.3139951660001], [72.7378356320001, 36.315654125000094], [72.73924472000016, 36.31613052900008], [72.74121197900013, 36.31679564700005], [72.74635, 36.31853000000012], [72.75470000000013, 36.32214], [72.75998, 36.32269], [72.76231, 36.324000000000126], [72.77266676000005, 36.329842757999984], [72.77330115100006, 36.330200256000126], [72.77704585999999, 36.33296975500019], [72.78079946800005, 36.33574523800007], [72.7883, 36.341290000000186], [72.794274724, 36.344900150000115], [72.80025, 36.34851], [72.80254497100015, 36.35028040600014], [72.80655487000018, 36.35337152200009], [72.80746267700005, 36.354071324000074], [72.80765838500008, 36.354168126000104], [72.80838767600011, 36.354527525000094], [72.8288574550001, 36.36461517200013], [72.83802843600017, 36.36821677200004], [72.84663298400017, 36.3726565610001], [72.85080101600005, 36.375708098000075], [72.85269881900012, 36.378025703000105], [72.85330249000009, 36.37876290900016], [72.85580396500018, 36.383765857000014], [72.86163200700014, 36.41041441600004], [72.86297295100007, 36.42343594900018], [72.86386172400012, 36.432066576000125], [72.8669132610001, 36.44234423000012], [72.86730060100018, 36.4431212020001], [72.86913, 36.44678000000016], [72.87108932300015, 36.44874568400007], [72.87220922500006, 36.44986498700007], [72.8752427770001, 36.45289691500011], [72.88386697000016, 36.45788676700016], [72.88830643300003, 36.45899990700002], [72.89082944500007, 36.46008982500018], [72.89083, 36.46009], [72.89887464100013, 36.46356527200004], [72.90692000000013, 36.46704000000011], [72.90991004400007, 36.46774724700009], [72.91119235500003, 36.46805001500013], [72.91122895500007, 36.46805865700014], [72.91164, 36.46815000000015], [72.91543097599998, 36.46863456100016], [72.91695952300012, 36.46882784500019], [72.92913907100012, 36.47036794500008], [72.939291916, 36.469930434], [72.94636008300017, 36.469623955000145], [72.95497000000012, 36.46925], [72.95970000000017, 36.47119000000015], [72.96303000000017, 36.473680000000115], [72.96526000000011, 36.47868000000011], [72.96544506900005, 36.48573318400014], [72.96553159300015, 36.48896856700003], [72.96414364200012, 36.498402706000036], [72.96566542800008, 36.49953368400014], [72.96928396200019, 36.50221753500006], [72.9716346670001, 36.503961042000185], [72.97966206000018, 36.50633019700018], [72.99134851000008, 36.509779262], [72.991349974, 36.50977999200006], [72.99134999900014, 36.50978000200007], [73.00277704100006, 36.515480264000075], [73.00859, 36.51838], [73.02081, 36.52587000000017], [73.02081059000011, 36.52587046700012], [73.02081286499998, 36.525871862000145], [73.02445172600011, 36.52875509000012], [73.03552376100004, 36.53752794600018], [73.03822135500013, 36.54050229800009], [73.0382224830002, 36.540504676000126], [73.03830000000016, 36.54059], [73.04249169900015, 36.549502081000185], [73.04274005600018, 36.55002549500011], [73.04747058200007, 36.564740871000026], [73.05025000000018, 36.568900000000156], [73.0529800000001, 36.5775900000001], [73.05632656100016, 36.58275383300003], [73.05635082600014, 36.582786950000184], [73.05830223800012, 36.58722674], [73.05897105500009, 36.58789951900019], [73.06455949600019, 36.59347516800011], [73.0708200000002, 36.59972], [73.07282090500013, 36.60475395200018], [73.07302950400009, 36.605277300000125], [73.07302930300011, 36.60527824600007], [73.07303000000013, 36.60528], [73.07196124000012, 36.61029360800006], [73.0702529990001, 36.618315088000145], [73.07025000100003, 36.61831998800017], [73.06615016600017, 36.625014890000045], [73.05885230000013, 36.636932082000044], [73.05746404800004, 36.641096840000046], [73.05532621900016, 36.645180966000055], [73.054720186, 36.64634003400005], [73.05198000000013, 36.65158], [73.0514645720001, 36.65256097600019], [73.05135953100006, 36.652762197000015], [73.05127604700004, 36.653109135000136], [73.04802, 36.66665], [73.04778653099999, 36.668525531000114], [73.04772066400017, 36.669059570000115], [73.04747124700003, 36.67108179000013], [73.04997263500007, 36.6819156790001], [73.05264503100017, 36.68565349700009], [73.05274967000003, 36.685799540000176], [73.05996552200008, 36.69079563400004], [73.06127452200019, 36.691152187000114], [73.06607187000009, 36.69245891800017], [73.06730587600009, 36.692400847000044], [73.07192, 36.69218000000018], [73.07927773000011, 36.69283978000004], [73.08441055700018, 36.69329710800008], [73.09498657100005, 36.69494161800003], [73.1058000000001, 36.69662], [73.10872480300003, 36.69773730600008], [73.1152500680002, 36.70022527500015], [73.11968985800019, 36.70272674900019], [73.14192154700015, 36.71882589700016], [73.1494138110001, 36.72086559200005], [73.1495597940002, 36.72090524600014], [73.15720000000016, 36.72298], [73.16076878900014, 36.72259573700012], [73.16527758800004, 36.72210567500008], [73.16996818200005, 36.7215958540001], [73.17238948600016, 36.72076803600015], [73.17282, 36.72062000000017], [73.19191, 36.71409], [73.19919, 36.71253000000013], [73.20004687900018, 36.712346522000075], [73.20358419799999, 36.71158668300018], [73.21653750000007, 36.71063736800005], [73.22070054400012, 36.710332269000105], [73.23026, 36.709630000000175], [73.23593329000016, 36.71017201300015], [73.24774307700005, 36.71129528100005], [73.2657531320001, 36.71578592600008], [73.26857117300011, 36.716488490000074], [73.26886000000013, 36.71656000000013], [73.26938011300007, 36.71661516300003], [73.27413952500007, 36.717116775000136], [73.28513637300006, 36.72060706800016], [73.30384944300016, 36.726546416000076], [73.31440867700019, 36.728766311000186], [73.31443026800014, 36.728775208000116], [73.32414, 36.73127000000011], [73.32414276500003, 36.731271053000114], [73.32414281700005, 36.73127105900011], [73.32414291000015, 36.731271108000044], [73.33358767700008, 36.734869115000095], [73.33358883000011, 36.734869384000035], [73.33358940800014, 36.73486977500016], [73.33359000000019, 36.73487], [73.33415102700013, 36.73524906799997], [73.34551994500004, 36.74292714400008], [73.35389485000013, 36.74571603900017], [73.35553, 36.74626000000012], [73.37137, 36.74932000000018], [73.3723308500002, 36.74919407700014], [73.3748793380002, 36.74885593200014], [73.3777608060002, 36.74847360600012], [73.38445147300018, 36.74916907900007], [73.38448000000017, 36.74917], [73.39205651200018, 36.74995714900007], [73.39963317900009, 36.75074381600007], [73.40721, 36.75153], [73.4127700000002, 36.75098], [73.42027845700017, 36.74880982100018], [73.42526262400014, 36.74736693300014], [73.426821706, 36.74646043500013], [73.43163000000015, 36.74366000000015], [73.43387000000018, 36.74236000000019], [73.43858000000017, 36.740700000000174], [73.44910549300005, 36.735355316000096], [73.45776000000012, 36.73096], [73.48303, 36.72653000000014], [73.49592, 36.72502], [73.50185137000017, 36.72432998200003], [73.504425772, 36.72402857100019], [73.52386458500018, 36.72319692900015], [73.55006814700005, 36.72860901900009], [73.550798956, 36.728759785000136], [73.55180975800016, 36.72878253500011], [73.55880522900014, 36.72893986300011], [73.56302000000011, 36.72903], [73.56858711900003, 36.727370858000086], [73.57914585700001, 36.71348570800018], [73.58209066200004, 36.7108949470001], [73.58609039500016, 36.70737608600018], [73.60314494800019, 36.706090362000054], [73.60748682200011, 36.70576303300004], [73.63386000000014, 36.70377], [73.66025000000019, 36.70265000000012], [73.66749, 36.7038], [73.67081000000013, 36.70433], [73.67247531200007, 36.705019460000074], [73.675521376, 36.70627596200012], [73.67599125200019, 36.70647750600011], [73.67941437700017, 36.70794579400007], [73.68302907300011, 36.71182897300014], [73.68820469100007, 36.7152281060001], [73.6910702180001, 36.71711006600003], [73.70108, 36.720160000000135], [73.70144646900002, 36.72019711100006], [73.70266466100014, 36.72031449400009], [73.70692404600004, 36.72072492200016], [73.72424037000013, 36.716358628000194], [73.72672730800002, 36.71573082500004], [73.73663000000016, 36.713230000000124], [73.74274000000014, 36.71434000000016], [73.74969476200005, 36.71697520400005], [73.75665000000015, 36.7196100000001], [73.76776000000012, 36.72129000000018], [73.7745650120001, 36.721150195000064], [73.77933739800005, 36.721051875000114], [73.78137099899999, 36.72100980400012], [73.78775510300011, 36.71976017100019], [73.7941400000002, 36.71851], [73.80783236100007, 36.71383566700007], [73.8125922050001, 36.712208464000184], [73.81526342100011, 36.71129528100005], [73.81599934399998, 36.710968365000156], [73.8248372320001, 36.70704234100003], [73.82527, 36.70685], [73.82527048700013, 36.706849878000185], [73.82527259300014, 36.70684894300018], [73.825845308, 36.70670644100011], [73.83064, 36.705510000000174], [73.830729636, 36.70549112900011], [73.83076475500019, 36.70548239100009], [73.83077055900014, 36.70548251400004], [73.83083000000016, 36.70547], [73.84305000000012, 36.70574], [73.84616, 36.70702], [73.84776000000011, 36.70769], [73.84791035500001, 36.70782156000013], [73.84792116100004, 36.70782647100009], [73.854704206, 36.71380002900014], [73.85804944300014, 36.72140528800014], [73.86005499900017, 36.725964835000184], [73.86081, 36.72768], [73.86249000000015, 36.73325000000017], [73.86303702000009, 36.74816872700006], [73.86304000000018, 36.74825], [73.86303702000009, 36.74826463699998], [73.8627, 36.74992], [73.8611, 36.7577], [73.85804023200018, 36.763530042000184], [73.85608044600002, 36.76726357200016], [73.85497923700012, 36.76936288100006], [73.85359103400015, 36.773812335000116], [73.85355612900014, 36.77384724100017], [73.84957000000014, 36.77823000000018], [73.84671519300008, 36.78224554700017], [73.84027161600011, 36.79131299100004], [73.8395207980002, 36.79189049100006], [73.83749410700005, 36.79344934300008], [73.83305000000018, 36.79687], [73.82644799800016, 36.80006660700013], [73.82388434000012, 36.80130906600016], [73.82388000100019, 36.80131000400007], [73.81749, 36.80270000000013], [73.8083800930001, 36.802950781], [73.7974846190001, 36.80325392900005], [73.79054335500007, 36.80908197100018], [73.78830054100013, 36.81825295200019], [73.78636222600005, 36.82241771100007], [73.78502524400011, 36.82487849500012], [73.7847, 36.82548], [73.78197000000011, 36.82782], [73.78081, 36.82881], [73.78080795100016, 36.828810465], [73.78080609000006, 36.82881205900014], [73.77468977000007, 36.83020043900012], [73.74691816700005, 36.8332519760001], [73.74515475900017, 36.83325], [73.74107000000015, 36.83325], [73.7377543240001, 36.83390931300005], [73.73413249000009, 36.834633680000024], [73.71895768500013, 36.838561029000175], [73.71052564500002, 36.840743302000135], [73.7066144210001, 36.84243012400009], [73.70251916900014, 36.844196314000044], [73.69635000000017, 36.84686000000016], [73.69173846000018, 36.85045711100014], [73.68794168600004, 36.85342071300005], [73.6849697040002, 36.85574051700013], [73.68274, 36.85964000000013], [73.67759920800017, 36.865016377000074], [73.67663459700003, 36.866026527000145], [73.67241510000008, 36.87305418700004], [73.67049162400008, 36.87625777500011], [73.66997, 36.87713], [73.66859232600012, 36.881263021000166], [73.66857961700003, 36.8813012010001], [73.66367715000007, 36.88742856300013], [73.66302, 36.88825000000014], [73.6551586920001, 36.89329095100004], [73.64729635100014, 36.898331377000034], [73.63956809400008, 36.90328467600011], [73.63943297500003, 36.90337127800018], [73.63925451800009, 36.90346065900002], [73.6369830000001, 36.902685], [73.63508800000017, 36.902023], [73.63424700000019, 36.901603], [73.633607, 36.901111], [73.63280400000019, 36.900272], [73.632412, 36.899794000000156], [73.63188900000011, 36.89947000000018], [73.624693, 36.897522], [73.624075, 36.8974960000001], [73.621334, 36.899558000000184], [73.620301, 36.901047]]]}}]}